,date,pred_net_weight,rm_id,cum_weight
0,2025-01-01,0.0,365.0,0.0
1,2025-01-02,0.0,365.0,0.0
2,2025-01-03,0.0,365.0,0.0
3,2025-01-04,0.0,365.0,0.0
4,2025-01-05,0.0,365.0,0.0
5,2025-01-06,0.0,365.0,0.0
6,2025-01-07,0.0,365.0,0.0
7,2025-01-08,0.0,365.0,0.0
8,2025-01-09,0.0,365.0,0.0
9,2025-01-10,0.0,365.0,0.0
10,2025-01-11,0.0,365.0,0.0
11,2025-01-12,0.0,365.0,0.0
12,2025-01-13,0.0,365.0,0.0
13,2025-01-14,0.0,365.0,0.0
14,2025-01-15,0.0,365.0,0.0
15,2025-01-16,0.0,365.0,0.0
16,2025-01-17,0.0,365.0,0.0
17,2025-01-18,0.0,365.0,0.0
18,2025-01-19,0.0,365.0,0.0
19,2025-01-20,0.0,365.0,0.0
20,2025-01-21,0.0,365.0,0.0
21,2025-01-22,0.0,365.0,0.0
22,2025-01-23,0.0,365.0,0.0
23,2025-01-24,0.0,365.0,0.0
24,2025-01-25,0.0,365.0,0.0
25,2025-01-26,0.0,365.0,0.0
26,2025-01-27,0.0,365.0,0.0
27,2025-01-28,0.0,365.0,0.0
28,2025-01-29,0.0,365.0,0.0
29,2025-01-30,0.0,365.0,0.0
30,2025-01-31,0.0,365.0,0.0
31,2025-02-01,0.0,365.0,0.0
32,2025-02-02,0.0,365.0,0.0
33,2025-02-03,0.0,365.0,0.0
34,2025-02-04,0.0,365.0,0.0
35,2025-02-05,0.0,365.0,0.0
36,2025-02-06,0.0,365.0,0.0
37,2025-02-07,0.0,365.0,0.0
38,2025-02-08,0.0,365.0,0.0
39,2025-02-09,0.0,365.0,0.0
40,2025-02-10,0.0,365.0,0.0
41,2025-02-11,0.0,365.0,0.0
42,2025-02-12,0.0,365.0,0.0
43,2025-02-13,0.0,365.0,0.0
44,2025-02-14,0.0,365.0,0.0
45,2025-02-15,0.0,365.0,0.0
46,2025-02-16,0.0,365.0,0.0
47,2025-02-17,0.0,365.0,0.0
48,2025-02-18,0.0,365.0,0.0
49,2025-02-19,0.0,365.0,0.0
50,2025-02-20,0.0,365.0,0.0
51,2025-02-21,0.0,365.0,0.0
52,2025-02-22,0.0,365.0,0.0
53,2025-02-23,0.0,365.0,0.0
54,2025-02-24,0.0,365.0,0.0
55,2025-02-25,0.0,365.0,0.0
56,2025-02-26,0.0,365.0,0.0
57,2025-02-27,0.0,365.0,0.0
58,2025-02-28,0.0,365.0,0.0
59,2025-03-01,0.0,365.0,0.0
60,2025-03-02,0.0,365.0,0.0
61,2025-03-03,0.0,365.0,0.0
62,2025-03-04,0.0,365.0,0.0
63,2025-03-05,0.0,365.0,0.0
64,2025-03-06,0.0,365.0,0.0
65,2025-03-07,0.0,365.0,0.0
66,2025-03-08,0.0,365.0,0.0
67,2025-03-09,0.0,365.0,0.0
68,2025-03-10,0.0,365.0,0.0
69,2025-03-11,0.0,365.0,0.0
70,2025-03-12,0.0,365.0,0.0
71,2025-03-13,0.0,365.0,0.0
72,2025-03-14,0.0,365.0,0.0
73,2025-03-15,0.0,365.0,0.0
74,2025-03-16,0.0,365.0,0.0
75,2025-03-17,0.0,365.0,0.0
76,2025-03-18,0.0,365.0,0.0
77,2025-03-19,0.0,365.0,0.0
78,2025-03-20,0.0,365.0,0.0
79,2025-03-21,0.0,365.0,0.0
80,2025-03-22,0.0,365.0,0.0
81,2025-03-23,0.0,365.0,0.0
82,2025-03-24,0.0,365.0,0.0
83,2025-03-25,0.0,365.0,0.0
84,2025-03-26,0.0,365.0,0.0
85,2025-03-27,0.0,365.0,0.0
86,2025-03-28,0.0,365.0,0.0
87,2025-03-29,0.0,365.0,0.0
88,2025-03-30,0.0,365.0,0.0
89,2025-03-31,0.0,365.0,0.0
90,2025-04-01,0.0,365.0,0.0
91,2025-04-02,0.0,365.0,0.0
92,2025-04-03,0.0,365.0,0.0
93,2025-04-04,0.0,365.0,0.0
94,2025-04-05,0.0,365.0,0.0
95,2025-04-06,0.0,365.0,0.0
96,2025-04-07,0.0,365.0,0.0
97,2025-04-08,0.0,365.0,0.0
98,2025-04-09,0.0,365.0,0.0
99,2025-04-10,0.0,365.0,0.0
100,2025-04-11,0.0,365.0,0.0
101,2025-04-12,0.0,365.0,0.0
102,2025-04-13,0.0,365.0,0.0
103,2025-04-14,0.0,365.0,0.0
104,2025-04-15,0.0,365.0,0.0
105,2025-04-16,0.0,365.0,0.0
106,2025-04-17,0.0,365.0,0.0
107,2025-04-18,0.0,365.0,0.0
108,2025-04-19,0.0,365.0,0.0
109,2025-04-20,0.0,365.0,0.0
110,2025-04-21,0.0,365.0,0.0
111,2025-04-22,0.0,365.0,0.0
112,2025-04-23,0.0,365.0,0.0
113,2025-04-24,0.0,365.0,0.0
114,2025-04-25,0.0,365.0,0.0
115,2025-04-26,0.0,365.0,0.0
116,2025-04-27,0.0,365.0,0.0
117,2025-04-28,0.0,365.0,0.0
118,2025-04-29,0.0,365.0,0.0
119,2025-04-30,0.0,365.0,0.0
120,2025-05-01,0.0,365.0,0.0
121,2025-05-02,0.0,365.0,0.0
122,2025-05-03,0.0,365.0,0.0
123,2025-05-04,0.0,365.0,0.0
124,2025-05-05,0.0,365.0,0.0
125,2025-05-06,0.0,365.0,0.0
126,2025-05-07,0.0,365.0,0.0
127,2025-05-08,0.0,365.0,0.0
128,2025-05-09,0.0,365.0,0.0
129,2025-05-10,0.0,365.0,0.0
130,2025-05-11,0.0,365.0,0.0
131,2025-05-12,0.0,365.0,0.0
132,2025-05-13,0.0,365.0,0.0
133,2025-05-14,0.0,365.0,0.0
134,2025-05-15,0.0,365.0,0.0
135,2025-05-16,0.0,365.0,0.0
136,2025-05-17,0.0,365.0,0.0
137,2025-05-18,0.0,365.0,0.0
138,2025-05-19,0.0,365.0,0.0
139,2025-05-20,0.0,365.0,0.0
140,2025-05-21,0.0,365.0,0.0
141,2025-05-22,0.0,365.0,0.0
142,2025-05-23,0.0,365.0,0.0
143,2025-05-24,0.0,365.0,0.0
144,2025-05-25,0.0,365.0,0.0
145,2025-05-26,0.0,365.0,0.0
146,2025-05-27,0.0,365.0,0.0
147,2025-05-28,0.0,365.0,0.0
148,2025-05-29,0.0,365.0,0.0
149,2025-05-30,0.0,365.0,0.0
150,2025-05-31,0.0,365.0,0.0
151,2025-01-01,0.0,379.0,0.0
152,2025-01-02,0.0,379.0,0.0
153,2025-01-03,0.0,379.0,0.0
154,2025-01-04,0.0,379.0,0.0
155,2025-01-05,0.0,379.0,0.0
156,2025-01-06,0.0,379.0,0.0
157,2025-01-07,0.0,379.0,0.0
158,2025-01-08,0.0,379.0,0.0
159,2025-01-09,0.0,379.0,0.0
160,2025-01-10,0.0,379.0,0.0
161,2025-01-11,0.0,379.0,0.0
162,2025-01-12,0.0,379.0,0.0
163,2025-01-13,0.0,379.0,0.0
164,2025-01-14,0.0,379.0,0.0
165,2025-01-15,0.0,379.0,0.0
166,2025-01-16,0.0,379.0,0.0
167,2025-01-17,0.0,379.0,0.0
168,2025-01-18,0.0,379.0,0.0
169,2025-01-19,0.0,379.0,0.0
170,2025-01-20,0.0,379.0,0.0
171,2025-01-21,0.0,379.0,0.0
172,2025-01-22,0.0,379.0,0.0
173,2025-01-23,0.0,379.0,0.0
174,2025-01-24,0.0,379.0,0.0
175,2025-01-25,0.0,379.0,0.0
176,2025-01-26,0.0,379.0,0.0
177,2025-01-27,0.0,379.0,0.0
178,2025-01-28,0.0,379.0,0.0
179,2025-01-29,0.0,379.0,0.0
180,2025-01-30,0.0,379.0,0.0
181,2025-01-31,0.0,379.0,0.0
182,2025-02-01,0.0,379.0,0.0
183,2025-02-02,0.0,379.0,0.0
184,2025-02-03,0.0,379.0,0.0
185,2025-02-04,0.0,379.0,0.0
186,2025-02-05,0.0,379.0,0.0
187,2025-02-06,0.0,379.0,0.0
188,2025-02-07,0.0,379.0,0.0
189,2025-02-08,0.0,379.0,0.0
190,2025-02-09,0.0,379.0,0.0
191,2025-02-10,0.0,379.0,0.0
192,2025-02-11,0.0,379.0,0.0
193,2025-02-12,0.0,379.0,0.0
194,2025-02-13,0.0,379.0,0.0
195,2025-02-14,0.0,379.0,0.0
196,2025-02-15,0.0,379.0,0.0
197,2025-02-16,0.0,379.0,0.0
198,2025-02-17,0.0,379.0,0.0
199,2025-02-18,0.0,379.0,0.0
200,2025-02-19,0.0,379.0,0.0
201,2025-02-20,0.0,379.0,0.0
202,2025-02-21,0.0,379.0,0.0
203,2025-02-22,0.0,379.0,0.0
204,2025-02-23,0.0,379.0,0.0
205,2025-02-24,0.0,379.0,0.0
206,2025-02-25,0.0,379.0,0.0
207,2025-02-26,0.0,379.0,0.0
208,2025-02-27,0.0,379.0,0.0
209,2025-02-28,0.0,379.0,0.0
210,2025-03-01,0.0,379.0,0.0
211,2025-03-02,0.0,379.0,0.0
212,2025-03-03,0.0,379.0,0.0
213,2025-03-04,0.0,379.0,0.0
214,2025-03-05,0.0,379.0,0.0
215,2025-03-06,0.0,379.0,0.0
216,2025-03-07,0.0,379.0,0.0
217,2025-03-08,0.0,379.0,0.0
218,2025-03-09,0.0,379.0,0.0
219,2025-03-10,0.0,379.0,0.0
220,2025-03-11,0.0,379.0,0.0
221,2025-03-12,0.0,379.0,0.0
222,2025-03-13,0.0,379.0,0.0
223,2025-03-14,0.0,379.0,0.0
224,2025-03-15,0.0,379.0,0.0
225,2025-03-16,0.0,379.0,0.0
226,2025-03-17,0.0,379.0,0.0
227,2025-03-18,0.0,379.0,0.0
228,2025-03-19,0.0,379.0,0.0
229,2025-03-20,0.0,379.0,0.0
230,2025-03-21,0.0,379.0,0.0
231,2025-03-22,0.0,379.0,0.0
232,2025-03-23,0.0,379.0,0.0
233,2025-03-24,0.0,379.0,0.0
234,2025-03-25,0.0,379.0,0.0
235,2025-03-26,0.0,379.0,0.0
236,2025-03-27,0.0,379.0,0.0
237,2025-03-28,0.0,379.0,0.0
238,2025-03-29,0.0,379.0,0.0
239,2025-03-30,0.0,379.0,0.0
240,2025-03-31,0.0,379.0,0.0
241,2025-04-01,0.0,379.0,0.0
242,2025-04-02,0.0,379.0,0.0
243,2025-04-03,0.0,379.0,0.0
244,2025-04-04,0.0,379.0,0.0
245,2025-04-05,0.0,379.0,0.0
246,2025-04-06,0.0,379.0,0.0
247,2025-04-07,0.0,379.0,0.0
248,2025-04-08,0.0,379.0,0.0
249,2025-04-09,0.0,379.0,0.0
250,2025-04-10,0.0,379.0,0.0
251,2025-04-11,0.0,379.0,0.0
252,2025-04-12,0.0,379.0,0.0
253,2025-04-13,0.0,379.0,0.0
254,2025-04-14,0.0,379.0,0.0
255,2025-04-15,0.0,379.0,0.0
256,2025-04-16,0.0,379.0,0.0
257,2025-04-17,0.0,379.0,0.0
258,2025-04-18,0.0,379.0,0.0
259,2025-04-19,0.0,379.0,0.0
260,2025-04-20,0.0,379.0,0.0
261,2025-04-21,0.0,379.0,0.0
262,2025-04-22,0.0,379.0,0.0
263,2025-04-23,0.0,379.0,0.0
264,2025-04-24,0.0,379.0,0.0
265,2025-04-25,0.0,379.0,0.0
266,2025-04-26,0.0,379.0,0.0
267,2025-04-27,0.0,379.0,0.0
268,2025-04-28,0.0,379.0,0.0
269,2025-04-29,0.0,379.0,0.0
270,2025-04-30,0.0,379.0,0.0
271,2025-05-01,0.0,379.0,0.0
272,2025-05-02,0.0,379.0,0.0
273,2025-05-03,0.0,379.0,0.0
274,2025-05-04,0.0,379.0,0.0
275,2025-05-05,0.0,379.0,0.0
276,2025-05-06,0.0,379.0,0.0
277,2025-05-07,0.0,379.0,0.0
278,2025-05-08,0.0,379.0,0.0
279,2025-05-09,0.0,379.0,0.0
280,2025-05-10,0.0,379.0,0.0
281,2025-05-11,0.0,379.0,0.0
282,2025-05-12,0.0,379.0,0.0
283,2025-05-13,0.0,379.0,0.0
284,2025-05-14,0.0,379.0,0.0
285,2025-05-15,0.0,379.0,0.0
286,2025-05-16,0.0,379.0,0.0
287,2025-05-17,0.0,379.0,0.0
288,2025-05-18,0.0,379.0,0.0
289,2025-05-19,0.0,379.0,0.0
290,2025-05-20,0.0,379.0,0.0
291,2025-05-21,0.0,379.0,0.0
292,2025-05-22,0.0,379.0,0.0
293,2025-05-23,0.0,379.0,0.0
294,2025-05-24,0.0,379.0,0.0
295,2025-05-25,0.0,379.0,0.0
296,2025-05-26,0.0,379.0,0.0
297,2025-05-27,0.0,379.0,0.0
298,2025-05-28,0.0,379.0,0.0
299,2025-05-29,0.0,379.0,0.0
300,2025-05-30,0.0,379.0,0.0
301,2025-05-31,0.0,379.0,0.0
302,2025-01-01,0.0,389.0,0.0
303,2025-01-02,0.0,389.0,0.0
304,2025-01-03,0.0,389.0,0.0
305,2025-01-04,0.0,389.0,0.0
306,2025-01-05,0.0,389.0,0.0
307,2025-01-06,0.0,389.0,0.0
308,2025-01-07,0.0,389.0,0.0
309,2025-01-08,0.0,389.0,0.0
310,2025-01-09,0.0,389.0,0.0
311,2025-01-10,0.0,389.0,0.0
312,2025-01-11,0.0,389.0,0.0
313,2025-01-12,0.0,389.0,0.0
314,2025-01-13,0.0,389.0,0.0
315,2025-01-14,0.0,389.0,0.0
316,2025-01-15,0.0,389.0,0.0
317,2025-01-16,0.0,389.0,0.0
318,2025-01-17,0.0,389.0,0.0
319,2025-01-18,0.0,389.0,0.0
320,2025-01-19,0.0,389.0,0.0
321,2025-01-20,0.0,389.0,0.0
322,2025-01-21,0.0,389.0,0.0
323,2025-01-22,0.0,389.0,0.0
324,2025-01-23,0.0,389.0,0.0
325,2025-01-24,0.0,389.0,0.0
326,2025-01-25,0.0,389.0,0.0
327,2025-01-26,0.0,389.0,0.0
328,2025-01-27,0.0,389.0,0.0
329,2025-01-28,0.0,389.0,0.0
330,2025-01-29,0.0,389.0,0.0
331,2025-01-30,0.0,389.0,0.0
332,2025-01-31,0.0,389.0,0.0
333,2025-02-01,0.0,389.0,0.0
334,2025-02-02,0.0,389.0,0.0
335,2025-02-03,0.0,389.0,0.0
336,2025-02-04,0.0,389.0,0.0
337,2025-02-05,0.0,389.0,0.0
338,2025-02-06,0.0,389.0,0.0
339,2025-02-07,0.0,389.0,0.0
340,2025-02-08,0.0,389.0,0.0
341,2025-02-09,0.0,389.0,0.0
342,2025-02-10,0.0,389.0,0.0
343,2025-02-11,0.0,389.0,0.0
344,2025-02-12,0.0,389.0,0.0
345,2025-02-13,0.0,389.0,0.0
346,2025-02-14,0.0,389.0,0.0
347,2025-02-15,0.0,389.0,0.0
348,2025-02-16,0.0,389.0,0.0
349,2025-02-17,0.0,389.0,0.0
350,2025-02-18,0.0,389.0,0.0
351,2025-02-19,0.0,389.0,0.0
352,2025-02-20,0.0,389.0,0.0
353,2025-02-21,0.0,389.0,0.0
354,2025-02-22,0.0,389.0,0.0
355,2025-02-23,0.0,389.0,0.0
356,2025-02-24,0.0,389.0,0.0
357,2025-02-25,0.0,389.0,0.0
358,2025-02-26,0.0,389.0,0.0
359,2025-02-27,0.0,389.0,0.0
360,2025-02-28,0.0,389.0,0.0
361,2025-03-01,0.0,389.0,0.0
362,2025-03-02,0.0,389.0,0.0
363,2025-03-03,0.0,389.0,0.0
364,2025-03-04,0.0,389.0,0.0
365,2025-03-05,0.0,389.0,0.0
366,2025-03-06,0.0,389.0,0.0
367,2025-03-07,0.0,389.0,0.0
368,2025-03-08,0.0,389.0,0.0
369,2025-03-09,0.0,389.0,0.0
370,2025-03-10,0.0,389.0,0.0
371,2025-03-11,0.0,389.0,0.0
372,2025-03-12,0.0,389.0,0.0
373,2025-03-13,0.0,389.0,0.0
374,2025-03-14,0.0,389.0,0.0
375,2025-03-15,0.0,389.0,0.0
376,2025-03-16,0.0,389.0,0.0
377,2025-03-17,0.0,389.0,0.0
378,2025-03-18,0.0,389.0,0.0
379,2025-03-19,0.0,389.0,0.0
380,2025-03-20,0.0,389.0,0.0
381,2025-03-21,0.0,389.0,0.0
382,2025-03-22,0.0,389.0,0.0
383,2025-03-23,0.0,389.0,0.0
384,2025-03-24,0.0,389.0,0.0
385,2025-03-25,0.0,389.0,0.0
386,2025-03-26,0.0,389.0,0.0
387,2025-03-27,0.0,389.0,0.0
388,2025-03-28,0.0,389.0,0.0
389,2025-03-29,0.0,389.0,0.0
390,2025-03-30,0.0,389.0,0.0
391,2025-03-31,0.0,389.0,0.0
392,2025-04-01,0.0,389.0,0.0
393,2025-04-02,0.0,389.0,0.0
394,2025-04-03,0.0,389.0,0.0
395,2025-04-04,0.0,389.0,0.0
396,2025-04-05,0.0,389.0,0.0
397,2025-04-06,0.0,389.0,0.0
398,2025-04-07,0.0,389.0,0.0
399,2025-04-08,0.0,389.0,0.0
400,2025-04-09,0.0,389.0,0.0
401,2025-04-10,0.0,389.0,0.0
402,2025-04-11,0.0,389.0,0.0
403,2025-04-12,0.0,389.0,0.0
404,2025-04-13,0.0,389.0,0.0
405,2025-04-14,0.0,389.0,0.0
406,2025-04-15,0.0,389.0,0.0
407,2025-04-16,0.0,389.0,0.0
408,2025-04-17,0.0,389.0,0.0
409,2025-04-18,0.0,389.0,0.0
410,2025-04-19,0.0,389.0,0.0
411,2025-04-20,0.0,389.0,0.0
412,2025-04-21,0.0,389.0,0.0
413,2025-04-22,0.0,389.0,0.0
414,2025-04-23,0.0,389.0,0.0
415,2025-04-24,0.0,389.0,0.0
416,2025-04-25,0.0,389.0,0.0
417,2025-04-26,0.0,389.0,0.0
418,2025-04-27,0.0,389.0,0.0
419,2025-04-28,0.0,389.0,0.0
420,2025-04-29,0.0,389.0,0.0
421,2025-04-30,0.0,389.0,0.0
422,2025-05-01,0.0,389.0,0.0
423,2025-05-02,0.0,389.0,0.0
424,2025-05-03,0.0,389.0,0.0
425,2025-05-04,0.0,389.0,0.0
426,2025-05-05,0.0,389.0,0.0
427,2025-05-06,0.0,389.0,0.0
428,2025-05-07,0.0,389.0,0.0
429,2025-05-08,0.0,389.0,0.0
430,2025-05-09,0.0,389.0,0.0
431,2025-05-10,0.0,389.0,0.0
432,2025-05-11,0.0,389.0,0.0
433,2025-05-12,0.0,389.0,0.0
434,2025-05-13,0.0,389.0,0.0
435,2025-05-14,0.0,389.0,0.0
436,2025-05-15,0.0,389.0,0.0
437,2025-05-16,0.0,389.0,0.0
438,2025-05-17,0.0,389.0,0.0
439,2025-05-18,0.0,389.0,0.0
440,2025-05-19,0.0,389.0,0.0
441,2025-05-20,0.0,389.0,0.0
442,2025-05-21,0.0,389.0,0.0
443,2025-05-22,0.0,389.0,0.0
444,2025-05-23,0.0,389.0,0.0
445,2025-05-24,0.0,389.0,0.0
446,2025-05-25,0.0,389.0,0.0
447,2025-05-26,0.0,389.0,0.0
448,2025-05-27,0.0,389.0,0.0
449,2025-05-28,0.0,389.0,0.0
450,2025-05-29,0.0,389.0,0.0
451,2025-05-30,0.0,389.0,0.0
452,2025-05-31,0.0,389.0,0.0
453,2025-01-01,0.0,369.0,0.0
454,2025-01-02,0.0,369.0,0.0
455,2025-01-03,0.0,369.0,0.0
456,2025-01-04,0.0,369.0,0.0
457,2025-01-05,0.0,369.0,0.0
458,2025-01-06,0.0,369.0,0.0
459,2025-01-07,0.0,369.0,0.0
460,2025-01-08,0.0,369.0,0.0
461,2025-01-09,0.0,369.0,0.0
462,2025-01-10,0.0,369.0,0.0
463,2025-01-11,0.0,369.0,0.0
464,2025-01-12,0.0,369.0,0.0
465,2025-01-13,0.0,369.0,0.0
466,2025-01-14,0.0,369.0,0.0
467,2025-01-15,0.0,369.0,0.0
468,2025-01-16,0.0,369.0,0.0
469,2025-01-17,0.0,369.0,0.0
470,2025-01-18,0.0,369.0,0.0
471,2025-01-19,0.0,369.0,0.0
472,2025-01-20,0.0,369.0,0.0
473,2025-01-21,0.0,369.0,0.0
474,2025-01-22,0.0,369.0,0.0
475,2025-01-23,0.0,369.0,0.0
476,2025-01-24,0.0,369.0,0.0
477,2025-01-25,0.0,369.0,0.0
478,2025-01-26,0.0,369.0,0.0
479,2025-01-27,0.0,369.0,0.0
480,2025-01-28,0.0,369.0,0.0
481,2025-01-29,0.0,369.0,0.0
482,2025-01-30,0.0,369.0,0.0
483,2025-01-31,0.0,369.0,0.0
484,2025-02-01,0.0,369.0,0.0
485,2025-02-02,0.0,369.0,0.0
486,2025-02-03,0.0,369.0,0.0
487,2025-02-04,0.0,369.0,0.0
488,2025-02-05,0.0,369.0,0.0
489,2025-02-06,0.0,369.0,0.0
490,2025-02-07,0.0,369.0,0.0
491,2025-02-08,0.0,369.0,0.0
492,2025-02-09,0.0,369.0,0.0
493,2025-02-10,0.0,369.0,0.0
494,2025-02-11,0.0,369.0,0.0
495,2025-02-12,0.0,369.0,0.0
496,2025-02-13,0.0,369.0,0.0
497,2025-02-14,0.0,369.0,0.0
498,2025-02-15,0.0,369.0,0.0
499,2025-02-16,0.0,369.0,0.0
500,2025-02-17,0.0,369.0,0.0
501,2025-02-18,0.0,369.0,0.0
502,2025-02-19,0.0,369.0,0.0
503,2025-02-20,0.0,369.0,0.0
504,2025-02-21,0.0,369.0,0.0
505,2025-02-22,0.0,369.0,0.0
506,2025-02-23,0.0,369.0,0.0
507,2025-02-24,0.0,369.0,0.0
508,2025-02-25,0.0,369.0,0.0
509,2025-02-26,0.0,369.0,0.0
510,2025-02-27,0.0,369.0,0.0
511,2025-02-28,0.0,369.0,0.0
512,2025-03-01,0.0,369.0,0.0
513,2025-03-02,0.0,369.0,0.0
514,2025-03-03,0.0,369.0,0.0
515,2025-03-04,0.0,369.0,0.0
516,2025-03-05,0.0,369.0,0.0
517,2025-03-06,0.0,369.0,0.0
518,2025-03-07,0.0,369.0,0.0
519,2025-03-08,0.0,369.0,0.0
520,2025-03-09,0.0,369.0,0.0
521,2025-03-10,0.0,369.0,0.0
522,2025-03-11,0.0,369.0,0.0
523,2025-03-12,0.0,369.0,0.0
524,2025-03-13,0.0,369.0,0.0
525,2025-03-14,0.0,369.0,0.0
526,2025-03-15,0.0,369.0,0.0
527,2025-03-16,0.0,369.0,0.0
528,2025-03-17,0.0,369.0,0.0
529,2025-03-18,0.0,369.0,0.0
530,2025-03-19,0.0,369.0,0.0
531,2025-03-20,0.0,369.0,0.0
532,2025-03-21,0.0,369.0,0.0
533,2025-03-22,0.0,369.0,0.0
534,2025-03-23,0.0,369.0,0.0
535,2025-03-24,0.0,369.0,0.0
536,2025-03-25,0.0,369.0,0.0
537,2025-03-26,0.0,369.0,0.0
538,2025-03-27,0.0,369.0,0.0
539,2025-03-28,0.0,369.0,0.0
540,2025-03-29,0.0,369.0,0.0
541,2025-03-30,0.0,369.0,0.0
542,2025-03-31,0.0,369.0,0.0
543,2025-04-01,0.0,369.0,0.0
544,2025-04-02,0.0,369.0,0.0
545,2025-04-03,0.0,369.0,0.0
546,2025-04-04,0.0,369.0,0.0
547,2025-04-05,0.0,369.0,0.0
548,2025-04-06,0.0,369.0,0.0
549,2025-04-07,0.0,369.0,0.0
550,2025-04-08,0.0,369.0,0.0
551,2025-04-09,0.0,369.0,0.0
552,2025-04-10,0.0,369.0,0.0
553,2025-04-11,0.0,369.0,0.0
554,2025-04-12,0.0,369.0,0.0
555,2025-04-13,0.0,369.0,0.0
556,2025-04-14,0.0,369.0,0.0
557,2025-04-15,0.0,369.0,0.0
558,2025-04-16,0.0,369.0,0.0
559,2025-04-17,0.0,369.0,0.0
560,2025-04-18,0.0,369.0,0.0
561,2025-04-19,0.0,369.0,0.0
562,2025-04-20,0.0,369.0,0.0
563,2025-04-21,0.0,369.0,0.0
564,2025-04-22,0.0,369.0,0.0
565,2025-04-23,0.0,369.0,0.0
566,2025-04-24,0.0,369.0,0.0
567,2025-04-25,0.0,369.0,0.0
568,2025-04-26,0.0,369.0,0.0
569,2025-04-27,0.0,369.0,0.0
570,2025-04-28,0.0,369.0,0.0
571,2025-04-29,0.0,369.0,0.0
572,2025-04-30,0.0,369.0,0.0
573,2025-05-01,0.0,369.0,0.0
574,2025-05-02,0.0,369.0,0.0
575,2025-05-03,0.0,369.0,0.0
576,2025-05-04,0.0,369.0,0.0
577,2025-05-05,0.0,369.0,0.0
578,2025-05-06,0.0,369.0,0.0
579,2025-05-07,0.0,369.0,0.0
580,2025-05-08,0.0,369.0,0.0
581,2025-05-09,0.0,369.0,0.0
582,2025-05-10,0.0,369.0,0.0
583,2025-05-11,0.0,369.0,0.0
584,2025-05-12,0.0,369.0,0.0
585,2025-05-13,0.0,369.0,0.0
586,2025-05-14,0.0,369.0,0.0
587,2025-05-15,0.0,369.0,0.0
588,2025-05-16,0.0,369.0,0.0
589,2025-05-17,0.0,369.0,0.0
590,2025-05-18,0.0,369.0,0.0
591,2025-05-19,0.0,369.0,0.0
592,2025-05-20,0.0,369.0,0.0
593,2025-05-21,0.0,369.0,0.0
594,2025-05-22,0.0,369.0,0.0
595,2025-05-23,0.0,369.0,0.0
596,2025-05-24,0.0,369.0,0.0
597,2025-05-25,0.0,369.0,0.0
598,2025-05-26,0.0,369.0,0.0
599,2025-05-27,0.0,369.0,0.0
600,2025-05-28,0.0,369.0,0.0
601,2025-05-29,0.0,369.0,0.0
602,2025-05-30,0.0,369.0,0.0
603,2025-05-31,0.0,369.0,0.0
604,2025-01-01,0.0,366.0,0.0
605,2025-01-02,0.0,366.0,0.0
606,2025-01-03,0.0,366.0,0.0
607,2025-01-04,0.0,366.0,0.0
608,2025-01-05,0.0,366.0,0.0
609,2025-01-06,0.0,366.0,0.0
610,2025-01-07,0.0,366.0,0.0
611,2025-01-08,0.0,366.0,0.0
612,2025-01-09,0.0,366.0,0.0
613,2025-01-10,0.0,366.0,0.0
614,2025-01-11,0.0,366.0,0.0
615,2025-01-12,0.0,366.0,0.0
616,2025-01-13,0.0,366.0,0.0
617,2025-01-14,0.0,366.0,0.0
618,2025-01-15,0.0,366.0,0.0
619,2025-01-16,0.0,366.0,0.0
620,2025-01-17,0.0,366.0,0.0
621,2025-01-18,0.0,366.0,0.0
622,2025-01-19,0.0,366.0,0.0
623,2025-01-20,0.0,366.0,0.0
624,2025-01-21,0.0,366.0,0.0
625,2025-01-22,0.0,366.0,0.0
626,2025-01-23,0.0,366.0,0.0
627,2025-01-24,0.0,366.0,0.0
628,2025-01-25,0.0,366.0,0.0
629,2025-01-26,0.0,366.0,0.0
630,2025-01-27,0.0,366.0,0.0
631,2025-01-28,0.0,366.0,0.0
632,2025-01-29,0.0,366.0,0.0
633,2025-01-30,0.0,366.0,0.0
634,2025-01-31,0.0,366.0,0.0
635,2025-02-01,0.0,366.0,0.0
636,2025-02-02,0.0,366.0,0.0
637,2025-02-03,0.0,366.0,0.0
638,2025-02-04,0.0,366.0,0.0
639,2025-02-05,0.0,366.0,0.0
640,2025-02-06,0.0,366.0,0.0
641,2025-02-07,0.0,366.0,0.0
642,2025-02-08,0.0,366.0,0.0
643,2025-02-09,0.0,366.0,0.0
644,2025-02-10,0.0,366.0,0.0
645,2025-02-11,0.0,366.0,0.0
646,2025-02-12,0.0,366.0,0.0
647,2025-02-13,0.0,366.0,0.0
648,2025-02-14,0.0,366.0,0.0
649,2025-02-15,0.0,366.0,0.0
650,2025-02-16,0.0,366.0,0.0
651,2025-02-17,0.0,366.0,0.0
652,2025-02-18,0.0,366.0,0.0
653,2025-02-19,0.0,366.0,0.0
654,2025-02-20,0.0,366.0,0.0
655,2025-02-21,0.0,366.0,0.0
656,2025-02-22,0.0,366.0,0.0
657,2025-02-23,0.0,366.0,0.0
658,2025-02-24,0.0,366.0,0.0
659,2025-02-25,0.0,366.0,0.0
660,2025-02-26,0.0,366.0,0.0
661,2025-02-27,0.0,366.0,0.0
662,2025-02-28,0.0,366.0,0.0
663,2025-03-01,0.0,366.0,0.0
664,2025-03-02,0.0,366.0,0.0
665,2025-03-03,0.0,366.0,0.0
666,2025-03-04,0.0,366.0,0.0
667,2025-03-05,0.0,366.0,0.0
668,2025-03-06,0.0,366.0,0.0
669,2025-03-07,0.0,366.0,0.0
670,2025-03-08,0.0,366.0,0.0
671,2025-03-09,0.0,366.0,0.0
672,2025-03-10,0.0,366.0,0.0
673,2025-03-11,0.0,366.0,0.0
674,2025-03-12,0.0,366.0,0.0
675,2025-03-13,0.0,366.0,0.0
676,2025-03-14,0.0,366.0,0.0
677,2025-03-15,0.0,366.0,0.0
678,2025-03-16,0.0,366.0,0.0
679,2025-03-17,0.0,366.0,0.0
680,2025-03-18,0.0,366.0,0.0
681,2025-03-19,0.0,366.0,0.0
682,2025-03-20,0.0,366.0,0.0
683,2025-03-21,0.0,366.0,0.0
684,2025-03-22,0.0,366.0,0.0
685,2025-03-23,0.0,366.0,0.0
686,2025-03-24,0.0,366.0,0.0
687,2025-03-25,0.0,366.0,0.0
688,2025-03-26,0.0,366.0,0.0
689,2025-03-27,0.0,366.0,0.0
690,2025-03-28,0.0,366.0,0.0
691,2025-03-29,0.0,366.0,0.0
692,2025-03-30,0.0,366.0,0.0
693,2025-03-31,0.0,366.0,0.0
694,2025-04-01,0.0,366.0,0.0
695,2025-04-02,0.0,366.0,0.0
696,2025-04-03,0.0,366.0,0.0
697,2025-04-04,0.0,366.0,0.0
698,2025-04-05,0.0,366.0,0.0
699,2025-04-06,0.0,366.0,0.0
700,2025-04-07,0.0,366.0,0.0
701,2025-04-08,0.0,366.0,0.0
702,2025-04-09,0.0,366.0,0.0
703,2025-04-10,0.0,366.0,0.0
704,2025-04-11,0.0,366.0,0.0
705,2025-04-12,0.0,366.0,0.0
706,2025-04-13,0.0,366.0,0.0
707,2025-04-14,0.0,366.0,0.0
708,2025-04-15,0.0,366.0,0.0
709,2025-04-16,0.0,366.0,0.0
710,2025-04-17,0.0,366.0,0.0
711,2025-04-18,0.0,366.0,0.0
712,2025-04-19,0.0,366.0,0.0
713,2025-04-20,0.0,366.0,0.0
714,2025-04-21,0.0,366.0,0.0
715,2025-04-22,0.0,366.0,0.0
716,2025-04-23,0.0,366.0,0.0
717,2025-04-24,0.0,366.0,0.0
718,2025-04-25,0.0,366.0,0.0
719,2025-04-26,0.0,366.0,0.0
720,2025-04-27,0.0,366.0,0.0
721,2025-04-28,0.0,366.0,0.0
722,2025-04-29,0.0,366.0,0.0
723,2025-04-30,0.0,366.0,0.0
724,2025-05-01,0.0,366.0,0.0
725,2025-05-02,0.0,366.0,0.0
726,2025-05-03,0.0,366.0,0.0
727,2025-05-04,0.0,366.0,0.0
728,2025-05-05,0.0,366.0,0.0
729,2025-05-06,0.0,366.0,0.0
730,2025-05-07,0.0,366.0,0.0
731,2025-05-08,0.0,366.0,0.0
732,2025-05-09,0.0,366.0,0.0
733,2025-05-10,0.0,366.0,0.0
734,2025-05-11,0.0,366.0,0.0
735,2025-05-12,0.0,366.0,0.0
736,2025-05-13,0.0,366.0,0.0
737,2025-05-14,0.0,366.0,0.0
738,2025-05-15,0.0,366.0,0.0
739,2025-05-16,0.0,366.0,0.0
740,2025-05-17,0.0,366.0,0.0
741,2025-05-18,0.0,366.0,0.0
742,2025-05-19,0.0,366.0,0.0
743,2025-05-20,0.0,366.0,0.0
744,2025-05-21,0.0,366.0,0.0
745,2025-05-22,0.0,366.0,0.0
746,2025-05-23,0.0,366.0,0.0
747,2025-05-24,0.0,366.0,0.0
748,2025-05-25,0.0,366.0,0.0
749,2025-05-26,0.0,366.0,0.0
750,2025-05-27,0.0,366.0,0.0
751,2025-05-28,0.0,366.0,0.0
752,2025-05-29,0.0,366.0,0.0
753,2025-05-30,0.0,366.0,0.0
754,2025-05-31,0.0,366.0,0.0
755,2025-01-01,0.0,367.0,0.0
756,2025-01-02,0.0,367.0,0.0
757,2025-01-03,0.0,367.0,0.0
758,2025-01-04,0.0,367.0,0.0
759,2025-01-05,0.0,367.0,0.0
760,2025-01-06,0.0,367.0,0.0
761,2025-01-07,0.0,367.0,0.0
762,2025-01-08,0.0,367.0,0.0
763,2025-01-09,0.0,367.0,0.0
764,2025-01-10,0.0,367.0,0.0
765,2025-01-11,0.0,367.0,0.0
766,2025-01-12,0.0,367.0,0.0
767,2025-01-13,0.0,367.0,0.0
768,2025-01-14,0.0,367.0,0.0
769,2025-01-15,0.0,367.0,0.0
770,2025-01-16,0.0,367.0,0.0
771,2025-01-17,0.0,367.0,0.0
772,2025-01-18,0.0,367.0,0.0
773,2025-01-19,0.0,367.0,0.0
774,2025-01-20,0.0,367.0,0.0
775,2025-01-21,0.0,367.0,0.0
776,2025-01-22,0.0,367.0,0.0
777,2025-01-23,0.0,367.0,0.0
778,2025-01-24,0.0,367.0,0.0
779,2025-01-25,0.0,367.0,0.0
780,2025-01-26,0.0,367.0,0.0
781,2025-01-27,0.0,367.0,0.0
782,2025-01-28,0.0,367.0,0.0
783,2025-01-29,0.0,367.0,0.0
784,2025-01-30,0.0,367.0,0.0
785,2025-01-31,0.0,367.0,0.0
786,2025-02-01,0.0,367.0,0.0
787,2025-02-02,0.0,367.0,0.0
788,2025-02-03,0.0,367.0,0.0
789,2025-02-04,0.0,367.0,0.0
790,2025-02-05,0.0,367.0,0.0
791,2025-02-06,0.0,367.0,0.0
792,2025-02-07,0.0,367.0,0.0
793,2025-02-08,0.0,367.0,0.0
794,2025-02-09,0.0,367.0,0.0
795,2025-02-10,0.0,367.0,0.0
796,2025-02-11,0.0,367.0,0.0
797,2025-02-12,0.0,367.0,0.0
798,2025-02-13,0.0,367.0,0.0
799,2025-02-14,0.0,367.0,0.0
800,2025-02-15,0.0,367.0,0.0
801,2025-02-16,0.0,367.0,0.0
802,2025-02-17,0.0,367.0,0.0
803,2025-02-18,0.0,367.0,0.0
804,2025-02-19,0.0,367.0,0.0
805,2025-02-20,0.0,367.0,0.0
806,2025-02-21,0.0,367.0,0.0
807,2025-02-22,0.0,367.0,0.0
808,2025-02-23,0.0,367.0,0.0
809,2025-02-24,0.0,367.0,0.0
810,2025-02-25,0.0,367.0,0.0
811,2025-02-26,0.0,367.0,0.0
812,2025-02-27,0.0,367.0,0.0
813,2025-02-28,0.0,367.0,0.0
814,2025-03-01,0.0,367.0,0.0
815,2025-03-02,0.0,367.0,0.0
816,2025-03-03,0.0,367.0,0.0
817,2025-03-04,0.0,367.0,0.0
818,2025-03-05,0.0,367.0,0.0
819,2025-03-06,0.0,367.0,0.0
820,2025-03-07,0.0,367.0,0.0
821,2025-03-08,0.0,367.0,0.0
822,2025-03-09,0.0,367.0,0.0
823,2025-03-10,0.0,367.0,0.0
824,2025-03-11,0.0,367.0,0.0
825,2025-03-12,0.0,367.0,0.0
826,2025-03-13,0.0,367.0,0.0
827,2025-03-14,0.0,367.0,0.0
828,2025-03-15,0.0,367.0,0.0
829,2025-03-16,0.0,367.0,0.0
830,2025-03-17,0.0,367.0,0.0
831,2025-03-18,0.0,367.0,0.0
832,2025-03-19,0.0,367.0,0.0
833,2025-03-20,0.0,367.0,0.0
834,2025-03-21,0.0,367.0,0.0
835,2025-03-22,0.0,367.0,0.0
836,2025-03-23,0.0,367.0,0.0
837,2025-03-24,0.0,367.0,0.0
838,2025-03-25,0.0,367.0,0.0
839,2025-03-26,0.0,367.0,0.0
840,2025-03-27,0.0,367.0,0.0
841,2025-03-28,0.0,367.0,0.0
842,2025-03-29,0.0,367.0,0.0
843,2025-03-30,0.0,367.0,0.0
844,2025-03-31,0.0,367.0,0.0
845,2025-04-01,0.0,367.0,0.0
846,2025-04-02,0.0,367.0,0.0
847,2025-04-03,0.0,367.0,0.0
848,2025-04-04,0.0,367.0,0.0
849,2025-04-05,0.0,367.0,0.0
850,2025-04-06,0.0,367.0,0.0
851,2025-04-07,0.0,367.0,0.0
852,2025-04-08,0.0,367.0,0.0
853,2025-04-09,0.0,367.0,0.0
854,2025-04-10,0.0,367.0,0.0
855,2025-04-11,0.0,367.0,0.0
856,2025-04-12,0.0,367.0,0.0
857,2025-04-13,0.0,367.0,0.0
858,2025-04-14,0.0,367.0,0.0
859,2025-04-15,0.0,367.0,0.0
860,2025-04-16,0.0,367.0,0.0
861,2025-04-17,0.0,367.0,0.0
862,2025-04-18,0.0,367.0,0.0
863,2025-04-19,0.0,367.0,0.0
864,2025-04-20,0.0,367.0,0.0
865,2025-04-21,0.0,367.0,0.0
866,2025-04-22,0.0,367.0,0.0
867,2025-04-23,0.0,367.0,0.0
868,2025-04-24,0.0,367.0,0.0
869,2025-04-25,0.0,367.0,0.0
870,2025-04-26,0.0,367.0,0.0
871,2025-04-27,0.0,367.0,0.0
872,2025-04-28,0.0,367.0,0.0
873,2025-04-29,0.0,367.0,0.0
874,2025-04-30,0.0,367.0,0.0
875,2025-05-01,0.0,367.0,0.0
876,2025-05-02,0.0,367.0,0.0
877,2025-05-03,0.0,367.0,0.0
878,2025-05-04,0.0,367.0,0.0
879,2025-05-05,0.0,367.0,0.0
880,2025-05-06,0.0,367.0,0.0
881,2025-05-07,0.0,367.0,0.0
882,2025-05-08,0.0,367.0,0.0
883,2025-05-09,0.0,367.0,0.0
884,2025-05-10,0.0,367.0,0.0
885,2025-05-11,0.0,367.0,0.0
886,2025-05-12,0.0,367.0,0.0
887,2025-05-13,0.0,367.0,0.0
888,2025-05-14,0.0,367.0,0.0
889,2025-05-15,0.0,367.0,0.0
890,2025-05-16,0.0,367.0,0.0
891,2025-05-17,0.0,367.0,0.0
892,2025-05-18,0.0,367.0,0.0
893,2025-05-19,0.0,367.0,0.0
894,2025-05-20,0.0,367.0,0.0
895,2025-05-21,0.0,367.0,0.0
896,2025-05-22,0.0,367.0,0.0
897,2025-05-23,0.0,367.0,0.0
898,2025-05-24,0.0,367.0,0.0
899,2025-05-25,0.0,367.0,0.0
900,2025-05-26,0.0,367.0,0.0
901,2025-05-27,0.0,367.0,0.0
902,2025-05-28,0.0,367.0,0.0
903,2025-05-29,0.0,367.0,0.0
904,2025-05-30,0.0,367.0,0.0
905,2025-05-31,0.0,367.0,0.0
906,2025-01-01,0.0,375.0,0.0
907,2025-01-02,0.0,375.0,0.0
908,2025-01-03,0.0,375.0,0.0
909,2025-01-04,0.0,375.0,0.0
910,2025-01-05,0.0,375.0,0.0
911,2025-01-06,0.0,375.0,0.0
912,2025-01-07,0.0,375.0,0.0
913,2025-01-08,0.0,375.0,0.0
914,2025-01-09,0.0,375.0,0.0
915,2025-01-10,0.0,375.0,0.0
916,2025-01-11,0.0,375.0,0.0
917,2025-01-12,0.0,375.0,0.0
918,2025-01-13,0.0,375.0,0.0
919,2025-01-14,0.0,375.0,0.0
920,2025-01-15,0.0,375.0,0.0
921,2025-01-16,0.0,375.0,0.0
922,2025-01-17,0.0,375.0,0.0
923,2025-01-18,0.0,375.0,0.0
924,2025-01-19,0.0,375.0,0.0
925,2025-01-20,0.0,375.0,0.0
926,2025-01-21,0.0,375.0,0.0
927,2025-01-22,0.0,375.0,0.0
928,2025-01-23,0.0,375.0,0.0
929,2025-01-24,0.0,375.0,0.0
930,2025-01-25,0.0,375.0,0.0
931,2025-01-26,0.0,375.0,0.0
932,2025-01-27,0.0,375.0,0.0
933,2025-01-28,0.0,375.0,0.0
934,2025-01-29,0.0,375.0,0.0
935,2025-01-30,0.0,375.0,0.0
936,2025-01-31,0.0,375.0,0.0
937,2025-02-01,0.0,375.0,0.0
938,2025-02-02,0.0,375.0,0.0
939,2025-02-03,0.0,375.0,0.0
940,2025-02-04,0.0,375.0,0.0
941,2025-02-05,0.0,375.0,0.0
942,2025-02-06,0.0,375.0,0.0
943,2025-02-07,0.0,375.0,0.0
944,2025-02-08,0.0,375.0,0.0
945,2025-02-09,0.0,375.0,0.0
946,2025-02-10,0.0,375.0,0.0
947,2025-02-11,0.0,375.0,0.0
948,2025-02-12,0.0,375.0,0.0
949,2025-02-13,0.0,375.0,0.0
950,2025-02-14,0.0,375.0,0.0
951,2025-02-15,0.0,375.0,0.0
952,2025-02-16,0.0,375.0,0.0
953,2025-02-17,0.0,375.0,0.0
954,2025-02-18,0.0,375.0,0.0
955,2025-02-19,0.0,375.0,0.0
956,2025-02-20,0.0,375.0,0.0
957,2025-02-21,0.0,375.0,0.0
958,2025-02-22,0.0,375.0,0.0
959,2025-02-23,0.0,375.0,0.0
960,2025-02-24,0.0,375.0,0.0
961,2025-02-25,0.0,375.0,0.0
962,2025-02-26,0.0,375.0,0.0
963,2025-02-27,0.0,375.0,0.0
964,2025-02-28,0.0,375.0,0.0
965,2025-03-01,0.0,375.0,0.0
966,2025-03-02,0.0,375.0,0.0
967,2025-03-03,0.0,375.0,0.0
968,2025-03-04,0.0,375.0,0.0
969,2025-03-05,0.0,375.0,0.0
970,2025-03-06,0.0,375.0,0.0
971,2025-03-07,0.0,375.0,0.0
972,2025-03-08,0.0,375.0,0.0
973,2025-03-09,0.0,375.0,0.0
974,2025-03-10,0.0,375.0,0.0
975,2025-03-11,0.0,375.0,0.0
976,2025-03-12,0.0,375.0,0.0
977,2025-03-13,0.0,375.0,0.0
978,2025-03-14,0.0,375.0,0.0
979,2025-03-15,0.0,375.0,0.0
980,2025-03-16,0.0,375.0,0.0
981,2025-03-17,0.0,375.0,0.0
982,2025-03-18,0.0,375.0,0.0
983,2025-03-19,0.0,375.0,0.0
984,2025-03-20,0.0,375.0,0.0
985,2025-03-21,0.0,375.0,0.0
986,2025-03-22,0.0,375.0,0.0
987,2025-03-23,0.0,375.0,0.0
988,2025-03-24,0.0,375.0,0.0
989,2025-03-25,0.0,375.0,0.0
990,2025-03-26,0.0,375.0,0.0
991,2025-03-27,0.0,375.0,0.0
992,2025-03-28,0.0,375.0,0.0
993,2025-03-29,0.0,375.0,0.0
994,2025-03-30,0.0,375.0,0.0
995,2025-03-31,0.0,375.0,0.0
996,2025-04-01,0.0,375.0,0.0
997,2025-04-02,0.0,375.0,0.0
998,2025-04-03,0.0,375.0,0.0
999,2025-04-04,0.0,375.0,0.0
1000,2025-04-05,0.0,375.0,0.0
1001,2025-04-06,0.0,375.0,0.0
1002,2025-04-07,0.0,375.0,0.0
1003,2025-04-08,0.0,375.0,0.0
1004,2025-04-09,0.0,375.0,0.0
1005,2025-04-10,0.0,375.0,0.0
1006,2025-04-11,0.0,375.0,0.0
1007,2025-04-12,0.0,375.0,0.0
1008,2025-04-13,0.0,375.0,0.0
1009,2025-04-14,0.0,375.0,0.0
1010,2025-04-15,0.0,375.0,0.0
1011,2025-04-16,0.0,375.0,0.0
1012,2025-04-17,0.0,375.0,0.0
1013,2025-04-18,0.0,375.0,0.0
1014,2025-04-19,0.0,375.0,0.0
1015,2025-04-20,0.0,375.0,0.0
1016,2025-04-21,0.0,375.0,0.0
1017,2025-04-22,0.0,375.0,0.0
1018,2025-04-23,0.0,375.0,0.0
1019,2025-04-24,0.0,375.0,0.0
1020,2025-04-25,0.0,375.0,0.0
1021,2025-04-26,0.0,375.0,0.0
1022,2025-04-27,0.0,375.0,0.0
1023,2025-04-28,0.0,375.0,0.0
1024,2025-04-29,0.0,375.0,0.0
1025,2025-04-30,0.0,375.0,0.0
1026,2025-05-01,0.0,375.0,0.0
1027,2025-05-02,0.0,375.0,0.0
1028,2025-05-03,0.0,375.0,0.0
1029,2025-05-04,0.0,375.0,0.0
1030,2025-05-05,0.0,375.0,0.0
1031,2025-05-06,0.0,375.0,0.0
1032,2025-05-07,0.0,375.0,0.0
1033,2025-05-08,0.0,375.0,0.0
1034,2025-05-09,0.0,375.0,0.0
1035,2025-05-10,0.0,375.0,0.0
1036,2025-05-11,0.0,375.0,0.0
1037,2025-05-12,0.0,375.0,0.0
1038,2025-05-13,0.0,375.0,0.0
1039,2025-05-14,0.0,375.0,0.0
1040,2025-05-15,0.0,375.0,0.0
1041,2025-05-16,0.0,375.0,0.0
1042,2025-05-17,0.0,375.0,0.0
1043,2025-05-18,0.0,375.0,0.0
1044,2025-05-19,0.0,375.0,0.0
1045,2025-05-20,0.0,375.0,0.0
1046,2025-05-21,0.0,375.0,0.0
1047,2025-05-22,0.0,375.0,0.0
1048,2025-05-23,0.0,375.0,0.0
1049,2025-05-24,0.0,375.0,0.0
1050,2025-05-25,0.0,375.0,0.0
1051,2025-05-26,0.0,375.0,0.0
1052,2025-05-27,0.0,375.0,0.0
1053,2025-05-28,0.0,375.0,0.0
1054,2025-05-29,0.0,375.0,0.0
1055,2025-05-30,0.0,375.0,0.0
1056,2025-05-31,0.0,375.0,0.0
1057,2025-01-01,0.0,368.0,0.0
1058,2025-01-02,0.0,368.0,0.0
1059,2025-01-03,0.0,368.0,0.0
1060,2025-01-04,0.0,368.0,0.0
1061,2025-01-05,0.0,368.0,0.0
1062,2025-01-06,0.0,368.0,0.0
1063,2025-01-07,0.0,368.0,0.0
1064,2025-01-08,0.0,368.0,0.0
1065,2025-01-09,0.0,368.0,0.0
1066,2025-01-10,0.0,368.0,0.0
1067,2025-01-11,0.0,368.0,0.0
1068,2025-01-12,0.0,368.0,0.0
1069,2025-01-13,0.0,368.0,0.0
1070,2025-01-14,0.0,368.0,0.0
1071,2025-01-15,0.0,368.0,0.0
1072,2025-01-16,0.0,368.0,0.0
1073,2025-01-17,0.0,368.0,0.0
1074,2025-01-18,0.0,368.0,0.0
1075,2025-01-19,0.0,368.0,0.0
1076,2025-01-20,0.0,368.0,0.0
1077,2025-01-21,0.0,368.0,0.0
1078,2025-01-22,0.0,368.0,0.0
1079,2025-01-23,0.0,368.0,0.0
1080,2025-01-24,0.0,368.0,0.0
1081,2025-01-25,0.0,368.0,0.0
1082,2025-01-26,0.0,368.0,0.0
1083,2025-01-27,0.0,368.0,0.0
1084,2025-01-28,0.0,368.0,0.0
1085,2025-01-29,0.0,368.0,0.0
1086,2025-01-30,0.0,368.0,0.0
1087,2025-01-31,0.0,368.0,0.0
1088,2025-02-01,0.0,368.0,0.0
1089,2025-02-02,0.0,368.0,0.0
1090,2025-02-03,0.0,368.0,0.0
1091,2025-02-04,0.0,368.0,0.0
1092,2025-02-05,0.0,368.0,0.0
1093,2025-02-06,0.0,368.0,0.0
1094,2025-02-07,0.0,368.0,0.0
1095,2025-02-08,0.0,368.0,0.0
1096,2025-02-09,0.0,368.0,0.0
1097,2025-02-10,0.0,368.0,0.0
1098,2025-02-11,0.0,368.0,0.0
1099,2025-02-12,0.0,368.0,0.0
1100,2025-02-13,0.0,368.0,0.0
1101,2025-02-14,0.0,368.0,0.0
1102,2025-02-15,0.0,368.0,0.0
1103,2025-02-16,0.0,368.0,0.0
1104,2025-02-17,0.0,368.0,0.0
1105,2025-02-18,0.0,368.0,0.0
1106,2025-02-19,0.0,368.0,0.0
1107,2025-02-20,0.0,368.0,0.0
1108,2025-02-21,0.0,368.0,0.0
1109,2025-02-22,0.0,368.0,0.0
1110,2025-02-23,0.0,368.0,0.0
1111,2025-02-24,0.0,368.0,0.0
1112,2025-02-25,0.0,368.0,0.0
1113,2025-02-26,0.0,368.0,0.0
1114,2025-02-27,0.0,368.0,0.0
1115,2025-02-28,0.0,368.0,0.0
1116,2025-03-01,0.0,368.0,0.0
1117,2025-03-02,0.0,368.0,0.0
1118,2025-03-03,0.0,368.0,0.0
1119,2025-03-04,0.0,368.0,0.0
1120,2025-03-05,0.0,368.0,0.0
1121,2025-03-06,0.0,368.0,0.0
1122,2025-03-07,0.0,368.0,0.0
1123,2025-03-08,0.0,368.0,0.0
1124,2025-03-09,0.0,368.0,0.0
1125,2025-03-10,0.0,368.0,0.0
1126,2025-03-11,0.0,368.0,0.0
1127,2025-03-12,0.0,368.0,0.0
1128,2025-03-13,0.0,368.0,0.0
1129,2025-03-14,0.0,368.0,0.0
1130,2025-03-15,0.0,368.0,0.0
1131,2025-03-16,0.0,368.0,0.0
1132,2025-03-17,0.0,368.0,0.0
1133,2025-03-18,0.0,368.0,0.0
1134,2025-03-19,0.0,368.0,0.0
1135,2025-03-20,0.0,368.0,0.0
1136,2025-03-21,0.0,368.0,0.0
1137,2025-03-22,0.0,368.0,0.0
1138,2025-03-23,0.0,368.0,0.0
1139,2025-03-24,0.0,368.0,0.0
1140,2025-03-25,0.0,368.0,0.0
1141,2025-03-26,0.0,368.0,0.0
1142,2025-03-27,0.0,368.0,0.0
1143,2025-03-28,0.0,368.0,0.0
1144,2025-03-29,0.0,368.0,0.0
1145,2025-03-30,0.0,368.0,0.0
1146,2025-03-31,0.0,368.0,0.0
1147,2025-04-01,0.0,368.0,0.0
1148,2025-04-02,0.0,368.0,0.0
1149,2025-04-03,0.0,368.0,0.0
1150,2025-04-04,0.0,368.0,0.0
1151,2025-04-05,0.0,368.0,0.0
1152,2025-04-06,0.0,368.0,0.0
1153,2025-04-07,0.0,368.0,0.0
1154,2025-04-08,0.0,368.0,0.0
1155,2025-04-09,0.0,368.0,0.0
1156,2025-04-10,0.0,368.0,0.0
1157,2025-04-11,0.0,368.0,0.0
1158,2025-04-12,0.0,368.0,0.0
1159,2025-04-13,0.0,368.0,0.0
1160,2025-04-14,0.0,368.0,0.0
1161,2025-04-15,0.0,368.0,0.0
1162,2025-04-16,0.0,368.0,0.0
1163,2025-04-17,0.0,368.0,0.0
1164,2025-04-18,0.0,368.0,0.0
1165,2025-04-19,0.0,368.0,0.0
1166,2025-04-20,0.0,368.0,0.0
1167,2025-04-21,0.0,368.0,0.0
1168,2025-04-22,0.0,368.0,0.0
1169,2025-04-23,0.0,368.0,0.0
1170,2025-04-24,0.0,368.0,0.0
1171,2025-04-25,0.0,368.0,0.0
1172,2025-04-26,0.0,368.0,0.0
1173,2025-04-27,0.0,368.0,0.0
1174,2025-04-28,0.0,368.0,0.0
1175,2025-04-29,0.0,368.0,0.0
1176,2025-04-30,0.0,368.0,0.0
1177,2025-05-01,0.0,368.0,0.0
1178,2025-05-02,0.0,368.0,0.0
1179,2025-05-03,0.0,368.0,0.0
1180,2025-05-04,0.0,368.0,0.0
1181,2025-05-05,0.0,368.0,0.0
1182,2025-05-06,0.0,368.0,0.0
1183,2025-05-07,0.0,368.0,0.0
1184,2025-05-08,0.0,368.0,0.0
1185,2025-05-09,0.0,368.0,0.0
1186,2025-05-10,0.0,368.0,0.0
1187,2025-05-11,0.0,368.0,0.0
1188,2025-05-12,0.0,368.0,0.0
1189,2025-05-13,0.0,368.0,0.0
1190,2025-05-14,0.0,368.0,0.0
1191,2025-05-15,0.0,368.0,0.0
1192,2025-05-16,0.0,368.0,0.0
1193,2025-05-17,0.0,368.0,0.0
1194,2025-05-18,0.0,368.0,0.0
1195,2025-05-19,0.0,368.0,0.0
1196,2025-05-20,0.0,368.0,0.0
1197,2025-05-21,0.0,368.0,0.0
1198,2025-05-22,0.0,368.0,0.0
1199,2025-05-23,0.0,368.0,0.0
1200,2025-05-24,0.0,368.0,0.0
1201,2025-05-25,0.0,368.0,0.0
1202,2025-05-26,0.0,368.0,0.0
1203,2025-05-27,0.0,368.0,0.0
1204,2025-05-28,0.0,368.0,0.0
1205,2025-05-29,0.0,368.0,0.0
1206,2025-05-30,0.0,368.0,0.0
1207,2025-05-31,0.0,368.0,0.0
1208,2025-01-01,0.0,357.0,0.0
1209,2025-01-02,0.0,357.0,0.0
1210,2025-01-03,0.0,357.0,0.0
1211,2025-01-04,0.0,357.0,0.0
1212,2025-01-05,0.0,357.0,0.0
1213,2025-01-06,0.0,357.0,0.0
1214,2025-01-07,0.0,357.0,0.0
1215,2025-01-08,0.0,357.0,0.0
1216,2025-01-09,0.0,357.0,0.0
1217,2025-01-10,0.0,357.0,0.0
1218,2025-01-11,0.0,357.0,0.0
1219,2025-01-12,0.0,357.0,0.0
1220,2025-01-13,0.0,357.0,0.0
1221,2025-01-14,0.0,357.0,0.0
1222,2025-01-15,0.0,357.0,0.0
1223,2025-01-16,0.0,357.0,0.0
1224,2025-01-17,0.0,357.0,0.0
1225,2025-01-18,0.0,357.0,0.0
1226,2025-01-19,0.0,357.0,0.0
1227,2025-01-20,0.0,357.0,0.0
1228,2025-01-21,0.0,357.0,0.0
1229,2025-01-22,0.0,357.0,0.0
1230,2025-01-23,0.0,357.0,0.0
1231,2025-01-24,0.0,357.0,0.0
1232,2025-01-25,0.0,357.0,0.0
1233,2025-01-26,0.0,357.0,0.0
1234,2025-01-27,0.0,357.0,0.0
1235,2025-01-28,0.0,357.0,0.0
1236,2025-01-29,0.0,357.0,0.0
1237,2025-01-30,0.0,357.0,0.0
1238,2025-01-31,0.0,357.0,0.0
1239,2025-02-01,0.0,357.0,0.0
1240,2025-02-02,0.0,357.0,0.0
1241,2025-02-03,0.0,357.0,0.0
1242,2025-02-04,0.0,357.0,0.0
1243,2025-02-05,0.0,357.0,0.0
1244,2025-02-06,0.0,357.0,0.0
1245,2025-02-07,0.0,357.0,0.0
1246,2025-02-08,0.0,357.0,0.0
1247,2025-02-09,0.0,357.0,0.0
1248,2025-02-10,0.0,357.0,0.0
1249,2025-02-11,0.0,357.0,0.0
1250,2025-02-12,0.0,357.0,0.0
1251,2025-02-13,0.0,357.0,0.0
1252,2025-02-14,0.0,357.0,0.0
1253,2025-02-15,0.0,357.0,0.0
1254,2025-02-16,0.0,357.0,0.0
1255,2025-02-17,0.0,357.0,0.0
1256,2025-02-18,0.0,357.0,0.0
1257,2025-02-19,0.0,357.0,0.0
1258,2025-02-20,0.0,357.0,0.0
1259,2025-02-21,0.0,357.0,0.0
1260,2025-02-22,0.0,357.0,0.0
1261,2025-02-23,0.0,357.0,0.0
1262,2025-02-24,0.0,357.0,0.0
1263,2025-02-25,0.0,357.0,0.0
1264,2025-02-26,0.0,357.0,0.0
1265,2025-02-27,0.0,357.0,0.0
1266,2025-02-28,0.0,357.0,0.0
1267,2025-03-01,0.0,357.0,0.0
1268,2025-03-02,0.0,357.0,0.0
1269,2025-03-03,0.0,357.0,0.0
1270,2025-03-04,0.0,357.0,0.0
1271,2025-03-05,0.0,357.0,0.0
1272,2025-03-06,0.0,357.0,0.0
1273,2025-03-07,0.0,357.0,0.0
1274,2025-03-08,0.0,357.0,0.0
1275,2025-03-09,0.0,357.0,0.0
1276,2025-03-10,0.0,357.0,0.0
1277,2025-03-11,0.0,357.0,0.0
1278,2025-03-12,0.0,357.0,0.0
1279,2025-03-13,0.0,357.0,0.0
1280,2025-03-14,0.0,357.0,0.0
1281,2025-03-15,0.0,357.0,0.0
1282,2025-03-16,0.0,357.0,0.0
1283,2025-03-17,0.0,357.0,0.0
1284,2025-03-18,0.0,357.0,0.0
1285,2025-03-19,0.0,357.0,0.0
1286,2025-03-20,0.0,357.0,0.0
1287,2025-03-21,0.0,357.0,0.0
1288,2025-03-22,0.0,357.0,0.0
1289,2025-03-23,0.0,357.0,0.0
1290,2025-03-24,0.0,357.0,0.0
1291,2025-03-25,0.0,357.0,0.0
1292,2025-03-26,0.0,357.0,0.0
1293,2025-03-27,0.0,357.0,0.0
1294,2025-03-28,0.0,357.0,0.0
1295,2025-03-29,0.0,357.0,0.0
1296,2025-03-30,0.0,357.0,0.0
1297,2025-03-31,0.0,357.0,0.0
1298,2025-04-01,0.0,357.0,0.0
1299,2025-04-02,0.0,357.0,0.0
1300,2025-04-03,0.0,357.0,0.0
1301,2025-04-04,0.0,357.0,0.0
1302,2025-04-05,0.0,357.0,0.0
1303,2025-04-06,0.0,357.0,0.0
1304,2025-04-07,0.0,357.0,0.0
1305,2025-04-08,0.0,357.0,0.0
1306,2025-04-09,0.0,357.0,0.0
1307,2025-04-10,0.0,357.0,0.0
1308,2025-04-11,0.0,357.0,0.0
1309,2025-04-12,0.0,357.0,0.0
1310,2025-04-13,0.0,357.0,0.0
1311,2025-04-14,0.0,357.0,0.0
1312,2025-04-15,0.0,357.0,0.0
1313,2025-04-16,0.0,357.0,0.0
1314,2025-04-17,0.0,357.0,0.0
1315,2025-04-18,0.0,357.0,0.0
1316,2025-04-19,0.0,357.0,0.0
1317,2025-04-20,0.0,357.0,0.0
1318,2025-04-21,0.0,357.0,0.0
1319,2025-04-22,0.0,357.0,0.0
1320,2025-04-23,0.0,357.0,0.0
1321,2025-04-24,0.0,357.0,0.0
1322,2025-04-25,0.0,357.0,0.0
1323,2025-04-26,0.0,357.0,0.0
1324,2025-04-27,0.0,357.0,0.0
1325,2025-04-28,0.0,357.0,0.0
1326,2025-04-29,0.0,357.0,0.0
1327,2025-04-30,0.0,357.0,0.0
1328,2025-05-01,0.0,357.0,0.0
1329,2025-05-02,0.0,357.0,0.0
1330,2025-05-03,0.0,357.0,0.0
1331,2025-05-04,0.0,357.0,0.0
1332,2025-05-05,0.0,357.0,0.0
1333,2025-05-06,0.0,357.0,0.0
1334,2025-05-07,0.0,357.0,0.0
1335,2025-05-08,0.0,357.0,0.0
1336,2025-05-09,0.0,357.0,0.0
1337,2025-05-10,0.0,357.0,0.0
1338,2025-05-11,0.0,357.0,0.0
1339,2025-05-12,0.0,357.0,0.0
1340,2025-05-13,0.0,357.0,0.0
1341,2025-05-14,0.0,357.0,0.0
1342,2025-05-15,0.0,357.0,0.0
1343,2025-05-16,0.0,357.0,0.0
1344,2025-05-17,0.0,357.0,0.0
1345,2025-05-18,0.0,357.0,0.0
1346,2025-05-19,0.0,357.0,0.0
1347,2025-05-20,0.0,357.0,0.0
1348,2025-05-21,0.0,357.0,0.0
1349,2025-05-22,0.0,357.0,0.0
1350,2025-05-23,0.0,357.0,0.0
1351,2025-05-24,0.0,357.0,0.0
1352,2025-05-25,0.0,357.0,0.0
1353,2025-05-26,0.0,357.0,0.0
1354,2025-05-27,0.0,357.0,0.0
1355,2025-05-28,0.0,357.0,0.0
1356,2025-05-29,0.0,357.0,0.0
1357,2025-05-30,0.0,357.0,0.0
1358,2025-05-31,0.0,357.0,0.0
1359,2025-01-01,0.0,364.0,0.0
1360,2025-01-02,0.0,364.0,0.0
1361,2025-01-03,0.0,364.0,0.0
1362,2025-01-04,0.0,364.0,0.0
1363,2025-01-05,0.0,364.0,0.0
1364,2025-01-06,0.0,364.0,0.0
1365,2025-01-07,0.0,364.0,0.0
1366,2025-01-08,0.0,364.0,0.0
1367,2025-01-09,0.0,364.0,0.0
1368,2025-01-10,0.0,364.0,0.0
1369,2025-01-11,0.0,364.0,0.0
1370,2025-01-12,0.0,364.0,0.0
1371,2025-01-13,0.0,364.0,0.0
1372,2025-01-14,0.0,364.0,0.0
1373,2025-01-15,0.0,364.0,0.0
1374,2025-01-16,0.0,364.0,0.0
1375,2025-01-17,0.0,364.0,0.0
1376,2025-01-18,0.0,364.0,0.0
1377,2025-01-19,0.0,364.0,0.0
1378,2025-01-20,0.0,364.0,0.0
1379,2025-01-21,0.0,364.0,0.0
1380,2025-01-22,0.0,364.0,0.0
1381,2025-01-23,0.0,364.0,0.0
1382,2025-01-24,0.0,364.0,0.0
1383,2025-01-25,0.0,364.0,0.0
1384,2025-01-26,0.0,364.0,0.0
1385,2025-01-27,0.0,364.0,0.0
1386,2025-01-28,0.0,364.0,0.0
1387,2025-01-29,0.0,364.0,0.0
1388,2025-01-30,0.0,364.0,0.0
1389,2025-01-31,0.0,364.0,0.0
1390,2025-02-01,0.0,364.0,0.0
1391,2025-02-02,0.0,364.0,0.0
1392,2025-02-03,0.0,364.0,0.0
1393,2025-02-04,0.0,364.0,0.0
1394,2025-02-05,0.0,364.0,0.0
1395,2025-02-06,0.0,364.0,0.0
1396,2025-02-07,0.0,364.0,0.0
1397,2025-02-08,0.0,364.0,0.0
1398,2025-02-09,0.0,364.0,0.0
1399,2025-02-10,0.0,364.0,0.0
1400,2025-02-11,0.0,364.0,0.0
1401,2025-02-12,0.0,364.0,0.0
1402,2025-02-13,0.0,364.0,0.0
1403,2025-02-14,0.0,364.0,0.0
1404,2025-02-15,0.0,364.0,0.0
1405,2025-02-16,0.0,364.0,0.0
1406,2025-02-17,0.0,364.0,0.0
1407,2025-02-18,0.0,364.0,0.0
1408,2025-02-19,0.0,364.0,0.0
1409,2025-02-20,0.0,364.0,0.0
1410,2025-02-21,0.0,364.0,0.0
1411,2025-02-22,0.0,364.0,0.0
1412,2025-02-23,0.0,364.0,0.0
1413,2025-02-24,0.0,364.0,0.0
1414,2025-02-25,0.0,364.0,0.0
1415,2025-02-26,0.0,364.0,0.0
1416,2025-02-27,0.0,364.0,0.0
1417,2025-02-28,0.0,364.0,0.0
1418,2025-03-01,0.0,364.0,0.0
1419,2025-03-02,0.0,364.0,0.0
1420,2025-03-03,0.0,364.0,0.0
1421,2025-03-04,0.0,364.0,0.0
1422,2025-03-05,0.0,364.0,0.0
1423,2025-03-06,0.0,364.0,0.0
1424,2025-03-07,0.0,364.0,0.0
1425,2025-03-08,0.0,364.0,0.0
1426,2025-03-09,0.0,364.0,0.0
1427,2025-03-10,0.0,364.0,0.0
1428,2025-03-11,0.0,364.0,0.0
1429,2025-03-12,0.0,364.0,0.0
1430,2025-03-13,0.0,364.0,0.0
1431,2025-03-14,0.0,364.0,0.0
1432,2025-03-15,0.0,364.0,0.0
1433,2025-03-16,0.0,364.0,0.0
1434,2025-03-17,0.0,364.0,0.0
1435,2025-03-18,0.0,364.0,0.0
1436,2025-03-19,0.0,364.0,0.0
1437,2025-03-20,0.0,364.0,0.0
1438,2025-03-21,0.0,364.0,0.0
1439,2025-03-22,0.0,364.0,0.0
1440,2025-03-23,0.0,364.0,0.0
1441,2025-03-24,0.0,364.0,0.0
1442,2025-03-25,0.0,364.0,0.0
1443,2025-03-26,0.0,364.0,0.0
1444,2025-03-27,0.0,364.0,0.0
1445,2025-03-28,0.0,364.0,0.0
1446,2025-03-29,0.0,364.0,0.0
1447,2025-03-30,0.0,364.0,0.0
1448,2025-03-31,0.0,364.0,0.0
1449,2025-04-01,0.0,364.0,0.0
1450,2025-04-02,0.0,364.0,0.0
1451,2025-04-03,0.0,364.0,0.0
1452,2025-04-04,0.0,364.0,0.0
1453,2025-04-05,0.0,364.0,0.0
1454,2025-04-06,0.0,364.0,0.0
1455,2025-04-07,0.0,364.0,0.0
1456,2025-04-08,0.0,364.0,0.0
1457,2025-04-09,0.0,364.0,0.0
1458,2025-04-10,0.0,364.0,0.0
1459,2025-04-11,0.0,364.0,0.0
1460,2025-04-12,0.0,364.0,0.0
1461,2025-04-13,0.0,364.0,0.0
1462,2025-04-14,0.0,364.0,0.0
1463,2025-04-15,0.0,364.0,0.0
1464,2025-04-16,0.0,364.0,0.0
1465,2025-04-17,0.0,364.0,0.0
1466,2025-04-18,0.0,364.0,0.0
1467,2025-04-19,0.0,364.0,0.0
1468,2025-04-20,0.0,364.0,0.0
1469,2025-04-21,0.0,364.0,0.0
1470,2025-04-22,0.0,364.0,0.0
1471,2025-04-23,0.0,364.0,0.0
1472,2025-04-24,0.0,364.0,0.0
1473,2025-04-25,0.0,364.0,0.0
1474,2025-04-26,0.0,364.0,0.0
1475,2025-04-27,0.0,364.0,0.0
1476,2025-04-28,0.0,364.0,0.0
1477,2025-04-29,0.0,364.0,0.0
1478,2025-04-30,0.0,364.0,0.0
1479,2025-05-01,0.0,364.0,0.0
1480,2025-05-02,0.0,364.0,0.0
1481,2025-05-03,0.0,364.0,0.0
1482,2025-05-04,0.0,364.0,0.0
1483,2025-05-05,0.0,364.0,0.0
1484,2025-05-06,0.0,364.0,0.0
1485,2025-05-07,0.0,364.0,0.0
1486,2025-05-08,0.0,364.0,0.0
1487,2025-05-09,0.0,364.0,0.0
1488,2025-05-10,0.0,364.0,0.0
1489,2025-05-11,0.0,364.0,0.0
1490,2025-05-12,0.0,364.0,0.0
1491,2025-05-13,0.0,364.0,0.0
1492,2025-05-14,0.0,364.0,0.0
1493,2025-05-15,0.0,364.0,0.0
1494,2025-05-16,0.0,364.0,0.0
1495,2025-05-17,0.0,364.0,0.0
1496,2025-05-18,0.0,364.0,0.0
1497,2025-05-19,0.0,364.0,0.0
1498,2025-05-20,0.0,364.0,0.0
1499,2025-05-21,0.0,364.0,0.0
1500,2025-05-22,0.0,364.0,0.0
1501,2025-05-23,0.0,364.0,0.0
1502,2025-05-24,0.0,364.0,0.0
1503,2025-05-25,0.0,364.0,0.0
1504,2025-05-26,0.0,364.0,0.0
1505,2025-05-27,0.0,364.0,0.0
1506,2025-05-28,0.0,364.0,0.0
1507,2025-05-29,0.0,364.0,0.0
1508,2025-05-30,0.0,364.0,0.0
1509,2025-05-31,0.0,364.0,0.0
1510,2025-01-01,0.0,386.0,0.0
1511,2025-01-02,0.0,386.0,0.0
1512,2025-01-03,0.0,386.0,0.0
1513,2025-01-04,0.0,386.0,0.0
1514,2025-01-05,0.0,386.0,0.0
1515,2025-01-06,0.0,386.0,0.0
1516,2025-01-07,0.0,386.0,0.0
1517,2025-01-08,0.0,386.0,0.0
1518,2025-01-09,0.0,386.0,0.0
1519,2025-01-10,0.0,386.0,0.0
1520,2025-01-11,0.0,386.0,0.0
1521,2025-01-12,0.0,386.0,0.0
1522,2025-01-13,0.0,386.0,0.0
1523,2025-01-14,0.0,386.0,0.0
1524,2025-01-15,0.0,386.0,0.0
1525,2025-01-16,0.0,386.0,0.0
1526,2025-01-17,0.0,386.0,0.0
1527,2025-01-18,0.0,386.0,0.0
1528,2025-01-19,0.0,386.0,0.0
1529,2025-01-20,0.0,386.0,0.0
1530,2025-01-21,0.0,386.0,0.0
1531,2025-01-22,0.0,386.0,0.0
1532,2025-01-23,0.0,386.0,0.0
1533,2025-01-24,0.0,386.0,0.0
1534,2025-01-25,0.0,386.0,0.0
1535,2025-01-26,0.0,386.0,0.0
1536,2025-01-27,0.0,386.0,0.0
1537,2025-01-28,0.0,386.0,0.0
1538,2025-01-29,0.0,386.0,0.0
1539,2025-01-30,0.0,386.0,0.0
1540,2025-01-31,0.0,386.0,0.0
1541,2025-02-01,0.0,386.0,0.0
1542,2025-02-02,0.0,386.0,0.0
1543,2025-02-03,0.0,386.0,0.0
1544,2025-02-04,0.0,386.0,0.0
1545,2025-02-05,0.0,386.0,0.0
1546,2025-02-06,0.0,386.0,0.0
1547,2025-02-07,0.0,386.0,0.0
1548,2025-02-08,0.0,386.0,0.0
1549,2025-02-09,0.0,386.0,0.0
1550,2025-02-10,0.0,386.0,0.0
1551,2025-02-11,0.0,386.0,0.0
1552,2025-02-12,0.0,386.0,0.0
1553,2025-02-13,0.0,386.0,0.0
1554,2025-02-14,0.0,386.0,0.0
1555,2025-02-15,0.0,386.0,0.0
1556,2025-02-16,0.0,386.0,0.0
1557,2025-02-17,0.0,386.0,0.0
1558,2025-02-18,0.0,386.0,0.0
1559,2025-02-19,0.0,386.0,0.0
1560,2025-02-20,0.0,386.0,0.0
1561,2025-02-21,0.0,386.0,0.0
1562,2025-02-22,0.0,386.0,0.0
1563,2025-02-23,0.0,386.0,0.0
1564,2025-02-24,0.0,386.0,0.0
1565,2025-02-25,0.0,386.0,0.0
1566,2025-02-26,0.0,386.0,0.0
1567,2025-02-27,0.0,386.0,0.0
1568,2025-02-28,0.0,386.0,0.0
1569,2025-03-01,0.0,386.0,0.0
1570,2025-03-02,0.0,386.0,0.0
1571,2025-03-03,0.0,386.0,0.0
1572,2025-03-04,0.0,386.0,0.0
1573,2025-03-05,0.0,386.0,0.0
1574,2025-03-06,0.0,386.0,0.0
1575,2025-03-07,0.0,386.0,0.0
1576,2025-03-08,0.0,386.0,0.0
1577,2025-03-09,0.0,386.0,0.0
1578,2025-03-10,0.0,386.0,0.0
1579,2025-03-11,0.0,386.0,0.0
1580,2025-03-12,0.0,386.0,0.0
1581,2025-03-13,0.0,386.0,0.0
1582,2025-03-14,0.0,386.0,0.0
1583,2025-03-15,0.0,386.0,0.0
1584,2025-03-16,0.0,386.0,0.0
1585,2025-03-17,0.0,386.0,0.0
1586,2025-03-18,0.0,386.0,0.0
1587,2025-03-19,0.0,386.0,0.0
1588,2025-03-20,0.0,386.0,0.0
1589,2025-03-21,0.0,386.0,0.0
1590,2025-03-22,0.0,386.0,0.0
1591,2025-03-23,0.0,386.0,0.0
1592,2025-03-24,0.0,386.0,0.0
1593,2025-03-25,0.0,386.0,0.0
1594,2025-03-26,0.0,386.0,0.0
1595,2025-03-27,0.0,386.0,0.0
1596,2025-03-28,0.0,386.0,0.0
1597,2025-03-29,0.0,386.0,0.0
1598,2025-03-30,0.0,386.0,0.0
1599,2025-03-31,0.0,386.0,0.0
1600,2025-04-01,0.0,386.0,0.0
1601,2025-04-02,0.0,386.0,0.0
1602,2025-04-03,0.0,386.0,0.0
1603,2025-04-04,0.0,386.0,0.0
1604,2025-04-05,0.0,386.0,0.0
1605,2025-04-06,0.0,386.0,0.0
1606,2025-04-07,0.0,386.0,0.0
1607,2025-04-08,0.0,386.0,0.0
1608,2025-04-09,0.0,386.0,0.0
1609,2025-04-10,0.0,386.0,0.0
1610,2025-04-11,0.0,386.0,0.0
1611,2025-04-12,0.0,386.0,0.0
1612,2025-04-13,0.0,386.0,0.0
1613,2025-04-14,0.0,386.0,0.0
1614,2025-04-15,0.0,386.0,0.0
1615,2025-04-16,0.0,386.0,0.0
1616,2025-04-17,0.0,386.0,0.0
1617,2025-04-18,0.0,386.0,0.0
1618,2025-04-19,0.0,386.0,0.0
1619,2025-04-20,0.0,386.0,0.0
1620,2025-04-21,0.0,386.0,0.0
1621,2025-04-22,0.0,386.0,0.0
1622,2025-04-23,0.0,386.0,0.0
1623,2025-04-24,0.0,386.0,0.0
1624,2025-04-25,0.0,386.0,0.0
1625,2025-04-26,0.0,386.0,0.0
1626,2025-04-27,0.0,386.0,0.0
1627,2025-04-28,0.0,386.0,0.0
1628,2025-04-29,0.0,386.0,0.0
1629,2025-04-30,0.0,386.0,0.0
1630,2025-05-01,0.0,386.0,0.0
1631,2025-05-02,0.0,386.0,0.0
1632,2025-05-03,0.0,386.0,0.0
1633,2025-05-04,0.0,386.0,0.0
1634,2025-05-05,0.0,386.0,0.0
1635,2025-05-06,0.0,386.0,0.0
1636,2025-05-07,0.0,386.0,0.0
1637,2025-05-08,0.0,386.0,0.0
1638,2025-05-09,0.0,386.0,0.0
1639,2025-05-10,0.0,386.0,0.0
1640,2025-05-11,0.0,386.0,0.0
1641,2025-05-12,0.0,386.0,0.0
1642,2025-05-13,0.0,386.0,0.0
1643,2025-05-14,0.0,386.0,0.0
1644,2025-05-15,0.0,386.0,0.0
1645,2025-05-16,0.0,386.0,0.0
1646,2025-05-17,0.0,386.0,0.0
1647,2025-05-18,0.0,386.0,0.0
1648,2025-05-19,0.0,386.0,0.0
1649,2025-05-20,0.0,386.0,0.0
1650,2025-05-21,0.0,386.0,0.0
1651,2025-05-22,0.0,386.0,0.0
1652,2025-05-23,0.0,386.0,0.0
1653,2025-05-24,0.0,386.0,0.0
1654,2025-05-25,0.0,386.0,0.0
1655,2025-05-26,0.0,386.0,0.0
1656,2025-05-27,0.0,386.0,0.0
1657,2025-05-28,0.0,386.0,0.0
1658,2025-05-29,0.0,386.0,0.0
1659,2025-05-30,0.0,386.0,0.0
1660,2025-05-31,0.0,386.0,0.0
1661,2025-01-01,0.0,1903.0,0.0
1662,2025-01-02,0.0,1903.0,0.0
1663,2025-01-03,0.0,1903.0,0.0
1664,2025-01-04,0.0,1903.0,0.0
1665,2025-01-05,0.0,1903.0,0.0
1666,2025-01-06,0.0,1903.0,0.0
1667,2025-01-07,0.0,1903.0,0.0
1668,2025-01-08,0.0,1903.0,0.0
1669,2025-01-09,0.0,1903.0,0.0
1670,2025-01-10,0.0,1903.0,0.0
1671,2025-01-11,0.0,1903.0,0.0
1672,2025-01-12,0.0,1903.0,0.0
1673,2025-01-13,0.0,1903.0,0.0
1674,2025-01-14,0.0,1903.0,0.0
1675,2025-01-15,0.0,1903.0,0.0
1676,2025-01-16,0.0,1903.0,0.0
1677,2025-01-17,0.0,1903.0,0.0
1678,2025-01-18,0.0,1903.0,0.0
1679,2025-01-19,0.0,1903.0,0.0
1680,2025-01-20,0.0,1903.0,0.0
1681,2025-01-21,0.0,1903.0,0.0
1682,2025-01-22,0.0,1903.0,0.0
1683,2025-01-23,0.0,1903.0,0.0
1684,2025-01-24,0.0,1903.0,0.0
1685,2025-01-25,0.0,1903.0,0.0
1686,2025-01-26,0.0,1903.0,0.0
1687,2025-01-27,0.0,1903.0,0.0
1688,2025-01-28,0.0,1903.0,0.0
1689,2025-01-29,0.0,1903.0,0.0
1690,2025-01-30,0.0,1903.0,0.0
1691,2025-01-31,0.0,1903.0,0.0
1692,2025-02-01,0.0,1903.0,0.0
1693,2025-02-02,0.0,1903.0,0.0
1694,2025-02-03,0.0,1903.0,0.0
1695,2025-02-04,0.0,1903.0,0.0
1696,2025-02-05,0.0,1903.0,0.0
1697,2025-02-06,0.0,1903.0,0.0
1698,2025-02-07,0.0,1903.0,0.0
1699,2025-02-08,0.0,1903.0,0.0
1700,2025-02-09,0.0,1903.0,0.0
1701,2025-02-10,0.0,1903.0,0.0
1702,2025-02-11,0.0,1903.0,0.0
1703,2025-02-12,0.0,1903.0,0.0
1704,2025-02-13,0.0,1903.0,0.0
1705,2025-02-14,0.0,1903.0,0.0
1706,2025-02-15,0.0,1903.0,0.0
1707,2025-02-16,0.0,1903.0,0.0
1708,2025-02-17,0.0,1903.0,0.0
1709,2025-02-18,0.0,1903.0,0.0
1710,2025-02-19,0.0,1903.0,0.0
1711,2025-02-20,0.0,1903.0,0.0
1712,2025-02-21,0.0,1903.0,0.0
1713,2025-02-22,0.0,1903.0,0.0
1714,2025-02-23,0.0,1903.0,0.0
1715,2025-02-24,0.0,1903.0,0.0
1716,2025-02-25,0.0,1903.0,0.0
1717,2025-02-26,0.0,1903.0,0.0
1718,2025-02-27,0.0,1903.0,0.0
1719,2025-02-28,0.0,1903.0,0.0
1720,2025-03-01,0.0,1903.0,0.0
1721,2025-03-02,0.0,1903.0,0.0
1722,2025-03-03,0.0,1903.0,0.0
1723,2025-03-04,0.0,1903.0,0.0
1724,2025-03-05,0.0,1903.0,0.0
1725,2025-03-06,0.0,1903.0,0.0
1726,2025-03-07,0.0,1903.0,0.0
1727,2025-03-08,0.0,1903.0,0.0
1728,2025-03-09,0.0,1903.0,0.0
1729,2025-03-10,0.0,1903.0,0.0
1730,2025-03-11,0.0,1903.0,0.0
1731,2025-03-12,0.0,1903.0,0.0
1732,2025-03-13,0.0,1903.0,0.0
1733,2025-03-14,0.0,1903.0,0.0
1734,2025-03-15,0.0,1903.0,0.0
1735,2025-03-16,0.0,1903.0,0.0
1736,2025-03-17,0.0,1903.0,0.0
1737,2025-03-18,0.0,1903.0,0.0
1738,2025-03-19,0.0,1903.0,0.0
1739,2025-03-20,0.0,1903.0,0.0
1740,2025-03-21,0.0,1903.0,0.0
1741,2025-03-22,0.0,1903.0,0.0
1742,2025-03-23,0.0,1903.0,0.0
1743,2025-03-24,0.0,1903.0,0.0
1744,2025-03-25,0.0,1903.0,0.0
1745,2025-03-26,0.0,1903.0,0.0
1746,2025-03-27,0.0,1903.0,0.0
1747,2025-03-28,0.0,1903.0,0.0
1748,2025-03-29,0.0,1903.0,0.0
1749,2025-03-30,0.0,1903.0,0.0
1750,2025-03-31,0.0,1903.0,0.0
1751,2025-04-01,0.0,1903.0,0.0
1752,2025-04-02,0.0,1903.0,0.0
1753,2025-04-03,0.0,1903.0,0.0
1754,2025-04-04,0.0,1903.0,0.0
1755,2025-04-05,0.0,1903.0,0.0
1756,2025-04-06,0.0,1903.0,0.0
1757,2025-04-07,0.0,1903.0,0.0
1758,2025-04-08,0.0,1903.0,0.0
1759,2025-04-09,0.0,1903.0,0.0
1760,2025-04-10,0.0,1903.0,0.0
1761,2025-04-11,0.0,1903.0,0.0
1762,2025-04-12,0.0,1903.0,0.0
1763,2025-04-13,0.0,1903.0,0.0
1764,2025-04-14,0.0,1903.0,0.0
1765,2025-04-15,0.0,1903.0,0.0
1766,2025-04-16,0.0,1903.0,0.0
1767,2025-04-17,0.0,1903.0,0.0
1768,2025-04-18,0.0,1903.0,0.0
1769,2025-04-19,0.0,1903.0,0.0
1770,2025-04-20,0.0,1903.0,0.0
1771,2025-04-21,0.0,1903.0,0.0
1772,2025-04-22,0.0,1903.0,0.0
1773,2025-04-23,0.0,1903.0,0.0
1774,2025-04-24,0.0,1903.0,0.0
1775,2025-04-25,0.0,1903.0,0.0
1776,2025-04-26,0.0,1903.0,0.0
1777,2025-04-27,0.0,1903.0,0.0
1778,2025-04-28,0.0,1903.0,0.0
1779,2025-04-29,0.0,1903.0,0.0
1780,2025-04-30,0.0,1903.0,0.0
1781,2025-05-01,0.0,1903.0,0.0
1782,2025-05-02,0.0,1903.0,0.0
1783,2025-05-03,0.0,1903.0,0.0
1784,2025-05-04,0.0,1903.0,0.0
1785,2025-05-05,0.0,1903.0,0.0
1786,2025-05-06,0.0,1903.0,0.0
1787,2025-05-07,0.0,1903.0,0.0
1788,2025-05-08,0.0,1903.0,0.0
1789,2025-05-09,0.0,1903.0,0.0
1790,2025-05-10,0.0,1903.0,0.0
1791,2025-05-11,0.0,1903.0,0.0
1792,2025-05-12,0.0,1903.0,0.0
1793,2025-05-13,0.0,1903.0,0.0
1794,2025-05-14,0.0,1903.0,0.0
1795,2025-05-15,0.0,1903.0,0.0
1796,2025-05-16,0.0,1903.0,0.0
1797,2025-05-17,0.0,1903.0,0.0
1798,2025-05-18,0.0,1903.0,0.0
1799,2025-05-19,0.0,1903.0,0.0
1800,2025-05-20,0.0,1903.0,0.0
1801,2025-05-21,0.0,1903.0,0.0
1802,2025-05-22,0.0,1903.0,0.0
1803,2025-05-23,0.0,1903.0,0.0
1804,2025-05-24,0.0,1903.0,0.0
1805,2025-05-25,0.0,1903.0,0.0
1806,2025-05-26,0.0,1903.0,0.0
1807,2025-05-27,0.0,1903.0,0.0
1808,2025-05-28,0.0,1903.0,0.0
1809,2025-05-29,0.0,1903.0,0.0
1810,2025-05-30,0.0,1903.0,0.0
1811,2025-05-31,0.0,1903.0,0.0
1812,2025-01-01,0.0,1909.0,0.0
1813,2025-01-02,0.0,1909.0,0.0
1814,2025-01-03,0.0,1909.0,0.0
1815,2025-01-04,0.0,1909.0,0.0
1816,2025-01-05,0.0,1909.0,0.0
1817,2025-01-06,0.0,1909.0,0.0
1818,2025-01-07,0.0,1909.0,0.0
1819,2025-01-08,0.0,1909.0,0.0
1820,2025-01-09,0.0,1909.0,0.0
1821,2025-01-10,0.0,1909.0,0.0
1822,2025-01-11,0.0,1909.0,0.0
1823,2025-01-12,0.0,1909.0,0.0
1824,2025-01-13,0.0,1909.0,0.0
1825,2025-01-14,0.0,1909.0,0.0
1826,2025-01-15,0.0,1909.0,0.0
1827,2025-01-16,0.0,1909.0,0.0
1828,2025-01-17,0.0,1909.0,0.0
1829,2025-01-18,0.0,1909.0,0.0
1830,2025-01-19,0.0,1909.0,0.0
1831,2025-01-20,0.0,1909.0,0.0
1832,2025-01-21,0.0,1909.0,0.0
1833,2025-01-22,0.0,1909.0,0.0
1834,2025-01-23,0.0,1909.0,0.0
1835,2025-01-24,0.0,1909.0,0.0
1836,2025-01-25,0.0,1909.0,0.0
1837,2025-01-26,0.0,1909.0,0.0
1838,2025-01-27,0.0,1909.0,0.0
1839,2025-01-28,0.0,1909.0,0.0
1840,2025-01-29,0.0,1909.0,0.0
1841,2025-01-30,0.0,1909.0,0.0
1842,2025-01-31,0.0,1909.0,0.0
1843,2025-02-01,0.0,1909.0,0.0
1844,2025-02-02,0.0,1909.0,0.0
1845,2025-02-03,0.0,1909.0,0.0
1846,2025-02-04,0.0,1909.0,0.0
1847,2025-02-05,0.0,1909.0,0.0
1848,2025-02-06,0.0,1909.0,0.0
1849,2025-02-07,0.0,1909.0,0.0
1850,2025-02-08,0.0,1909.0,0.0
1851,2025-02-09,0.0,1909.0,0.0
1852,2025-02-10,0.0,1909.0,0.0
1853,2025-02-11,0.0,1909.0,0.0
1854,2025-02-12,0.0,1909.0,0.0
1855,2025-02-13,0.0,1909.0,0.0
1856,2025-02-14,0.0,1909.0,0.0
1857,2025-02-15,0.0,1909.0,0.0
1858,2025-02-16,0.0,1909.0,0.0
1859,2025-02-17,0.0,1909.0,0.0
1860,2025-02-18,0.0,1909.0,0.0
1861,2025-02-19,0.0,1909.0,0.0
1862,2025-02-20,0.0,1909.0,0.0
1863,2025-02-21,0.0,1909.0,0.0
1864,2025-02-22,0.0,1909.0,0.0
1865,2025-02-23,0.0,1909.0,0.0
1866,2025-02-24,0.0,1909.0,0.0
1867,2025-02-25,0.0,1909.0,0.0
1868,2025-02-26,0.0,1909.0,0.0
1869,2025-02-27,0.0,1909.0,0.0
1870,2025-02-28,0.0,1909.0,0.0
1871,2025-03-01,0.0,1909.0,0.0
1872,2025-03-02,0.0,1909.0,0.0
1873,2025-03-03,0.0,1909.0,0.0
1874,2025-03-04,0.0,1909.0,0.0
1875,2025-03-05,0.0,1909.0,0.0
1876,2025-03-06,0.0,1909.0,0.0
1877,2025-03-07,0.0,1909.0,0.0
1878,2025-03-08,0.0,1909.0,0.0
1879,2025-03-09,0.0,1909.0,0.0
1880,2025-03-10,0.0,1909.0,0.0
1881,2025-03-11,0.0,1909.0,0.0
1882,2025-03-12,0.0,1909.0,0.0
1883,2025-03-13,0.0,1909.0,0.0
1884,2025-03-14,0.0,1909.0,0.0
1885,2025-03-15,0.0,1909.0,0.0
1886,2025-03-16,0.0,1909.0,0.0
1887,2025-03-17,0.0,1909.0,0.0
1888,2025-03-18,0.0,1909.0,0.0
1889,2025-03-19,0.0,1909.0,0.0
1890,2025-03-20,0.0,1909.0,0.0
1891,2025-03-21,0.0,1909.0,0.0
1892,2025-03-22,0.0,1909.0,0.0
1893,2025-03-23,0.0,1909.0,0.0
1894,2025-03-24,0.0,1909.0,0.0
1895,2025-03-25,0.0,1909.0,0.0
1896,2025-03-26,0.0,1909.0,0.0
1897,2025-03-27,0.0,1909.0,0.0
1898,2025-03-28,0.0,1909.0,0.0
1899,2025-03-29,0.0,1909.0,0.0
1900,2025-03-30,0.0,1909.0,0.0
1901,2025-03-31,0.0,1909.0,0.0
1902,2025-04-01,0.0,1909.0,0.0
1903,2025-04-02,0.0,1909.0,0.0
1904,2025-04-03,0.0,1909.0,0.0
1905,2025-04-04,0.0,1909.0,0.0
1906,2025-04-05,0.0,1909.0,0.0
1907,2025-04-06,0.0,1909.0,0.0
1908,2025-04-07,0.0,1909.0,0.0
1909,2025-04-08,0.0,1909.0,0.0
1910,2025-04-09,0.0,1909.0,0.0
1911,2025-04-10,0.0,1909.0,0.0
1912,2025-04-11,0.0,1909.0,0.0
1913,2025-04-12,0.0,1909.0,0.0
1914,2025-04-13,0.0,1909.0,0.0
1915,2025-04-14,0.0,1909.0,0.0
1916,2025-04-15,0.0,1909.0,0.0
1917,2025-04-16,0.0,1909.0,0.0
1918,2025-04-17,0.0,1909.0,0.0
1919,2025-04-18,0.0,1909.0,0.0
1920,2025-04-19,0.0,1909.0,0.0
1921,2025-04-20,0.0,1909.0,0.0
1922,2025-04-21,0.0,1909.0,0.0
1923,2025-04-22,0.0,1909.0,0.0
1924,2025-04-23,0.0,1909.0,0.0
1925,2025-04-24,0.0,1909.0,0.0
1926,2025-04-25,0.0,1909.0,0.0
1927,2025-04-26,0.0,1909.0,0.0
1928,2025-04-27,0.0,1909.0,0.0
1929,2025-04-28,0.0,1909.0,0.0
1930,2025-04-29,0.0,1909.0,0.0
1931,2025-04-30,0.0,1909.0,0.0
1932,2025-05-01,0.0,1909.0,0.0
1933,2025-05-02,0.0,1909.0,0.0
1934,2025-05-03,0.0,1909.0,0.0
1935,2025-05-04,0.0,1909.0,0.0
1936,2025-05-05,0.0,1909.0,0.0
1937,2025-05-06,0.0,1909.0,0.0
1938,2025-05-07,0.0,1909.0,0.0
1939,2025-05-08,0.0,1909.0,0.0
1940,2025-05-09,0.0,1909.0,0.0
1941,2025-05-10,0.0,1909.0,0.0
1942,2025-05-11,0.0,1909.0,0.0
1943,2025-05-12,0.0,1909.0,0.0
1944,2025-05-13,0.0,1909.0,0.0
1945,2025-05-14,0.0,1909.0,0.0
1946,2025-05-15,0.0,1909.0,0.0
1947,2025-05-16,0.0,1909.0,0.0
1948,2025-05-17,0.0,1909.0,0.0
1949,2025-05-18,0.0,1909.0,0.0
1950,2025-05-19,0.0,1909.0,0.0
1951,2025-05-20,0.0,1909.0,0.0
1952,2025-05-21,0.0,1909.0,0.0
1953,2025-05-22,0.0,1909.0,0.0
1954,2025-05-23,0.0,1909.0,0.0
1955,2025-05-24,0.0,1909.0,0.0
1956,2025-05-25,0.0,1909.0,0.0
1957,2025-05-26,0.0,1909.0,0.0
1958,2025-05-27,0.0,1909.0,0.0
1959,2025-05-28,0.0,1909.0,0.0
1960,2025-05-29,0.0,1909.0,0.0
1961,2025-05-30,0.0,1909.0,0.0
1962,2025-05-31,0.0,1909.0,0.0
1963,2025-01-01,0.0,1902.0,0.0
1964,2025-01-02,0.0,1902.0,0.0
1965,2025-01-03,0.0,1902.0,0.0
1966,2025-01-04,0.0,1902.0,0.0
1967,2025-01-05,0.0,1902.0,0.0
1968,2025-01-06,0.0,1902.0,0.0
1969,2025-01-07,0.0,1902.0,0.0
1970,2025-01-08,0.0,1902.0,0.0
1971,2025-01-09,0.0,1902.0,0.0
1972,2025-01-10,0.0,1902.0,0.0
1973,2025-01-11,0.0,1902.0,0.0
1974,2025-01-12,0.0,1902.0,0.0
1975,2025-01-13,0.0,1902.0,0.0
1976,2025-01-14,0.0,1902.0,0.0
1977,2025-01-15,0.0,1902.0,0.0
1978,2025-01-16,0.0,1902.0,0.0
1979,2025-01-17,0.0,1902.0,0.0
1980,2025-01-18,0.0,1902.0,0.0
1981,2025-01-19,0.0,1902.0,0.0
1982,2025-01-20,0.0,1902.0,0.0
1983,2025-01-21,0.0,1902.0,0.0
1984,2025-01-22,0.0,1902.0,0.0
1985,2025-01-23,0.0,1902.0,0.0
1986,2025-01-24,0.0,1902.0,0.0
1987,2025-01-25,0.0,1902.0,0.0
1988,2025-01-26,0.0,1902.0,0.0
1989,2025-01-27,0.0,1902.0,0.0
1990,2025-01-28,0.0,1902.0,0.0
1991,2025-01-29,0.0,1902.0,0.0
1992,2025-01-30,0.0,1902.0,0.0
1993,2025-01-31,0.0,1902.0,0.0
1994,2025-02-01,0.0,1902.0,0.0
1995,2025-02-02,0.0,1902.0,0.0
1996,2025-02-03,0.0,1902.0,0.0
1997,2025-02-04,0.0,1902.0,0.0
1998,2025-02-05,0.0,1902.0,0.0
1999,2025-02-06,0.0,1902.0,0.0
2000,2025-02-07,0.0,1902.0,0.0
2001,2025-02-08,0.0,1902.0,0.0
2002,2025-02-09,0.0,1902.0,0.0
2003,2025-02-10,0.0,1902.0,0.0
2004,2025-02-11,0.0,1902.0,0.0
2005,2025-02-12,0.0,1902.0,0.0
2006,2025-02-13,0.0,1902.0,0.0
2007,2025-02-14,0.0,1902.0,0.0
2008,2025-02-15,0.0,1902.0,0.0
2009,2025-02-16,0.0,1902.0,0.0
2010,2025-02-17,0.0,1902.0,0.0
2011,2025-02-18,0.0,1902.0,0.0
2012,2025-02-19,0.0,1902.0,0.0
2013,2025-02-20,0.0,1902.0,0.0
2014,2025-02-21,0.0,1902.0,0.0
2015,2025-02-22,0.0,1902.0,0.0
2016,2025-02-23,0.0,1902.0,0.0
2017,2025-02-24,0.0,1902.0,0.0
2018,2025-02-25,0.0,1902.0,0.0
2019,2025-02-26,0.0,1902.0,0.0
2020,2025-02-27,0.0,1902.0,0.0
2021,2025-02-28,0.0,1902.0,0.0
2022,2025-03-01,0.0,1902.0,0.0
2023,2025-03-02,0.0,1902.0,0.0
2024,2025-03-03,0.0,1902.0,0.0
2025,2025-03-04,0.0,1902.0,0.0
2026,2025-03-05,0.0,1902.0,0.0
2027,2025-03-06,0.0,1902.0,0.0
2028,2025-03-07,0.0,1902.0,0.0
2029,2025-03-08,0.0,1902.0,0.0
2030,2025-03-09,0.0,1902.0,0.0
2031,2025-03-10,0.0,1902.0,0.0
2032,2025-03-11,0.0,1902.0,0.0
2033,2025-03-12,0.0,1902.0,0.0
2034,2025-03-13,0.0,1902.0,0.0
2035,2025-03-14,0.0,1902.0,0.0
2036,2025-03-15,0.0,1902.0,0.0
2037,2025-03-16,0.0,1902.0,0.0
2038,2025-03-17,0.0,1902.0,0.0
2039,2025-03-18,0.0,1902.0,0.0
2040,2025-03-19,0.0,1902.0,0.0
2041,2025-03-20,0.0,1902.0,0.0
2042,2025-03-21,0.0,1902.0,0.0
2043,2025-03-22,0.0,1902.0,0.0
2044,2025-03-23,0.0,1902.0,0.0
2045,2025-03-24,0.0,1902.0,0.0
2046,2025-03-25,0.0,1902.0,0.0
2047,2025-03-26,0.0,1902.0,0.0
2048,2025-03-27,0.0,1902.0,0.0
2049,2025-03-28,0.0,1902.0,0.0
2050,2025-03-29,0.0,1902.0,0.0
2051,2025-03-30,0.0,1902.0,0.0
2052,2025-03-31,0.0,1902.0,0.0
2053,2025-04-01,0.0,1902.0,0.0
2054,2025-04-02,0.0,1902.0,0.0
2055,2025-04-03,0.0,1902.0,0.0
2056,2025-04-04,0.0,1902.0,0.0
2057,2025-04-05,0.0,1902.0,0.0
2058,2025-04-06,0.0,1902.0,0.0
2059,2025-04-07,0.0,1902.0,0.0
2060,2025-04-08,0.0,1902.0,0.0
2061,2025-04-09,0.0,1902.0,0.0
2062,2025-04-10,0.0,1902.0,0.0
2063,2025-04-11,0.0,1902.0,0.0
2064,2025-04-12,0.0,1902.0,0.0
2065,2025-04-13,0.0,1902.0,0.0
2066,2025-04-14,0.0,1902.0,0.0
2067,2025-04-15,0.0,1902.0,0.0
2068,2025-04-16,0.0,1902.0,0.0
2069,2025-04-17,0.0,1902.0,0.0
2070,2025-04-18,0.0,1902.0,0.0
2071,2025-04-19,0.0,1902.0,0.0
2072,2025-04-20,0.0,1902.0,0.0
2073,2025-04-21,0.0,1902.0,0.0
2074,2025-04-22,0.0,1902.0,0.0
2075,2025-04-23,0.0,1902.0,0.0
2076,2025-04-24,0.0,1902.0,0.0
2077,2025-04-25,0.0,1902.0,0.0
2078,2025-04-26,0.0,1902.0,0.0
2079,2025-04-27,0.0,1902.0,0.0
2080,2025-04-28,0.0,1902.0,0.0
2081,2025-04-29,0.0,1902.0,0.0
2082,2025-04-30,0.0,1902.0,0.0
2083,2025-05-01,0.0,1902.0,0.0
2084,2025-05-02,0.0,1902.0,0.0
2085,2025-05-03,0.0,1902.0,0.0
2086,2025-05-04,0.0,1902.0,0.0
2087,2025-05-05,0.0,1902.0,0.0
2088,2025-05-06,0.0,1902.0,0.0
2089,2025-05-07,0.0,1902.0,0.0
2090,2025-05-08,0.0,1902.0,0.0
2091,2025-05-09,0.0,1902.0,0.0
2092,2025-05-10,0.0,1902.0,0.0
2093,2025-05-11,0.0,1902.0,0.0
2094,2025-05-12,0.0,1902.0,0.0
2095,2025-05-13,0.0,1902.0,0.0
2096,2025-05-14,0.0,1902.0,0.0
2097,2025-05-15,0.0,1902.0,0.0
2098,2025-05-16,0.0,1902.0,0.0
2099,2025-05-17,0.0,1902.0,0.0
2100,2025-05-18,0.0,1902.0,0.0
2101,2025-05-19,0.0,1902.0,0.0
2102,2025-05-20,0.0,1902.0,0.0
2103,2025-05-21,0.0,1902.0,0.0
2104,2025-05-22,0.0,1902.0,0.0
2105,2025-05-23,0.0,1902.0,0.0
2106,2025-05-24,0.0,1902.0,0.0
2107,2025-05-25,0.0,1902.0,0.0
2108,2025-05-26,0.0,1902.0,0.0
2109,2025-05-27,0.0,1902.0,0.0
2110,2025-05-28,0.0,1902.0,0.0
2111,2025-05-29,0.0,1902.0,0.0
2112,2025-05-30,0.0,1902.0,0.0
2113,2025-05-31,0.0,1902.0,0.0
2114,2025-01-01,0.0,1907.0,0.0
2115,2025-01-02,0.0,1907.0,0.0
2116,2025-01-03,0.0,1907.0,0.0
2117,2025-01-04,0.0,1907.0,0.0
2118,2025-01-05,0.0,1907.0,0.0
2119,2025-01-06,0.0,1907.0,0.0
2120,2025-01-07,0.0,1907.0,0.0
2121,2025-01-08,0.0,1907.0,0.0
2122,2025-01-09,0.0,1907.0,0.0
2123,2025-01-10,0.0,1907.0,0.0
2124,2025-01-11,0.0,1907.0,0.0
2125,2025-01-12,0.0,1907.0,0.0
2126,2025-01-13,0.0,1907.0,0.0
2127,2025-01-14,0.0,1907.0,0.0
2128,2025-01-15,0.0,1907.0,0.0
2129,2025-01-16,0.0,1907.0,0.0
2130,2025-01-17,0.0,1907.0,0.0
2131,2025-01-18,0.0,1907.0,0.0
2132,2025-01-19,0.0,1907.0,0.0
2133,2025-01-20,0.0,1907.0,0.0
2134,2025-01-21,0.0,1907.0,0.0
2135,2025-01-22,0.0,1907.0,0.0
2136,2025-01-23,0.0,1907.0,0.0
2137,2025-01-24,0.0,1907.0,0.0
2138,2025-01-25,0.0,1907.0,0.0
2139,2025-01-26,0.0,1907.0,0.0
2140,2025-01-27,0.0,1907.0,0.0
2141,2025-01-28,0.0,1907.0,0.0
2142,2025-01-29,0.0,1907.0,0.0
2143,2025-01-30,0.0,1907.0,0.0
2144,2025-01-31,0.0,1907.0,0.0
2145,2025-02-01,0.0,1907.0,0.0
2146,2025-02-02,0.0,1907.0,0.0
2147,2025-02-03,0.0,1907.0,0.0
2148,2025-02-04,0.0,1907.0,0.0
2149,2025-02-05,0.0,1907.0,0.0
2150,2025-02-06,0.0,1907.0,0.0
2151,2025-02-07,0.0,1907.0,0.0
2152,2025-02-08,0.0,1907.0,0.0
2153,2025-02-09,0.0,1907.0,0.0
2154,2025-02-10,0.0,1907.0,0.0
2155,2025-02-11,0.0,1907.0,0.0
2156,2025-02-12,0.0,1907.0,0.0
2157,2025-02-13,0.0,1907.0,0.0
2158,2025-02-14,0.0,1907.0,0.0
2159,2025-02-15,0.0,1907.0,0.0
2160,2025-02-16,0.0,1907.0,0.0
2161,2025-02-17,0.0,1907.0,0.0
2162,2025-02-18,0.0,1907.0,0.0
2163,2025-02-19,0.0,1907.0,0.0
2164,2025-02-20,0.0,1907.0,0.0
2165,2025-02-21,0.0,1907.0,0.0
2166,2025-02-22,0.0,1907.0,0.0
2167,2025-02-23,0.0,1907.0,0.0
2168,2025-02-24,0.0,1907.0,0.0
2169,2025-02-25,0.0,1907.0,0.0
2170,2025-02-26,0.0,1907.0,0.0
2171,2025-02-27,0.0,1907.0,0.0
2172,2025-02-28,0.0,1907.0,0.0
2173,2025-03-01,0.0,1907.0,0.0
2174,2025-03-02,0.0,1907.0,0.0
2175,2025-03-03,0.0,1907.0,0.0
2176,2025-03-04,0.0,1907.0,0.0
2177,2025-03-05,0.0,1907.0,0.0
2178,2025-03-06,0.0,1907.0,0.0
2179,2025-03-07,0.0,1907.0,0.0
2180,2025-03-08,0.0,1907.0,0.0
2181,2025-03-09,0.0,1907.0,0.0
2182,2025-03-10,0.0,1907.0,0.0
2183,2025-03-11,0.0,1907.0,0.0
2184,2025-03-12,0.0,1907.0,0.0
2185,2025-03-13,0.0,1907.0,0.0
2186,2025-03-14,0.0,1907.0,0.0
2187,2025-03-15,0.0,1907.0,0.0
2188,2025-03-16,0.0,1907.0,0.0
2189,2025-03-17,0.0,1907.0,0.0
2190,2025-03-18,0.0,1907.0,0.0
2191,2025-03-19,0.0,1907.0,0.0
2192,2025-03-20,0.0,1907.0,0.0
2193,2025-03-21,0.0,1907.0,0.0
2194,2025-03-22,0.0,1907.0,0.0
2195,2025-03-23,0.0,1907.0,0.0
2196,2025-03-24,0.0,1907.0,0.0
2197,2025-03-25,0.0,1907.0,0.0
2198,2025-03-26,0.0,1907.0,0.0
2199,2025-03-27,0.0,1907.0,0.0
2200,2025-03-28,0.0,1907.0,0.0
2201,2025-03-29,0.0,1907.0,0.0
2202,2025-03-30,0.0,1907.0,0.0
2203,2025-03-31,0.0,1907.0,0.0
2204,2025-04-01,0.0,1907.0,0.0
2205,2025-04-02,0.0,1907.0,0.0
2206,2025-04-03,0.0,1907.0,0.0
2207,2025-04-04,0.0,1907.0,0.0
2208,2025-04-05,0.0,1907.0,0.0
2209,2025-04-06,0.0,1907.0,0.0
2210,2025-04-07,0.0,1907.0,0.0
2211,2025-04-08,0.0,1907.0,0.0
2212,2025-04-09,0.0,1907.0,0.0
2213,2025-04-10,0.0,1907.0,0.0
2214,2025-04-11,0.0,1907.0,0.0
2215,2025-04-12,0.0,1907.0,0.0
2216,2025-04-13,0.0,1907.0,0.0
2217,2025-04-14,0.0,1907.0,0.0
2218,2025-04-15,0.0,1907.0,0.0
2219,2025-04-16,0.0,1907.0,0.0
2220,2025-04-17,0.0,1907.0,0.0
2221,2025-04-18,0.0,1907.0,0.0
2222,2025-04-19,0.0,1907.0,0.0
2223,2025-04-20,0.0,1907.0,0.0
2224,2025-04-21,0.0,1907.0,0.0
2225,2025-04-22,0.0,1907.0,0.0
2226,2025-04-23,0.0,1907.0,0.0
2227,2025-04-24,0.0,1907.0,0.0
2228,2025-04-25,0.0,1907.0,0.0
2229,2025-04-26,0.0,1907.0,0.0
2230,2025-04-27,0.0,1907.0,0.0
2231,2025-04-28,0.0,1907.0,0.0
2232,2025-04-29,0.0,1907.0,0.0
2233,2025-04-30,0.0,1907.0,0.0
2234,2025-05-01,0.0,1907.0,0.0
2235,2025-05-02,0.0,1907.0,0.0
2236,2025-05-03,0.0,1907.0,0.0
2237,2025-05-04,0.0,1907.0,0.0
2238,2025-05-05,0.0,1907.0,0.0
2239,2025-05-06,0.0,1907.0,0.0
2240,2025-05-07,0.0,1907.0,0.0
2241,2025-05-08,0.0,1907.0,0.0
2242,2025-05-09,0.0,1907.0,0.0
2243,2025-05-10,0.0,1907.0,0.0
2244,2025-05-11,0.0,1907.0,0.0
2245,2025-05-12,0.0,1907.0,0.0
2246,2025-05-13,0.0,1907.0,0.0
2247,2025-05-14,0.0,1907.0,0.0
2248,2025-05-15,0.0,1907.0,0.0
2249,2025-05-16,0.0,1907.0,0.0
2250,2025-05-17,0.0,1907.0,0.0
2251,2025-05-18,0.0,1907.0,0.0
2252,2025-05-19,0.0,1907.0,0.0
2253,2025-05-20,0.0,1907.0,0.0
2254,2025-05-21,0.0,1907.0,0.0
2255,2025-05-22,0.0,1907.0,0.0
2256,2025-05-23,0.0,1907.0,0.0
2257,2025-05-24,0.0,1907.0,0.0
2258,2025-05-25,0.0,1907.0,0.0
2259,2025-05-26,0.0,1907.0,0.0
2260,2025-05-27,0.0,1907.0,0.0
2261,2025-05-28,0.0,1907.0,0.0
2262,2025-05-29,0.0,1907.0,0.0
2263,2025-05-30,0.0,1907.0,0.0
2264,2025-05-31,0.0,1907.0,0.0
2265,2025-01-01,0.0,1906.0,0.0
2266,2025-01-02,0.0,1906.0,0.0
2267,2025-01-03,0.0,1906.0,0.0
2268,2025-01-04,0.0,1906.0,0.0
2269,2025-01-05,0.0,1906.0,0.0
2270,2025-01-06,0.0,1906.0,0.0
2271,2025-01-07,0.0,1906.0,0.0
2272,2025-01-08,0.0,1906.0,0.0
2273,2025-01-09,0.0,1906.0,0.0
2274,2025-01-10,0.0,1906.0,0.0
2275,2025-01-11,0.0,1906.0,0.0
2276,2025-01-12,0.0,1906.0,0.0
2277,2025-01-13,0.0,1906.0,0.0
2278,2025-01-14,0.0,1906.0,0.0
2279,2025-01-15,0.0,1906.0,0.0
2280,2025-01-16,0.0,1906.0,0.0
2281,2025-01-17,0.0,1906.0,0.0
2282,2025-01-18,0.0,1906.0,0.0
2283,2025-01-19,0.0,1906.0,0.0
2284,2025-01-20,0.0,1906.0,0.0
2285,2025-01-21,0.0,1906.0,0.0
2286,2025-01-22,0.0,1906.0,0.0
2287,2025-01-23,0.0,1906.0,0.0
2288,2025-01-24,0.0,1906.0,0.0
2289,2025-01-25,0.0,1906.0,0.0
2290,2025-01-26,0.0,1906.0,0.0
2291,2025-01-27,0.0,1906.0,0.0
2292,2025-01-28,0.0,1906.0,0.0
2293,2025-01-29,0.0,1906.0,0.0
2294,2025-01-30,0.0,1906.0,0.0
2295,2025-01-31,0.0,1906.0,0.0
2296,2025-02-01,0.0,1906.0,0.0
2297,2025-02-02,0.0,1906.0,0.0
2298,2025-02-03,0.0,1906.0,0.0
2299,2025-02-04,0.0,1906.0,0.0
2300,2025-02-05,0.0,1906.0,0.0
2301,2025-02-06,0.0,1906.0,0.0
2302,2025-02-07,0.0,1906.0,0.0
2303,2025-02-08,0.0,1906.0,0.0
2304,2025-02-09,0.0,1906.0,0.0
2305,2025-02-10,0.0,1906.0,0.0
2306,2025-02-11,0.0,1906.0,0.0
2307,2025-02-12,0.0,1906.0,0.0
2308,2025-02-13,0.0,1906.0,0.0
2309,2025-02-14,0.0,1906.0,0.0
2310,2025-02-15,0.0,1906.0,0.0
2311,2025-02-16,0.0,1906.0,0.0
2312,2025-02-17,0.0,1906.0,0.0
2313,2025-02-18,0.0,1906.0,0.0
2314,2025-02-19,0.0,1906.0,0.0
2315,2025-02-20,0.0,1906.0,0.0
2316,2025-02-21,0.0,1906.0,0.0
2317,2025-02-22,0.0,1906.0,0.0
2318,2025-02-23,0.0,1906.0,0.0
2319,2025-02-24,0.0,1906.0,0.0
2320,2025-02-25,0.0,1906.0,0.0
2321,2025-02-26,0.0,1906.0,0.0
2322,2025-02-27,0.0,1906.0,0.0
2323,2025-02-28,0.0,1906.0,0.0
2324,2025-03-01,0.0,1906.0,0.0
2325,2025-03-02,0.0,1906.0,0.0
2326,2025-03-03,0.0,1906.0,0.0
2327,2025-03-04,0.0,1906.0,0.0
2328,2025-03-05,0.0,1906.0,0.0
2329,2025-03-06,0.0,1906.0,0.0
2330,2025-03-07,0.0,1906.0,0.0
2331,2025-03-08,0.0,1906.0,0.0
2332,2025-03-09,0.0,1906.0,0.0
2333,2025-03-10,0.0,1906.0,0.0
2334,2025-03-11,0.0,1906.0,0.0
2335,2025-03-12,0.0,1906.0,0.0
2336,2025-03-13,0.0,1906.0,0.0
2337,2025-03-14,0.0,1906.0,0.0
2338,2025-03-15,0.0,1906.0,0.0
2339,2025-03-16,0.0,1906.0,0.0
2340,2025-03-17,0.0,1906.0,0.0
2341,2025-03-18,0.0,1906.0,0.0
2342,2025-03-19,0.0,1906.0,0.0
2343,2025-03-20,0.0,1906.0,0.0
2344,2025-03-21,0.0,1906.0,0.0
2345,2025-03-22,0.0,1906.0,0.0
2346,2025-03-23,0.0,1906.0,0.0
2347,2025-03-24,0.0,1906.0,0.0
2348,2025-03-25,0.0,1906.0,0.0
2349,2025-03-26,0.0,1906.0,0.0
2350,2025-03-27,0.0,1906.0,0.0
2351,2025-03-28,0.0,1906.0,0.0
2352,2025-03-29,0.0,1906.0,0.0
2353,2025-03-30,0.0,1906.0,0.0
2354,2025-03-31,0.0,1906.0,0.0
2355,2025-04-01,0.0,1906.0,0.0
2356,2025-04-02,0.0,1906.0,0.0
2357,2025-04-03,0.0,1906.0,0.0
2358,2025-04-04,0.0,1906.0,0.0
2359,2025-04-05,0.0,1906.0,0.0
2360,2025-04-06,0.0,1906.0,0.0
2361,2025-04-07,0.0,1906.0,0.0
2362,2025-04-08,0.0,1906.0,0.0
2363,2025-04-09,0.0,1906.0,0.0
2364,2025-04-10,0.0,1906.0,0.0
2365,2025-04-11,0.0,1906.0,0.0
2366,2025-04-12,0.0,1906.0,0.0
2367,2025-04-13,0.0,1906.0,0.0
2368,2025-04-14,0.0,1906.0,0.0
2369,2025-04-15,0.0,1906.0,0.0
2370,2025-04-16,0.0,1906.0,0.0
2371,2025-04-17,0.0,1906.0,0.0
2372,2025-04-18,0.0,1906.0,0.0
2373,2025-04-19,0.0,1906.0,0.0
2374,2025-04-20,0.0,1906.0,0.0
2375,2025-04-21,0.0,1906.0,0.0
2376,2025-04-22,0.0,1906.0,0.0
2377,2025-04-23,0.0,1906.0,0.0
2378,2025-04-24,0.0,1906.0,0.0
2379,2025-04-25,0.0,1906.0,0.0
2380,2025-04-26,0.0,1906.0,0.0
2381,2025-04-27,0.0,1906.0,0.0
2382,2025-04-28,0.0,1906.0,0.0
2383,2025-04-29,0.0,1906.0,0.0
2384,2025-04-30,0.0,1906.0,0.0
2385,2025-05-01,0.0,1906.0,0.0
2386,2025-05-02,0.0,1906.0,0.0
2387,2025-05-03,0.0,1906.0,0.0
2388,2025-05-04,0.0,1906.0,0.0
2389,2025-05-05,0.0,1906.0,0.0
2390,2025-05-06,0.0,1906.0,0.0
2391,2025-05-07,0.0,1906.0,0.0
2392,2025-05-08,0.0,1906.0,0.0
2393,2025-05-09,0.0,1906.0,0.0
2394,2025-05-10,0.0,1906.0,0.0
2395,2025-05-11,0.0,1906.0,0.0
2396,2025-05-12,0.0,1906.0,0.0
2397,2025-05-13,0.0,1906.0,0.0
2398,2025-05-14,0.0,1906.0,0.0
2399,2025-05-15,0.0,1906.0,0.0
2400,2025-05-16,0.0,1906.0,0.0
2401,2025-05-17,0.0,1906.0,0.0
2402,2025-05-18,0.0,1906.0,0.0
2403,2025-05-19,0.0,1906.0,0.0
2404,2025-05-20,0.0,1906.0,0.0
2405,2025-05-21,0.0,1906.0,0.0
2406,2025-05-22,0.0,1906.0,0.0
2407,2025-05-23,0.0,1906.0,0.0
2408,2025-05-24,0.0,1906.0,0.0
2409,2025-05-25,0.0,1906.0,0.0
2410,2025-05-26,0.0,1906.0,0.0
2411,2025-05-27,0.0,1906.0,0.0
2412,2025-05-28,0.0,1906.0,0.0
2413,2025-05-29,0.0,1906.0,0.0
2414,2025-05-30,0.0,1906.0,0.0
2415,2025-05-31,0.0,1906.0,0.0
2416,2025-01-01,0.0,1901.0,0.0
2417,2025-01-02,0.0,1901.0,0.0
2418,2025-01-03,0.0,1901.0,0.0
2419,2025-01-04,0.0,1901.0,0.0
2420,2025-01-05,0.0,1901.0,0.0
2421,2025-01-06,0.0,1901.0,0.0
2422,2025-01-07,0.0,1901.0,0.0
2423,2025-01-08,0.0,1901.0,0.0
2424,2025-01-09,0.0,1901.0,0.0
2425,2025-01-10,0.0,1901.0,0.0
2426,2025-01-11,0.0,1901.0,0.0
2427,2025-01-12,0.0,1901.0,0.0
2428,2025-01-13,0.0,1901.0,0.0
2429,2025-01-14,0.0,1901.0,0.0
2430,2025-01-15,0.0,1901.0,0.0
2431,2025-01-16,0.0,1901.0,0.0
2432,2025-01-17,0.0,1901.0,0.0
2433,2025-01-18,0.0,1901.0,0.0
2434,2025-01-19,0.0,1901.0,0.0
2435,2025-01-20,0.0,1901.0,0.0
2436,2025-01-21,0.0,1901.0,0.0
2437,2025-01-22,0.0,1901.0,0.0
2438,2025-01-23,0.0,1901.0,0.0
2439,2025-01-24,0.0,1901.0,0.0
2440,2025-01-25,0.0,1901.0,0.0
2441,2025-01-26,0.0,1901.0,0.0
2442,2025-01-27,0.0,1901.0,0.0
2443,2025-01-28,0.0,1901.0,0.0
2444,2025-01-29,0.0,1901.0,0.0
2445,2025-01-30,0.0,1901.0,0.0
2446,2025-01-31,0.0,1901.0,0.0
2447,2025-02-01,0.0,1901.0,0.0
2448,2025-02-02,0.0,1901.0,0.0
2449,2025-02-03,0.0,1901.0,0.0
2450,2025-02-04,0.0,1901.0,0.0
2451,2025-02-05,0.0,1901.0,0.0
2452,2025-02-06,0.0,1901.0,0.0
2453,2025-02-07,0.0,1901.0,0.0
2454,2025-02-08,0.0,1901.0,0.0
2455,2025-02-09,0.0,1901.0,0.0
2456,2025-02-10,0.0,1901.0,0.0
2457,2025-02-11,0.0,1901.0,0.0
2458,2025-02-12,0.0,1901.0,0.0
2459,2025-02-13,0.0,1901.0,0.0
2460,2025-02-14,0.0,1901.0,0.0
2461,2025-02-15,0.0,1901.0,0.0
2462,2025-02-16,0.0,1901.0,0.0
2463,2025-02-17,0.0,1901.0,0.0
2464,2025-02-18,0.0,1901.0,0.0
2465,2025-02-19,0.0,1901.0,0.0
2466,2025-02-20,0.0,1901.0,0.0
2467,2025-02-21,0.0,1901.0,0.0
2468,2025-02-22,0.0,1901.0,0.0
2469,2025-02-23,0.0,1901.0,0.0
2470,2025-02-24,0.0,1901.0,0.0
2471,2025-02-25,0.0,1901.0,0.0
2472,2025-02-26,0.0,1901.0,0.0
2473,2025-02-27,0.0,1901.0,0.0
2474,2025-02-28,0.0,1901.0,0.0
2475,2025-03-01,0.0,1901.0,0.0
2476,2025-03-02,0.0,1901.0,0.0
2477,2025-03-03,0.0,1901.0,0.0
2478,2025-03-04,0.0,1901.0,0.0
2479,2025-03-05,0.0,1901.0,0.0
2480,2025-03-06,0.0,1901.0,0.0
2481,2025-03-07,0.0,1901.0,0.0
2482,2025-03-08,0.0,1901.0,0.0
2483,2025-03-09,0.0,1901.0,0.0
2484,2025-03-10,0.0,1901.0,0.0
2485,2025-03-11,0.0,1901.0,0.0
2486,2025-03-12,0.0,1901.0,0.0
2487,2025-03-13,0.0,1901.0,0.0
2488,2025-03-14,0.0,1901.0,0.0
2489,2025-03-15,0.0,1901.0,0.0
2490,2025-03-16,0.0,1901.0,0.0
2491,2025-03-17,0.0,1901.0,0.0
2492,2025-03-18,0.0,1901.0,0.0
2493,2025-03-19,0.0,1901.0,0.0
2494,2025-03-20,0.0,1901.0,0.0
2495,2025-03-21,0.0,1901.0,0.0
2496,2025-03-22,0.0,1901.0,0.0
2497,2025-03-23,0.0,1901.0,0.0
2498,2025-03-24,0.0,1901.0,0.0
2499,2025-03-25,0.0,1901.0,0.0
2500,2025-03-26,0.0,1901.0,0.0
2501,2025-03-27,0.0,1901.0,0.0
2502,2025-03-28,0.0,1901.0,0.0
2503,2025-03-29,0.0,1901.0,0.0
2504,2025-03-30,0.0,1901.0,0.0
2505,2025-03-31,0.0,1901.0,0.0
2506,2025-04-01,0.0,1901.0,0.0
2507,2025-04-02,0.0,1901.0,0.0
2508,2025-04-03,0.0,1901.0,0.0
2509,2025-04-04,0.0,1901.0,0.0
2510,2025-04-05,0.0,1901.0,0.0
2511,2025-04-06,0.0,1901.0,0.0
2512,2025-04-07,0.0,1901.0,0.0
2513,2025-04-08,0.0,1901.0,0.0
2514,2025-04-09,0.0,1901.0,0.0
2515,2025-04-10,0.0,1901.0,0.0
2516,2025-04-11,0.0,1901.0,0.0
2517,2025-04-12,0.0,1901.0,0.0
2518,2025-04-13,0.0,1901.0,0.0
2519,2025-04-14,0.0,1901.0,0.0
2520,2025-04-15,0.0,1901.0,0.0
2521,2025-04-16,0.0,1901.0,0.0
2522,2025-04-17,0.0,1901.0,0.0
2523,2025-04-18,0.0,1901.0,0.0
2524,2025-04-19,0.0,1901.0,0.0
2525,2025-04-20,0.0,1901.0,0.0
2526,2025-04-21,0.0,1901.0,0.0
2527,2025-04-22,0.0,1901.0,0.0
2528,2025-04-23,0.0,1901.0,0.0
2529,2025-04-24,0.0,1901.0,0.0
2530,2025-04-25,0.0,1901.0,0.0
2531,2025-04-26,0.0,1901.0,0.0
2532,2025-04-27,0.0,1901.0,0.0
2533,2025-04-28,0.0,1901.0,0.0
2534,2025-04-29,0.0,1901.0,0.0
2535,2025-04-30,0.0,1901.0,0.0
2536,2025-05-01,0.0,1901.0,0.0
2537,2025-05-02,0.0,1901.0,0.0
2538,2025-05-03,0.0,1901.0,0.0
2539,2025-05-04,0.0,1901.0,0.0
2540,2025-05-05,0.0,1901.0,0.0
2541,2025-05-06,0.0,1901.0,0.0
2542,2025-05-07,0.0,1901.0,0.0
2543,2025-05-08,0.0,1901.0,0.0
2544,2025-05-09,0.0,1901.0,0.0
2545,2025-05-10,0.0,1901.0,0.0
2546,2025-05-11,0.0,1901.0,0.0
2547,2025-05-12,0.0,1901.0,0.0
2548,2025-05-13,0.0,1901.0,0.0
2549,2025-05-14,0.0,1901.0,0.0
2550,2025-05-15,0.0,1901.0,0.0
2551,2025-05-16,0.0,1901.0,0.0
2552,2025-05-17,0.0,1901.0,0.0
2553,2025-05-18,0.0,1901.0,0.0
2554,2025-05-19,0.0,1901.0,0.0
2555,2025-05-20,0.0,1901.0,0.0
2556,2025-05-21,0.0,1901.0,0.0
2557,2025-05-22,0.0,1901.0,0.0
2558,2025-05-23,0.0,1901.0,0.0
2559,2025-05-24,0.0,1901.0,0.0
2560,2025-05-25,0.0,1901.0,0.0
2561,2025-05-26,0.0,1901.0,0.0
2562,2025-05-27,0.0,1901.0,0.0
2563,2025-05-28,0.0,1901.0,0.0
2564,2025-05-29,0.0,1901.0,0.0
2565,2025-05-30,0.0,1901.0,0.0
2566,2025-05-31,0.0,1901.0,0.0
2567,2025-01-01,0.0,1904.0,0.0
2568,2025-01-02,0.0,1904.0,0.0
2569,2025-01-03,0.0,1904.0,0.0
2570,2025-01-04,0.0,1904.0,0.0
2571,2025-01-05,0.0,1904.0,0.0
2572,2025-01-06,0.0,1904.0,0.0
2573,2025-01-07,0.0,1904.0,0.0
2574,2025-01-08,0.0,1904.0,0.0
2575,2025-01-09,0.0,1904.0,0.0
2576,2025-01-10,0.0,1904.0,0.0
2577,2025-01-11,0.0,1904.0,0.0
2578,2025-01-12,0.0,1904.0,0.0
2579,2025-01-13,0.0,1904.0,0.0
2580,2025-01-14,0.0,1904.0,0.0
2581,2025-01-15,0.0,1904.0,0.0
2582,2025-01-16,0.0,1904.0,0.0
2583,2025-01-17,0.0,1904.0,0.0
2584,2025-01-18,0.0,1904.0,0.0
2585,2025-01-19,0.0,1904.0,0.0
2586,2025-01-20,0.0,1904.0,0.0
2587,2025-01-21,0.0,1904.0,0.0
2588,2025-01-22,0.0,1904.0,0.0
2589,2025-01-23,0.0,1904.0,0.0
2590,2025-01-24,0.0,1904.0,0.0
2591,2025-01-25,0.0,1904.0,0.0
2592,2025-01-26,0.0,1904.0,0.0
2593,2025-01-27,0.0,1904.0,0.0
2594,2025-01-28,0.0,1904.0,0.0
2595,2025-01-29,0.0,1904.0,0.0
2596,2025-01-30,0.0,1904.0,0.0
2597,2025-01-31,0.0,1904.0,0.0
2598,2025-02-01,0.0,1904.0,0.0
2599,2025-02-02,0.0,1904.0,0.0
2600,2025-02-03,0.0,1904.0,0.0
2601,2025-02-04,0.0,1904.0,0.0
2602,2025-02-05,0.0,1904.0,0.0
2603,2025-02-06,0.0,1904.0,0.0
2604,2025-02-07,0.0,1904.0,0.0
2605,2025-02-08,0.0,1904.0,0.0
2606,2025-02-09,0.0,1904.0,0.0
2607,2025-02-10,0.0,1904.0,0.0
2608,2025-02-11,0.0,1904.0,0.0
2609,2025-02-12,0.0,1904.0,0.0
2610,2025-02-13,0.0,1904.0,0.0
2611,2025-02-14,0.0,1904.0,0.0
2612,2025-02-15,0.0,1904.0,0.0
2613,2025-02-16,0.0,1904.0,0.0
2614,2025-02-17,0.0,1904.0,0.0
2615,2025-02-18,0.0,1904.0,0.0
2616,2025-02-19,0.0,1904.0,0.0
2617,2025-02-20,0.0,1904.0,0.0
2618,2025-02-21,0.0,1904.0,0.0
2619,2025-02-22,0.0,1904.0,0.0
2620,2025-02-23,0.0,1904.0,0.0
2621,2025-02-24,0.0,1904.0,0.0
2622,2025-02-25,0.0,1904.0,0.0
2623,2025-02-26,0.0,1904.0,0.0
2624,2025-02-27,0.0,1904.0,0.0
2625,2025-02-28,0.0,1904.0,0.0
2626,2025-03-01,0.0,1904.0,0.0
2627,2025-03-02,0.0,1904.0,0.0
2628,2025-03-03,0.0,1904.0,0.0
2629,2025-03-04,0.0,1904.0,0.0
2630,2025-03-05,0.0,1904.0,0.0
2631,2025-03-06,0.0,1904.0,0.0
2632,2025-03-07,0.0,1904.0,0.0
2633,2025-03-08,0.0,1904.0,0.0
2634,2025-03-09,0.0,1904.0,0.0
2635,2025-03-10,0.0,1904.0,0.0
2636,2025-03-11,0.0,1904.0,0.0
2637,2025-03-12,0.0,1904.0,0.0
2638,2025-03-13,0.0,1904.0,0.0
2639,2025-03-14,0.0,1904.0,0.0
2640,2025-03-15,0.0,1904.0,0.0
2641,2025-03-16,0.0,1904.0,0.0
2642,2025-03-17,0.0,1904.0,0.0
2643,2025-03-18,0.0,1904.0,0.0
2644,2025-03-19,0.0,1904.0,0.0
2645,2025-03-20,0.0,1904.0,0.0
2646,2025-03-21,0.0,1904.0,0.0
2647,2025-03-22,0.0,1904.0,0.0
2648,2025-03-23,0.0,1904.0,0.0
2649,2025-03-24,0.0,1904.0,0.0
2650,2025-03-25,0.0,1904.0,0.0
2651,2025-03-26,0.0,1904.0,0.0
2652,2025-03-27,0.0,1904.0,0.0
2653,2025-03-28,0.0,1904.0,0.0
2654,2025-03-29,0.0,1904.0,0.0
2655,2025-03-30,0.0,1904.0,0.0
2656,2025-03-31,0.0,1904.0,0.0
2657,2025-04-01,0.0,1904.0,0.0
2658,2025-04-02,0.0,1904.0,0.0
2659,2025-04-03,0.0,1904.0,0.0
2660,2025-04-04,0.0,1904.0,0.0
2661,2025-04-05,0.0,1904.0,0.0
2662,2025-04-06,0.0,1904.0,0.0
2663,2025-04-07,0.0,1904.0,0.0
2664,2025-04-08,0.0,1904.0,0.0
2665,2025-04-09,0.0,1904.0,0.0
2666,2025-04-10,0.0,1904.0,0.0
2667,2025-04-11,0.0,1904.0,0.0
2668,2025-04-12,0.0,1904.0,0.0
2669,2025-04-13,0.0,1904.0,0.0
2670,2025-04-14,0.0,1904.0,0.0
2671,2025-04-15,0.0,1904.0,0.0
2672,2025-04-16,0.0,1904.0,0.0
2673,2025-04-17,0.0,1904.0,0.0
2674,2025-04-18,0.0,1904.0,0.0
2675,2025-04-19,0.0,1904.0,0.0
2676,2025-04-20,0.0,1904.0,0.0
2677,2025-04-21,0.0,1904.0,0.0
2678,2025-04-22,0.0,1904.0,0.0
2679,2025-04-23,0.0,1904.0,0.0
2680,2025-04-24,0.0,1904.0,0.0
2681,2025-04-25,0.0,1904.0,0.0
2682,2025-04-26,0.0,1904.0,0.0
2683,2025-04-27,0.0,1904.0,0.0
2684,2025-04-28,0.0,1904.0,0.0
2685,2025-04-29,0.0,1904.0,0.0
2686,2025-04-30,0.0,1904.0,0.0
2687,2025-05-01,0.0,1904.0,0.0
2688,2025-05-02,0.0,1904.0,0.0
2689,2025-05-03,0.0,1904.0,0.0
2690,2025-05-04,0.0,1904.0,0.0
2691,2025-05-05,0.0,1904.0,0.0
2692,2025-05-06,0.0,1904.0,0.0
2693,2025-05-07,0.0,1904.0,0.0
2694,2025-05-08,0.0,1904.0,0.0
2695,2025-05-09,0.0,1904.0,0.0
2696,2025-05-10,0.0,1904.0,0.0
2697,2025-05-11,0.0,1904.0,0.0
2698,2025-05-12,0.0,1904.0,0.0
2699,2025-05-13,0.0,1904.0,0.0
2700,2025-05-14,0.0,1904.0,0.0
2701,2025-05-15,0.0,1904.0,0.0
2702,2025-05-16,0.0,1904.0,0.0
2703,2025-05-17,0.0,1904.0,0.0
2704,2025-05-18,0.0,1904.0,0.0
2705,2025-05-19,0.0,1904.0,0.0
2706,2025-05-20,0.0,1904.0,0.0
2707,2025-05-21,0.0,1904.0,0.0
2708,2025-05-22,0.0,1904.0,0.0
2709,2025-05-23,0.0,1904.0,0.0
2710,2025-05-24,0.0,1904.0,0.0
2711,2025-05-25,0.0,1904.0,0.0
2712,2025-05-26,0.0,1904.0,0.0
2713,2025-05-27,0.0,1904.0,0.0
2714,2025-05-28,0.0,1904.0,0.0
2715,2025-05-29,0.0,1904.0,0.0
2716,2025-05-30,0.0,1904.0,0.0
2717,2025-05-31,0.0,1904.0,0.0
2718,2025-01-01,0.0,1908.0,0.0
2719,2025-01-02,0.0,1908.0,0.0
2720,2025-01-03,0.0,1908.0,0.0
2721,2025-01-04,0.0,1908.0,0.0
2722,2025-01-05,0.0,1908.0,0.0
2723,2025-01-06,0.0,1908.0,0.0
2724,2025-01-07,0.0,1908.0,0.0
2725,2025-01-08,0.0,1908.0,0.0
2726,2025-01-09,0.0,1908.0,0.0
2727,2025-01-10,0.0,1908.0,0.0
2728,2025-01-11,0.0,1908.0,0.0
2729,2025-01-12,0.0,1908.0,0.0
2730,2025-01-13,0.0,1908.0,0.0
2731,2025-01-14,0.0,1908.0,0.0
2732,2025-01-15,0.0,1908.0,0.0
2733,2025-01-16,0.0,1908.0,0.0
2734,2025-01-17,0.0,1908.0,0.0
2735,2025-01-18,0.0,1908.0,0.0
2736,2025-01-19,0.0,1908.0,0.0
2737,2025-01-20,0.0,1908.0,0.0
2738,2025-01-21,0.0,1908.0,0.0
2739,2025-01-22,0.0,1908.0,0.0
2740,2025-01-23,0.0,1908.0,0.0
2741,2025-01-24,0.0,1908.0,0.0
2742,2025-01-25,0.0,1908.0,0.0
2743,2025-01-26,0.0,1908.0,0.0
2744,2025-01-27,0.0,1908.0,0.0
2745,2025-01-28,0.0,1908.0,0.0
2746,2025-01-29,0.0,1908.0,0.0
2747,2025-01-30,0.0,1908.0,0.0
2748,2025-01-31,0.0,1908.0,0.0
2749,2025-02-01,0.0,1908.0,0.0
2750,2025-02-02,0.0,1908.0,0.0
2751,2025-02-03,0.0,1908.0,0.0
2752,2025-02-04,0.0,1908.0,0.0
2753,2025-02-05,0.0,1908.0,0.0
2754,2025-02-06,0.0,1908.0,0.0
2755,2025-02-07,0.0,1908.0,0.0
2756,2025-02-08,0.0,1908.0,0.0
2757,2025-02-09,0.0,1908.0,0.0
2758,2025-02-10,0.0,1908.0,0.0
2759,2025-02-11,0.0,1908.0,0.0
2760,2025-02-12,0.0,1908.0,0.0
2761,2025-02-13,0.0,1908.0,0.0
2762,2025-02-14,0.0,1908.0,0.0
2763,2025-02-15,0.0,1908.0,0.0
2764,2025-02-16,0.0,1908.0,0.0
2765,2025-02-17,0.0,1908.0,0.0
2766,2025-02-18,0.0,1908.0,0.0
2767,2025-02-19,0.0,1908.0,0.0
2768,2025-02-20,0.0,1908.0,0.0
2769,2025-02-21,0.0,1908.0,0.0
2770,2025-02-22,0.0,1908.0,0.0
2771,2025-02-23,0.0,1908.0,0.0
2772,2025-02-24,0.0,1908.0,0.0
2773,2025-02-25,0.0,1908.0,0.0
2774,2025-02-26,0.0,1908.0,0.0
2775,2025-02-27,0.0,1908.0,0.0
2776,2025-02-28,0.0,1908.0,0.0
2777,2025-03-01,0.0,1908.0,0.0
2778,2025-03-02,0.0,1908.0,0.0
2779,2025-03-03,0.0,1908.0,0.0
2780,2025-03-04,0.0,1908.0,0.0
2781,2025-03-05,0.0,1908.0,0.0
2782,2025-03-06,0.0,1908.0,0.0
2783,2025-03-07,0.0,1908.0,0.0
2784,2025-03-08,0.0,1908.0,0.0
2785,2025-03-09,0.0,1908.0,0.0
2786,2025-03-10,0.0,1908.0,0.0
2787,2025-03-11,0.0,1908.0,0.0
2788,2025-03-12,0.0,1908.0,0.0
2789,2025-03-13,0.0,1908.0,0.0
2790,2025-03-14,0.0,1908.0,0.0
2791,2025-03-15,0.0,1908.0,0.0
2792,2025-03-16,0.0,1908.0,0.0
2793,2025-03-17,0.0,1908.0,0.0
2794,2025-03-18,0.0,1908.0,0.0
2795,2025-03-19,0.0,1908.0,0.0
2796,2025-03-20,0.0,1908.0,0.0
2797,2025-03-21,0.0,1908.0,0.0
2798,2025-03-22,0.0,1908.0,0.0
2799,2025-03-23,0.0,1908.0,0.0
2800,2025-03-24,0.0,1908.0,0.0
2801,2025-03-25,0.0,1908.0,0.0
2802,2025-03-26,0.0,1908.0,0.0
2803,2025-03-27,0.0,1908.0,0.0
2804,2025-03-28,0.0,1908.0,0.0
2805,2025-03-29,0.0,1908.0,0.0
2806,2025-03-30,0.0,1908.0,0.0
2807,2025-03-31,0.0,1908.0,0.0
2808,2025-04-01,0.0,1908.0,0.0
2809,2025-04-02,0.0,1908.0,0.0
2810,2025-04-03,0.0,1908.0,0.0
2811,2025-04-04,0.0,1908.0,0.0
2812,2025-04-05,0.0,1908.0,0.0
2813,2025-04-06,0.0,1908.0,0.0
2814,2025-04-07,0.0,1908.0,0.0
2815,2025-04-08,0.0,1908.0,0.0
2816,2025-04-09,0.0,1908.0,0.0
2817,2025-04-10,0.0,1908.0,0.0
2818,2025-04-11,0.0,1908.0,0.0
2819,2025-04-12,0.0,1908.0,0.0
2820,2025-04-13,0.0,1908.0,0.0
2821,2025-04-14,0.0,1908.0,0.0
2822,2025-04-15,0.0,1908.0,0.0
2823,2025-04-16,0.0,1908.0,0.0
2824,2025-04-17,0.0,1908.0,0.0
2825,2025-04-18,0.0,1908.0,0.0
2826,2025-04-19,0.0,1908.0,0.0
2827,2025-04-20,0.0,1908.0,0.0
2828,2025-04-21,0.0,1908.0,0.0
2829,2025-04-22,0.0,1908.0,0.0
2830,2025-04-23,0.0,1908.0,0.0
2831,2025-04-24,0.0,1908.0,0.0
2832,2025-04-25,0.0,1908.0,0.0
2833,2025-04-26,0.0,1908.0,0.0
2834,2025-04-27,0.0,1908.0,0.0
2835,2025-04-28,0.0,1908.0,0.0
2836,2025-04-29,0.0,1908.0,0.0
2837,2025-04-30,0.0,1908.0,0.0
2838,2025-05-01,0.0,1908.0,0.0
2839,2025-05-02,0.0,1908.0,0.0
2840,2025-05-03,0.0,1908.0,0.0
2841,2025-05-04,0.0,1908.0,0.0
2842,2025-05-05,0.0,1908.0,0.0
2843,2025-05-06,0.0,1908.0,0.0
2844,2025-05-07,0.0,1908.0,0.0
2845,2025-05-08,0.0,1908.0,0.0
2846,2025-05-09,0.0,1908.0,0.0
2847,2025-05-10,0.0,1908.0,0.0
2848,2025-05-11,0.0,1908.0,0.0
2849,2025-05-12,0.0,1908.0,0.0
2850,2025-05-13,0.0,1908.0,0.0
2851,2025-05-14,0.0,1908.0,0.0
2852,2025-05-15,0.0,1908.0,0.0
2853,2025-05-16,0.0,1908.0,0.0
2854,2025-05-17,0.0,1908.0,0.0
2855,2025-05-18,0.0,1908.0,0.0
2856,2025-05-19,0.0,1908.0,0.0
2857,2025-05-20,0.0,1908.0,0.0
2858,2025-05-21,0.0,1908.0,0.0
2859,2025-05-22,0.0,1908.0,0.0
2860,2025-05-23,0.0,1908.0,0.0
2861,2025-05-24,0.0,1908.0,0.0
2862,2025-05-25,0.0,1908.0,0.0
2863,2025-05-26,0.0,1908.0,0.0
2864,2025-05-27,0.0,1908.0,0.0
2865,2025-05-28,0.0,1908.0,0.0
2866,2025-05-29,0.0,1908.0,0.0
2867,2025-05-30,0.0,1908.0,0.0
2868,2025-05-31,0.0,1908.0,0.0
2869,2025-01-01,0.0,1905.0,0.0
2870,2025-01-02,0.0,1905.0,0.0
2871,2025-01-03,0.0,1905.0,0.0
2872,2025-01-04,0.0,1905.0,0.0
2873,2025-01-05,0.0,1905.0,0.0
2874,2025-01-06,0.0,1905.0,0.0
2875,2025-01-07,0.0,1905.0,0.0
2876,2025-01-08,0.0,1905.0,0.0
2877,2025-01-09,0.0,1905.0,0.0
2878,2025-01-10,0.0,1905.0,0.0
2879,2025-01-11,0.0,1905.0,0.0
2880,2025-01-12,0.0,1905.0,0.0
2881,2025-01-13,0.0,1905.0,0.0
2882,2025-01-14,0.0,1905.0,0.0
2883,2025-01-15,0.0,1905.0,0.0
2884,2025-01-16,0.0,1905.0,0.0
2885,2025-01-17,0.0,1905.0,0.0
2886,2025-01-18,0.0,1905.0,0.0
2887,2025-01-19,0.0,1905.0,0.0
2888,2025-01-20,0.0,1905.0,0.0
2889,2025-01-21,0.0,1905.0,0.0
2890,2025-01-22,0.0,1905.0,0.0
2891,2025-01-23,0.0,1905.0,0.0
2892,2025-01-24,0.0,1905.0,0.0
2893,2025-01-25,0.0,1905.0,0.0
2894,2025-01-26,0.0,1905.0,0.0
2895,2025-01-27,0.0,1905.0,0.0
2896,2025-01-28,0.0,1905.0,0.0
2897,2025-01-29,0.0,1905.0,0.0
2898,2025-01-30,0.0,1905.0,0.0
2899,2025-01-31,0.0,1905.0,0.0
2900,2025-02-01,0.0,1905.0,0.0
2901,2025-02-02,0.0,1905.0,0.0
2902,2025-02-03,0.0,1905.0,0.0
2903,2025-02-04,0.0,1905.0,0.0
2904,2025-02-05,0.0,1905.0,0.0
2905,2025-02-06,0.0,1905.0,0.0
2906,2025-02-07,0.0,1905.0,0.0
2907,2025-02-08,0.0,1905.0,0.0
2908,2025-02-09,0.0,1905.0,0.0
2909,2025-02-10,0.0,1905.0,0.0
2910,2025-02-11,0.0,1905.0,0.0
2911,2025-02-12,0.0,1905.0,0.0
2912,2025-02-13,0.0,1905.0,0.0
2913,2025-02-14,0.0,1905.0,0.0
2914,2025-02-15,0.0,1905.0,0.0
2915,2025-02-16,0.0,1905.0,0.0
2916,2025-02-17,0.0,1905.0,0.0
2917,2025-02-18,0.0,1905.0,0.0
2918,2025-02-19,0.0,1905.0,0.0
2919,2025-02-20,0.0,1905.0,0.0
2920,2025-02-21,0.0,1905.0,0.0
2921,2025-02-22,0.0,1905.0,0.0
2922,2025-02-23,0.0,1905.0,0.0
2923,2025-02-24,0.0,1905.0,0.0
2924,2025-02-25,0.0,1905.0,0.0
2925,2025-02-26,0.0,1905.0,0.0
2926,2025-02-27,0.0,1905.0,0.0
2927,2025-02-28,0.0,1905.0,0.0
2928,2025-03-01,0.0,1905.0,0.0
2929,2025-03-02,0.0,1905.0,0.0
2930,2025-03-03,0.0,1905.0,0.0
2931,2025-03-04,0.0,1905.0,0.0
2932,2025-03-05,0.0,1905.0,0.0
2933,2025-03-06,0.0,1905.0,0.0
2934,2025-03-07,0.0,1905.0,0.0
2935,2025-03-08,0.0,1905.0,0.0
2936,2025-03-09,0.0,1905.0,0.0
2937,2025-03-10,0.0,1905.0,0.0
2938,2025-03-11,0.0,1905.0,0.0
2939,2025-03-12,0.0,1905.0,0.0
2940,2025-03-13,0.0,1905.0,0.0
2941,2025-03-14,0.0,1905.0,0.0
2942,2025-03-15,0.0,1905.0,0.0
2943,2025-03-16,0.0,1905.0,0.0
2944,2025-03-17,0.0,1905.0,0.0
2945,2025-03-18,0.0,1905.0,0.0
2946,2025-03-19,0.0,1905.0,0.0
2947,2025-03-20,0.0,1905.0,0.0
2948,2025-03-21,0.0,1905.0,0.0
2949,2025-03-22,0.0,1905.0,0.0
2950,2025-03-23,0.0,1905.0,0.0
2951,2025-03-24,0.0,1905.0,0.0
2952,2025-03-25,0.0,1905.0,0.0
2953,2025-03-26,0.0,1905.0,0.0
2954,2025-03-27,0.0,1905.0,0.0
2955,2025-03-28,0.0,1905.0,0.0
2956,2025-03-29,0.0,1905.0,0.0
2957,2025-03-30,0.0,1905.0,0.0
2958,2025-03-31,0.0,1905.0,0.0
2959,2025-04-01,0.0,1905.0,0.0
2960,2025-04-02,0.0,1905.0,0.0
2961,2025-04-03,0.0,1905.0,0.0
2962,2025-04-04,0.0,1905.0,0.0
2963,2025-04-05,0.0,1905.0,0.0
2964,2025-04-06,0.0,1905.0,0.0
2965,2025-04-07,0.0,1905.0,0.0
2966,2025-04-08,0.0,1905.0,0.0
2967,2025-04-09,0.0,1905.0,0.0
2968,2025-04-10,0.0,1905.0,0.0
2969,2025-04-11,0.0,1905.0,0.0
2970,2025-04-12,0.0,1905.0,0.0
2971,2025-04-13,0.0,1905.0,0.0
2972,2025-04-14,0.0,1905.0,0.0
2973,2025-04-15,0.0,1905.0,0.0
2974,2025-04-16,0.0,1905.0,0.0
2975,2025-04-17,0.0,1905.0,0.0
2976,2025-04-18,0.0,1905.0,0.0
2977,2025-04-19,0.0,1905.0,0.0
2978,2025-04-20,0.0,1905.0,0.0
2979,2025-04-21,0.0,1905.0,0.0
2980,2025-04-22,0.0,1905.0,0.0
2981,2025-04-23,0.0,1905.0,0.0
2982,2025-04-24,0.0,1905.0,0.0
2983,2025-04-25,0.0,1905.0,0.0
2984,2025-04-26,0.0,1905.0,0.0
2985,2025-04-27,0.0,1905.0,0.0
2986,2025-04-28,0.0,1905.0,0.0
2987,2025-04-29,0.0,1905.0,0.0
2988,2025-04-30,0.0,1905.0,0.0
2989,2025-05-01,0.0,1905.0,0.0
2990,2025-05-02,0.0,1905.0,0.0
2991,2025-05-03,0.0,1905.0,0.0
2992,2025-05-04,0.0,1905.0,0.0
2993,2025-05-05,0.0,1905.0,0.0
2994,2025-05-06,0.0,1905.0,0.0
2995,2025-05-07,0.0,1905.0,0.0
2996,2025-05-08,0.0,1905.0,0.0
2997,2025-05-09,0.0,1905.0,0.0
2998,2025-05-10,0.0,1905.0,0.0
2999,2025-05-11,0.0,1905.0,0.0
3000,2025-05-12,0.0,1905.0,0.0
3001,2025-05-13,0.0,1905.0,0.0
3002,2025-05-14,0.0,1905.0,0.0
3003,2025-05-15,0.0,1905.0,0.0
3004,2025-05-16,0.0,1905.0,0.0
3005,2025-05-17,0.0,1905.0,0.0
3006,2025-05-18,0.0,1905.0,0.0
3007,2025-05-19,0.0,1905.0,0.0
3008,2025-05-20,0.0,1905.0,0.0
3009,2025-05-21,0.0,1905.0,0.0
3010,2025-05-22,0.0,1905.0,0.0
3011,2025-05-23,0.0,1905.0,0.0
3012,2025-05-24,0.0,1905.0,0.0
3013,2025-05-25,0.0,1905.0,0.0
3014,2025-05-26,0.0,1905.0,0.0
3015,2025-05-27,0.0,1905.0,0.0
3016,2025-05-28,0.0,1905.0,0.0
3017,2025-05-29,0.0,1905.0,0.0
3018,2025-05-30,0.0,1905.0,0.0
3019,2025-05-31,0.0,1905.0,0.0
3020,2025-01-01,0.0,1873.0,0.0
3021,2025-01-02,0.0,1873.0,0.0
3022,2025-01-03,0.0,1873.0,0.0
3023,2025-01-04,0.0,1873.0,0.0
3024,2025-01-05,0.0,1873.0,0.0
3025,2025-01-06,0.0,1873.0,0.0
3026,2025-01-07,0.0,1873.0,0.0
3027,2025-01-08,0.0,1873.0,0.0
3028,2025-01-09,0.0,1873.0,0.0
3029,2025-01-10,0.0,1873.0,0.0
3030,2025-01-11,0.0,1873.0,0.0
3031,2025-01-12,0.0,1873.0,0.0
3032,2025-01-13,0.0,1873.0,0.0
3033,2025-01-14,0.0,1873.0,0.0
3034,2025-01-15,0.0,1873.0,0.0
3035,2025-01-16,0.0,1873.0,0.0
3036,2025-01-17,0.0,1873.0,0.0
3037,2025-01-18,0.0,1873.0,0.0
3038,2025-01-19,0.0,1873.0,0.0
3039,2025-01-20,0.0,1873.0,0.0
3040,2025-01-21,0.0,1873.0,0.0
3041,2025-01-22,0.0,1873.0,0.0
3042,2025-01-23,0.0,1873.0,0.0
3043,2025-01-24,0.0,1873.0,0.0
3044,2025-01-25,0.0,1873.0,0.0
3045,2025-01-26,0.0,1873.0,0.0
3046,2025-01-27,0.0,1873.0,0.0
3047,2025-01-28,0.0,1873.0,0.0
3048,2025-01-29,0.0,1873.0,0.0
3049,2025-01-30,0.0,1873.0,0.0
3050,2025-01-31,0.0,1873.0,0.0
3051,2025-02-01,0.0,1873.0,0.0
3052,2025-02-02,0.0,1873.0,0.0
3053,2025-02-03,0.0,1873.0,0.0
3054,2025-02-04,0.0,1873.0,0.0
3055,2025-02-05,0.0,1873.0,0.0
3056,2025-02-06,0.0,1873.0,0.0
3057,2025-02-07,0.0,1873.0,0.0
3058,2025-02-08,0.0,1873.0,0.0
3059,2025-02-09,0.0,1873.0,0.0
3060,2025-02-10,0.0,1873.0,0.0
3061,2025-02-11,0.0,1873.0,0.0
3062,2025-02-12,0.0,1873.0,0.0
3063,2025-02-13,0.0,1873.0,0.0
3064,2025-02-14,0.0,1873.0,0.0
3065,2025-02-15,0.0,1873.0,0.0
3066,2025-02-16,0.0,1873.0,0.0
3067,2025-02-17,0.0,1873.0,0.0
3068,2025-02-18,0.0,1873.0,0.0
3069,2025-02-19,0.0,1873.0,0.0
3070,2025-02-20,0.0,1873.0,0.0
3071,2025-02-21,0.0,1873.0,0.0
3072,2025-02-22,0.0,1873.0,0.0
3073,2025-02-23,0.0,1873.0,0.0
3074,2025-02-24,0.0,1873.0,0.0
3075,2025-02-25,0.0,1873.0,0.0
3076,2025-02-26,0.0,1873.0,0.0
3077,2025-02-27,0.0,1873.0,0.0
3078,2025-02-28,0.0,1873.0,0.0
3079,2025-03-01,0.0,1873.0,0.0
3080,2025-03-02,0.0,1873.0,0.0
3081,2025-03-03,0.0,1873.0,0.0
3082,2025-03-04,0.0,1873.0,0.0
3083,2025-03-05,0.0,1873.0,0.0
3084,2025-03-06,0.0,1873.0,0.0
3085,2025-03-07,0.0,1873.0,0.0
3086,2025-03-08,0.0,1873.0,0.0
3087,2025-03-09,0.0,1873.0,0.0
3088,2025-03-10,0.0,1873.0,0.0
3089,2025-03-11,0.0,1873.0,0.0
3090,2025-03-12,0.0,1873.0,0.0
3091,2025-03-13,0.0,1873.0,0.0
3092,2025-03-14,0.0,1873.0,0.0
3093,2025-03-15,0.0,1873.0,0.0
3094,2025-03-16,0.0,1873.0,0.0
3095,2025-03-17,0.0,1873.0,0.0
3096,2025-03-18,0.0,1873.0,0.0
3097,2025-03-19,0.0,1873.0,0.0
3098,2025-03-20,0.0,1873.0,0.0
3099,2025-03-21,0.0,1873.0,0.0
3100,2025-03-22,0.0,1873.0,0.0
3101,2025-03-23,0.0,1873.0,0.0
3102,2025-03-24,0.0,1873.0,0.0
3103,2025-03-25,0.0,1873.0,0.0
3104,2025-03-26,0.0,1873.0,0.0
3105,2025-03-27,0.0,1873.0,0.0
3106,2025-03-28,0.0,1873.0,0.0
3107,2025-03-29,0.0,1873.0,0.0
3108,2025-03-30,0.0,1873.0,0.0
3109,2025-03-31,0.0,1873.0,0.0
3110,2025-04-01,0.0,1873.0,0.0
3111,2025-04-02,0.0,1873.0,0.0
3112,2025-04-03,0.0,1873.0,0.0
3113,2025-04-04,0.0,1873.0,0.0
3114,2025-04-05,0.0,1873.0,0.0
3115,2025-04-06,0.0,1873.0,0.0
3116,2025-04-07,0.0,1873.0,0.0
3117,2025-04-08,0.0,1873.0,0.0
3118,2025-04-09,0.0,1873.0,0.0
3119,2025-04-10,0.0,1873.0,0.0
3120,2025-04-11,0.0,1873.0,0.0
3121,2025-04-12,0.0,1873.0,0.0
3122,2025-04-13,0.0,1873.0,0.0
3123,2025-04-14,0.0,1873.0,0.0
3124,2025-04-15,0.0,1873.0,0.0
3125,2025-04-16,0.0,1873.0,0.0
3126,2025-04-17,0.0,1873.0,0.0
3127,2025-04-18,0.0,1873.0,0.0
3128,2025-04-19,0.0,1873.0,0.0
3129,2025-04-20,0.0,1873.0,0.0
3130,2025-04-21,0.0,1873.0,0.0
3131,2025-04-22,0.0,1873.0,0.0
3132,2025-04-23,0.0,1873.0,0.0
3133,2025-04-24,0.0,1873.0,0.0
3134,2025-04-25,0.0,1873.0,0.0
3135,2025-04-26,0.0,1873.0,0.0
3136,2025-04-27,0.0,1873.0,0.0
3137,2025-04-28,0.0,1873.0,0.0
3138,2025-04-29,0.0,1873.0,0.0
3139,2025-04-30,0.0,1873.0,0.0
3140,2025-05-01,0.0,1873.0,0.0
3141,2025-05-02,0.0,1873.0,0.0
3142,2025-05-03,0.0,1873.0,0.0
3143,2025-05-04,0.0,1873.0,0.0
3144,2025-05-05,0.0,1873.0,0.0
3145,2025-05-06,0.0,1873.0,0.0
3146,2025-05-07,0.0,1873.0,0.0
3147,2025-05-08,0.0,1873.0,0.0
3148,2025-05-09,0.0,1873.0,0.0
3149,2025-05-10,0.0,1873.0,0.0
3150,2025-05-11,0.0,1873.0,0.0
3151,2025-05-12,0.0,1873.0,0.0
3152,2025-05-13,0.0,1873.0,0.0
3153,2025-05-14,0.0,1873.0,0.0
3154,2025-05-15,0.0,1873.0,0.0
3155,2025-05-16,0.0,1873.0,0.0
3156,2025-05-17,0.0,1873.0,0.0
3157,2025-05-18,0.0,1873.0,0.0
3158,2025-05-19,0.0,1873.0,0.0
3159,2025-05-20,0.0,1873.0,0.0
3160,2025-05-21,0.0,1873.0,0.0
3161,2025-05-22,0.0,1873.0,0.0
3162,2025-05-23,0.0,1873.0,0.0
3163,2025-05-24,0.0,1873.0,0.0
3164,2025-05-25,0.0,1873.0,0.0
3165,2025-05-26,0.0,1873.0,0.0
3166,2025-05-27,0.0,1873.0,0.0
3167,2025-05-28,0.0,1873.0,0.0
3168,2025-05-29,0.0,1873.0,0.0
3169,2025-05-30,0.0,1873.0,0.0
3170,2025-05-31,0.0,1873.0,0.0
3171,2025-01-01,0.0,1876.0,0.0
3172,2025-01-02,0.0,1876.0,0.0
3173,2025-01-03,0.0,1876.0,0.0
3174,2025-01-04,0.0,1876.0,0.0
3175,2025-01-05,0.0,1876.0,0.0
3176,2025-01-06,0.0,1876.0,0.0
3177,2025-01-07,0.0,1876.0,0.0
3178,2025-01-08,0.0,1876.0,0.0
3179,2025-01-09,0.0,1876.0,0.0
3180,2025-01-10,0.0,1876.0,0.0
3181,2025-01-11,0.0,1876.0,0.0
3182,2025-01-12,0.0,1876.0,0.0
3183,2025-01-13,0.0,1876.0,0.0
3184,2025-01-14,0.0,1876.0,0.0
3185,2025-01-15,0.0,1876.0,0.0
3186,2025-01-16,0.0,1876.0,0.0
3187,2025-01-17,0.0,1876.0,0.0
3188,2025-01-18,0.0,1876.0,0.0
3189,2025-01-19,0.0,1876.0,0.0
3190,2025-01-20,0.0,1876.0,0.0
3191,2025-01-21,0.0,1876.0,0.0
3192,2025-01-22,0.0,1876.0,0.0
3193,2025-01-23,0.0,1876.0,0.0
3194,2025-01-24,0.0,1876.0,0.0
3195,2025-01-25,0.0,1876.0,0.0
3196,2025-01-26,0.0,1876.0,0.0
3197,2025-01-27,0.0,1876.0,0.0
3198,2025-01-28,0.0,1876.0,0.0
3199,2025-01-29,0.0,1876.0,0.0
3200,2025-01-30,0.0,1876.0,0.0
3201,2025-01-31,0.0,1876.0,0.0
3202,2025-02-01,0.0,1876.0,0.0
3203,2025-02-02,0.0,1876.0,0.0
3204,2025-02-03,0.0,1876.0,0.0
3205,2025-02-04,0.0,1876.0,0.0
3206,2025-02-05,0.0,1876.0,0.0
3207,2025-02-06,0.0,1876.0,0.0
3208,2025-02-07,0.0,1876.0,0.0
3209,2025-02-08,0.0,1876.0,0.0
3210,2025-02-09,0.0,1876.0,0.0
3211,2025-02-10,0.0,1876.0,0.0
3212,2025-02-11,0.0,1876.0,0.0
3213,2025-02-12,0.0,1876.0,0.0
3214,2025-02-13,0.0,1876.0,0.0
3215,2025-02-14,0.0,1876.0,0.0
3216,2025-02-15,0.0,1876.0,0.0
3217,2025-02-16,0.0,1876.0,0.0
3218,2025-02-17,0.0,1876.0,0.0
3219,2025-02-18,0.0,1876.0,0.0
3220,2025-02-19,0.0,1876.0,0.0
3221,2025-02-20,0.0,1876.0,0.0
3222,2025-02-21,0.0,1876.0,0.0
3223,2025-02-22,0.0,1876.0,0.0
3224,2025-02-23,0.0,1876.0,0.0
3225,2025-02-24,0.0,1876.0,0.0
3226,2025-02-25,0.0,1876.0,0.0
3227,2025-02-26,0.0,1876.0,0.0
3228,2025-02-27,0.0,1876.0,0.0
3229,2025-02-28,0.0,1876.0,0.0
3230,2025-03-01,0.0,1876.0,0.0
3231,2025-03-02,0.0,1876.0,0.0
3232,2025-03-03,0.0,1876.0,0.0
3233,2025-03-04,0.0,1876.0,0.0
3234,2025-03-05,0.0,1876.0,0.0
3235,2025-03-06,0.0,1876.0,0.0
3236,2025-03-07,0.0,1876.0,0.0
3237,2025-03-08,0.0,1876.0,0.0
3238,2025-03-09,0.0,1876.0,0.0
3239,2025-03-10,0.0,1876.0,0.0
3240,2025-03-11,0.0,1876.0,0.0
3241,2025-03-12,0.0,1876.0,0.0
3242,2025-03-13,0.0,1876.0,0.0
3243,2025-03-14,0.0,1876.0,0.0
3244,2025-03-15,0.0,1876.0,0.0
3245,2025-03-16,0.0,1876.0,0.0
3246,2025-03-17,0.0,1876.0,0.0
3247,2025-03-18,0.0,1876.0,0.0
3248,2025-03-19,0.0,1876.0,0.0
3249,2025-03-20,0.0,1876.0,0.0
3250,2025-03-21,0.0,1876.0,0.0
3251,2025-03-22,0.0,1876.0,0.0
3252,2025-03-23,0.0,1876.0,0.0
3253,2025-03-24,0.0,1876.0,0.0
3254,2025-03-25,0.0,1876.0,0.0
3255,2025-03-26,0.0,1876.0,0.0
3256,2025-03-27,0.0,1876.0,0.0
3257,2025-03-28,0.0,1876.0,0.0
3258,2025-03-29,0.0,1876.0,0.0
3259,2025-03-30,0.0,1876.0,0.0
3260,2025-03-31,0.0,1876.0,0.0
3261,2025-04-01,0.0,1876.0,0.0
3262,2025-04-02,0.0,1876.0,0.0
3263,2025-04-03,0.0,1876.0,0.0
3264,2025-04-04,0.0,1876.0,0.0
3265,2025-04-05,0.0,1876.0,0.0
3266,2025-04-06,0.0,1876.0,0.0
3267,2025-04-07,0.0,1876.0,0.0
3268,2025-04-08,0.0,1876.0,0.0
3269,2025-04-09,0.0,1876.0,0.0
3270,2025-04-10,0.0,1876.0,0.0
3271,2025-04-11,0.0,1876.0,0.0
3272,2025-04-12,0.0,1876.0,0.0
3273,2025-04-13,0.0,1876.0,0.0
3274,2025-04-14,0.0,1876.0,0.0
3275,2025-04-15,0.0,1876.0,0.0
3276,2025-04-16,0.0,1876.0,0.0
3277,2025-04-17,0.0,1876.0,0.0
3278,2025-04-18,0.0,1876.0,0.0
3279,2025-04-19,0.0,1876.0,0.0
3280,2025-04-20,0.0,1876.0,0.0
3281,2025-04-21,0.0,1876.0,0.0
3282,2025-04-22,0.0,1876.0,0.0
3283,2025-04-23,0.0,1876.0,0.0
3284,2025-04-24,0.0,1876.0,0.0
3285,2025-04-25,0.0,1876.0,0.0
3286,2025-04-26,0.0,1876.0,0.0
3287,2025-04-27,0.0,1876.0,0.0
3288,2025-04-28,0.0,1876.0,0.0
3289,2025-04-29,0.0,1876.0,0.0
3290,2025-04-30,0.0,1876.0,0.0
3291,2025-05-01,0.0,1876.0,0.0
3292,2025-05-02,0.0,1876.0,0.0
3293,2025-05-03,0.0,1876.0,0.0
3294,2025-05-04,0.0,1876.0,0.0
3295,2025-05-05,0.0,1876.0,0.0
3296,2025-05-06,0.0,1876.0,0.0
3297,2025-05-07,0.0,1876.0,0.0
3298,2025-05-08,0.0,1876.0,0.0
3299,2025-05-09,0.0,1876.0,0.0
3300,2025-05-10,0.0,1876.0,0.0
3301,2025-05-11,0.0,1876.0,0.0
3302,2025-05-12,0.0,1876.0,0.0
3303,2025-05-13,0.0,1876.0,0.0
3304,2025-05-14,0.0,1876.0,0.0
3305,2025-05-15,0.0,1876.0,0.0
3306,2025-05-16,0.0,1876.0,0.0
3307,2025-05-17,0.0,1876.0,0.0
3308,2025-05-18,0.0,1876.0,0.0
3309,2025-05-19,0.0,1876.0,0.0
3310,2025-05-20,0.0,1876.0,0.0
3311,2025-05-21,0.0,1876.0,0.0
3312,2025-05-22,0.0,1876.0,0.0
3313,2025-05-23,0.0,1876.0,0.0
3314,2025-05-24,0.0,1876.0,0.0
3315,2025-05-25,0.0,1876.0,0.0
3316,2025-05-26,0.0,1876.0,0.0
3317,2025-05-27,0.0,1876.0,0.0
3318,2025-05-28,0.0,1876.0,0.0
3319,2025-05-29,0.0,1876.0,0.0
3320,2025-05-30,0.0,1876.0,0.0
3321,2025-05-31,0.0,1876.0,0.0
3322,2025-01-01,0.0,1871.0,0.0
3323,2025-01-02,0.0,1871.0,0.0
3324,2025-01-03,0.0,1871.0,0.0
3325,2025-01-04,0.0,1871.0,0.0
3326,2025-01-05,0.0,1871.0,0.0
3327,2025-01-06,0.0,1871.0,0.0
3328,2025-01-07,0.0,1871.0,0.0
3329,2025-01-08,0.0,1871.0,0.0
3330,2025-01-09,0.0,1871.0,0.0
3331,2025-01-10,0.0,1871.0,0.0
3332,2025-01-11,0.0,1871.0,0.0
3333,2025-01-12,0.0,1871.0,0.0
3334,2025-01-13,0.0,1871.0,0.0
3335,2025-01-14,0.0,1871.0,0.0
3336,2025-01-15,0.0,1871.0,0.0
3337,2025-01-16,0.0,1871.0,0.0
3338,2025-01-17,0.0,1871.0,0.0
3339,2025-01-18,0.0,1871.0,0.0
3340,2025-01-19,0.0,1871.0,0.0
3341,2025-01-20,0.0,1871.0,0.0
3342,2025-01-21,0.0,1871.0,0.0
3343,2025-01-22,0.0,1871.0,0.0
3344,2025-01-23,0.0,1871.0,0.0
3345,2025-01-24,0.0,1871.0,0.0
3346,2025-01-25,0.0,1871.0,0.0
3347,2025-01-26,0.0,1871.0,0.0
3348,2025-01-27,0.0,1871.0,0.0
3349,2025-01-28,0.0,1871.0,0.0
3350,2025-01-29,0.0,1871.0,0.0
3351,2025-01-30,0.0,1871.0,0.0
3352,2025-01-31,0.0,1871.0,0.0
3353,2025-02-01,0.0,1871.0,0.0
3354,2025-02-02,0.0,1871.0,0.0
3355,2025-02-03,0.0,1871.0,0.0
3356,2025-02-04,0.0,1871.0,0.0
3357,2025-02-05,0.0,1871.0,0.0
3358,2025-02-06,0.0,1871.0,0.0
3359,2025-02-07,0.0,1871.0,0.0
3360,2025-02-08,0.0,1871.0,0.0
3361,2025-02-09,0.0,1871.0,0.0
3362,2025-02-10,0.0,1871.0,0.0
3363,2025-02-11,0.0,1871.0,0.0
3364,2025-02-12,0.0,1871.0,0.0
3365,2025-02-13,0.0,1871.0,0.0
3366,2025-02-14,0.0,1871.0,0.0
3367,2025-02-15,0.0,1871.0,0.0
3368,2025-02-16,0.0,1871.0,0.0
3369,2025-02-17,0.0,1871.0,0.0
3370,2025-02-18,0.0,1871.0,0.0
3371,2025-02-19,0.0,1871.0,0.0
3372,2025-02-20,0.0,1871.0,0.0
3373,2025-02-21,0.0,1871.0,0.0
3374,2025-02-22,0.0,1871.0,0.0
3375,2025-02-23,0.0,1871.0,0.0
3376,2025-02-24,0.0,1871.0,0.0
3377,2025-02-25,0.0,1871.0,0.0
3378,2025-02-26,0.0,1871.0,0.0
3379,2025-02-27,0.0,1871.0,0.0
3380,2025-02-28,0.0,1871.0,0.0
3381,2025-03-01,0.0,1871.0,0.0
3382,2025-03-02,0.0,1871.0,0.0
3383,2025-03-03,0.0,1871.0,0.0
3384,2025-03-04,0.0,1871.0,0.0
3385,2025-03-05,0.0,1871.0,0.0
3386,2025-03-06,0.0,1871.0,0.0
3387,2025-03-07,0.0,1871.0,0.0
3388,2025-03-08,0.0,1871.0,0.0
3389,2025-03-09,0.0,1871.0,0.0
3390,2025-03-10,0.0,1871.0,0.0
3391,2025-03-11,0.0,1871.0,0.0
3392,2025-03-12,0.0,1871.0,0.0
3393,2025-03-13,0.0,1871.0,0.0
3394,2025-03-14,0.0,1871.0,0.0
3395,2025-03-15,0.0,1871.0,0.0
3396,2025-03-16,0.0,1871.0,0.0
3397,2025-03-17,0.0,1871.0,0.0
3398,2025-03-18,0.0,1871.0,0.0
3399,2025-03-19,0.0,1871.0,0.0
3400,2025-03-20,0.0,1871.0,0.0
3401,2025-03-21,0.0,1871.0,0.0
3402,2025-03-22,0.0,1871.0,0.0
3403,2025-03-23,0.0,1871.0,0.0
3404,2025-03-24,0.0,1871.0,0.0
3405,2025-03-25,0.0,1871.0,0.0
3406,2025-03-26,0.0,1871.0,0.0
3407,2025-03-27,0.0,1871.0,0.0
3408,2025-03-28,0.0,1871.0,0.0
3409,2025-03-29,0.0,1871.0,0.0
3410,2025-03-30,0.0,1871.0,0.0
3411,2025-03-31,0.0,1871.0,0.0
3412,2025-04-01,0.0,1871.0,0.0
3413,2025-04-02,0.0,1871.0,0.0
3414,2025-04-03,0.0,1871.0,0.0
3415,2025-04-04,0.0,1871.0,0.0
3416,2025-04-05,0.0,1871.0,0.0
3417,2025-04-06,0.0,1871.0,0.0
3418,2025-04-07,0.0,1871.0,0.0
3419,2025-04-08,0.0,1871.0,0.0
3420,2025-04-09,0.0,1871.0,0.0
3421,2025-04-10,0.0,1871.0,0.0
3422,2025-04-11,0.0,1871.0,0.0
3423,2025-04-12,0.0,1871.0,0.0
3424,2025-04-13,0.0,1871.0,0.0
3425,2025-04-14,0.0,1871.0,0.0
3426,2025-04-15,0.0,1871.0,0.0
3427,2025-04-16,0.0,1871.0,0.0
3428,2025-04-17,0.0,1871.0,0.0
3429,2025-04-18,0.0,1871.0,0.0
3430,2025-04-19,0.0,1871.0,0.0
3431,2025-04-20,0.0,1871.0,0.0
3432,2025-04-21,0.0,1871.0,0.0
3433,2025-04-22,0.0,1871.0,0.0
3434,2025-04-23,0.0,1871.0,0.0
3435,2025-04-24,0.0,1871.0,0.0
3436,2025-04-25,0.0,1871.0,0.0
3437,2025-04-26,0.0,1871.0,0.0
3438,2025-04-27,0.0,1871.0,0.0
3439,2025-04-28,0.0,1871.0,0.0
3440,2025-04-29,0.0,1871.0,0.0
3441,2025-04-30,0.0,1871.0,0.0
3442,2025-05-01,0.0,1871.0,0.0
3443,2025-05-02,0.0,1871.0,0.0
3444,2025-05-03,0.0,1871.0,0.0
3445,2025-05-04,0.0,1871.0,0.0
3446,2025-05-05,0.0,1871.0,0.0
3447,2025-05-06,0.0,1871.0,0.0
3448,2025-05-07,0.0,1871.0,0.0
3449,2025-05-08,0.0,1871.0,0.0
3450,2025-05-09,0.0,1871.0,0.0
3451,2025-05-10,0.0,1871.0,0.0
3452,2025-05-11,0.0,1871.0,0.0
3453,2025-05-12,0.0,1871.0,0.0
3454,2025-05-13,0.0,1871.0,0.0
3455,2025-05-14,0.0,1871.0,0.0
3456,2025-05-15,0.0,1871.0,0.0
3457,2025-05-16,0.0,1871.0,0.0
3458,2025-05-17,0.0,1871.0,0.0
3459,2025-05-18,0.0,1871.0,0.0
3460,2025-05-19,0.0,1871.0,0.0
3461,2025-05-20,0.0,1871.0,0.0
3462,2025-05-21,0.0,1871.0,0.0
3463,2025-05-22,0.0,1871.0,0.0
3464,2025-05-23,0.0,1871.0,0.0
3465,2025-05-24,0.0,1871.0,0.0
3466,2025-05-25,0.0,1871.0,0.0
3467,2025-05-26,0.0,1871.0,0.0
3468,2025-05-27,0.0,1871.0,0.0
3469,2025-05-28,0.0,1871.0,0.0
3470,2025-05-29,0.0,1871.0,0.0
3471,2025-05-30,0.0,1871.0,0.0
3472,2025-05-31,0.0,1871.0,0.0
3473,2025-01-01,0.0,1875.0,0.0
3474,2025-01-02,0.0,1875.0,0.0
3475,2025-01-03,0.0,1875.0,0.0
3476,2025-01-04,0.0,1875.0,0.0
3477,2025-01-05,0.0,1875.0,0.0
3478,2025-01-06,0.0,1875.0,0.0
3479,2025-01-07,0.0,1875.0,0.0
3480,2025-01-08,0.0,1875.0,0.0
3481,2025-01-09,0.0,1875.0,0.0
3482,2025-01-10,0.0,1875.0,0.0
3483,2025-01-11,0.0,1875.0,0.0
3484,2025-01-12,0.0,1875.0,0.0
3485,2025-01-13,0.0,1875.0,0.0
3486,2025-01-14,0.0,1875.0,0.0
3487,2025-01-15,0.0,1875.0,0.0
3488,2025-01-16,0.0,1875.0,0.0
3489,2025-01-17,0.0,1875.0,0.0
3490,2025-01-18,0.0,1875.0,0.0
3491,2025-01-19,0.0,1875.0,0.0
3492,2025-01-20,0.0,1875.0,0.0
3493,2025-01-21,0.0,1875.0,0.0
3494,2025-01-22,0.0,1875.0,0.0
3495,2025-01-23,0.0,1875.0,0.0
3496,2025-01-24,0.0,1875.0,0.0
3497,2025-01-25,0.0,1875.0,0.0
3498,2025-01-26,0.0,1875.0,0.0
3499,2025-01-27,0.0,1875.0,0.0
3500,2025-01-28,0.0,1875.0,0.0
3501,2025-01-29,0.0,1875.0,0.0
3502,2025-01-30,0.0,1875.0,0.0
3503,2025-01-31,0.0,1875.0,0.0
3504,2025-02-01,0.0,1875.0,0.0
3505,2025-02-02,0.0,1875.0,0.0
3506,2025-02-03,0.0,1875.0,0.0
3507,2025-02-04,0.0,1875.0,0.0
3508,2025-02-05,0.0,1875.0,0.0
3509,2025-02-06,0.0,1875.0,0.0
3510,2025-02-07,0.0,1875.0,0.0
3511,2025-02-08,0.0,1875.0,0.0
3512,2025-02-09,0.0,1875.0,0.0
3513,2025-02-10,0.0,1875.0,0.0
3514,2025-02-11,0.0,1875.0,0.0
3515,2025-02-12,0.0,1875.0,0.0
3516,2025-02-13,0.0,1875.0,0.0
3517,2025-02-14,0.0,1875.0,0.0
3518,2025-02-15,0.0,1875.0,0.0
3519,2025-02-16,0.0,1875.0,0.0
3520,2025-02-17,0.0,1875.0,0.0
3521,2025-02-18,0.0,1875.0,0.0
3522,2025-02-19,0.0,1875.0,0.0
3523,2025-02-20,0.0,1875.0,0.0
3524,2025-02-21,0.0,1875.0,0.0
3525,2025-02-22,0.0,1875.0,0.0
3526,2025-02-23,0.0,1875.0,0.0
3527,2025-02-24,0.0,1875.0,0.0
3528,2025-02-25,0.0,1875.0,0.0
3529,2025-02-26,0.0,1875.0,0.0
3530,2025-02-27,0.0,1875.0,0.0
3531,2025-02-28,0.0,1875.0,0.0
3532,2025-03-01,0.0,1875.0,0.0
3533,2025-03-02,0.0,1875.0,0.0
3534,2025-03-03,0.0,1875.0,0.0
3535,2025-03-04,0.0,1875.0,0.0
3536,2025-03-05,0.0,1875.0,0.0
3537,2025-03-06,0.0,1875.0,0.0
3538,2025-03-07,0.0,1875.0,0.0
3539,2025-03-08,0.0,1875.0,0.0
3540,2025-03-09,0.0,1875.0,0.0
3541,2025-03-10,0.0,1875.0,0.0
3542,2025-03-11,0.0,1875.0,0.0
3543,2025-03-12,0.0,1875.0,0.0
3544,2025-03-13,0.0,1875.0,0.0
3545,2025-03-14,0.0,1875.0,0.0
3546,2025-03-15,0.0,1875.0,0.0
3547,2025-03-16,0.0,1875.0,0.0
3548,2025-03-17,0.0,1875.0,0.0
3549,2025-03-18,0.0,1875.0,0.0
3550,2025-03-19,0.0,1875.0,0.0
3551,2025-03-20,0.0,1875.0,0.0
3552,2025-03-21,0.0,1875.0,0.0
3553,2025-03-22,0.0,1875.0,0.0
3554,2025-03-23,0.0,1875.0,0.0
3555,2025-03-24,0.0,1875.0,0.0
3556,2025-03-25,0.0,1875.0,0.0
3557,2025-03-26,0.0,1875.0,0.0
3558,2025-03-27,0.0,1875.0,0.0
3559,2025-03-28,0.0,1875.0,0.0
3560,2025-03-29,0.0,1875.0,0.0
3561,2025-03-30,0.0,1875.0,0.0
3562,2025-03-31,0.0,1875.0,0.0
3563,2025-04-01,0.0,1875.0,0.0
3564,2025-04-02,0.0,1875.0,0.0
3565,2025-04-03,0.0,1875.0,0.0
3566,2025-04-04,0.0,1875.0,0.0
3567,2025-04-05,0.0,1875.0,0.0
3568,2025-04-06,0.0,1875.0,0.0
3569,2025-04-07,0.0,1875.0,0.0
3570,2025-04-08,0.0,1875.0,0.0
3571,2025-04-09,0.0,1875.0,0.0
3572,2025-04-10,0.0,1875.0,0.0
3573,2025-04-11,0.0,1875.0,0.0
3574,2025-04-12,0.0,1875.0,0.0
3575,2025-04-13,0.0,1875.0,0.0
3576,2025-04-14,0.0,1875.0,0.0
3577,2025-04-15,0.0,1875.0,0.0
3578,2025-04-16,0.0,1875.0,0.0
3579,2025-04-17,0.0,1875.0,0.0
3580,2025-04-18,0.0,1875.0,0.0
3581,2025-04-19,0.0,1875.0,0.0
3582,2025-04-20,0.0,1875.0,0.0
3583,2025-04-21,0.0,1875.0,0.0
3584,2025-04-22,0.0,1875.0,0.0
3585,2025-04-23,0.0,1875.0,0.0
3586,2025-04-24,0.0,1875.0,0.0
3587,2025-04-25,0.0,1875.0,0.0
3588,2025-04-26,0.0,1875.0,0.0
3589,2025-04-27,0.0,1875.0,0.0
3590,2025-04-28,0.0,1875.0,0.0
3591,2025-04-29,0.0,1875.0,0.0
3592,2025-04-30,0.0,1875.0,0.0
3593,2025-05-01,0.0,1875.0,0.0
3594,2025-05-02,0.0,1875.0,0.0
3595,2025-05-03,0.0,1875.0,0.0
3596,2025-05-04,0.0,1875.0,0.0
3597,2025-05-05,0.0,1875.0,0.0
3598,2025-05-06,0.0,1875.0,0.0
3599,2025-05-07,0.0,1875.0,0.0
3600,2025-05-08,0.0,1875.0,0.0
3601,2025-05-09,0.0,1875.0,0.0
3602,2025-05-10,0.0,1875.0,0.0
3603,2025-05-11,0.0,1875.0,0.0
3604,2025-05-12,0.0,1875.0,0.0
3605,2025-05-13,0.0,1875.0,0.0
3606,2025-05-14,0.0,1875.0,0.0
3607,2025-05-15,0.0,1875.0,0.0
3608,2025-05-16,0.0,1875.0,0.0
3609,2025-05-17,0.0,1875.0,0.0
3610,2025-05-18,0.0,1875.0,0.0
3611,2025-05-19,0.0,1875.0,0.0
3612,2025-05-20,0.0,1875.0,0.0
3613,2025-05-21,0.0,1875.0,0.0
3614,2025-05-22,0.0,1875.0,0.0
3615,2025-05-23,0.0,1875.0,0.0
3616,2025-05-24,0.0,1875.0,0.0
3617,2025-05-25,0.0,1875.0,0.0
3618,2025-05-26,0.0,1875.0,0.0
3619,2025-05-27,0.0,1875.0,0.0
3620,2025-05-28,0.0,1875.0,0.0
3621,2025-05-29,0.0,1875.0,0.0
3622,2025-05-30,0.0,1875.0,0.0
3623,2025-05-31,0.0,1875.0,0.0
3624,2025-01-01,0.0,1982.0,0.0
3625,2025-01-02,0.0,1982.0,0.0
3626,2025-01-03,0.0,1982.0,0.0
3627,2025-01-04,0.0,1982.0,0.0
3628,2025-01-05,0.0,1982.0,0.0
3629,2025-01-06,0.0,1982.0,0.0
3630,2025-01-07,0.0,1982.0,0.0
3631,2025-01-08,0.0,1982.0,0.0
3632,2025-01-09,0.0,1982.0,0.0
3633,2025-01-10,0.0,1982.0,0.0
3634,2025-01-11,0.0,1982.0,0.0
3635,2025-01-12,0.0,1982.0,0.0
3636,2025-01-13,0.0,1982.0,0.0
3637,2025-01-14,0.0,1982.0,0.0
3638,2025-01-15,0.0,1982.0,0.0
3639,2025-01-16,0.0,1982.0,0.0
3640,2025-01-17,0.0,1982.0,0.0
3641,2025-01-18,0.0,1982.0,0.0
3642,2025-01-19,0.0,1982.0,0.0
3643,2025-01-20,0.0,1982.0,0.0
3644,2025-01-21,0.0,1982.0,0.0
3645,2025-01-22,0.0,1982.0,0.0
3646,2025-01-23,0.0,1982.0,0.0
3647,2025-01-24,0.0,1982.0,0.0
3648,2025-01-25,0.0,1982.0,0.0
3649,2025-01-26,0.0,1982.0,0.0
3650,2025-01-27,0.0,1982.0,0.0
3651,2025-01-28,0.0,1982.0,0.0
3652,2025-01-29,0.0,1982.0,0.0
3653,2025-01-30,0.0,1982.0,0.0
3654,2025-01-31,0.0,1982.0,0.0
3655,2025-02-01,0.0,1982.0,0.0
3656,2025-02-02,0.0,1982.0,0.0
3657,2025-02-03,0.0,1982.0,0.0
3658,2025-02-04,0.0,1982.0,0.0
3659,2025-02-05,0.0,1982.0,0.0
3660,2025-02-06,0.0,1982.0,0.0
3661,2025-02-07,0.0,1982.0,0.0
3662,2025-02-08,0.0,1982.0,0.0
3663,2025-02-09,0.0,1982.0,0.0
3664,2025-02-10,0.0,1982.0,0.0
3665,2025-02-11,0.0,1982.0,0.0
3666,2025-02-12,0.0,1982.0,0.0
3667,2025-02-13,0.0,1982.0,0.0
3668,2025-02-14,0.0,1982.0,0.0
3669,2025-02-15,0.0,1982.0,0.0
3670,2025-02-16,0.0,1982.0,0.0
3671,2025-02-17,0.0,1982.0,0.0
3672,2025-02-18,0.0,1982.0,0.0
3673,2025-02-19,0.0,1982.0,0.0
3674,2025-02-20,0.0,1982.0,0.0
3675,2025-02-21,0.0,1982.0,0.0
3676,2025-02-22,0.0,1982.0,0.0
3677,2025-02-23,0.0,1982.0,0.0
3678,2025-02-24,0.0,1982.0,0.0
3679,2025-02-25,0.0,1982.0,0.0
3680,2025-02-26,0.0,1982.0,0.0
3681,2025-02-27,0.0,1982.0,0.0
3682,2025-02-28,0.0,1982.0,0.0
3683,2025-03-01,0.0,1982.0,0.0
3684,2025-03-02,0.0,1982.0,0.0
3685,2025-03-03,0.0,1982.0,0.0
3686,2025-03-04,0.0,1982.0,0.0
3687,2025-03-05,0.0,1982.0,0.0
3688,2025-03-06,0.0,1982.0,0.0
3689,2025-03-07,0.0,1982.0,0.0
3690,2025-03-08,0.0,1982.0,0.0
3691,2025-03-09,0.0,1982.0,0.0
3692,2025-03-10,0.0,1982.0,0.0
3693,2025-03-11,0.0,1982.0,0.0
3694,2025-03-12,0.0,1982.0,0.0
3695,2025-03-13,0.0,1982.0,0.0
3696,2025-03-14,0.0,1982.0,0.0
3697,2025-03-15,0.0,1982.0,0.0
3698,2025-03-16,0.0,1982.0,0.0
3699,2025-03-17,0.0,1982.0,0.0
3700,2025-03-18,0.0,1982.0,0.0
3701,2025-03-19,0.0,1982.0,0.0
3702,2025-03-20,0.0,1982.0,0.0
3703,2025-03-21,0.0,1982.0,0.0
3704,2025-03-22,0.0,1982.0,0.0
3705,2025-03-23,0.0,1982.0,0.0
3706,2025-03-24,0.0,1982.0,0.0
3707,2025-03-25,0.0,1982.0,0.0
3708,2025-03-26,0.0,1982.0,0.0
3709,2025-03-27,0.0,1982.0,0.0
3710,2025-03-28,0.0,1982.0,0.0
3711,2025-03-29,0.0,1982.0,0.0
3712,2025-03-30,0.0,1982.0,0.0
3713,2025-03-31,0.0,1982.0,0.0
3714,2025-04-01,0.0,1982.0,0.0
3715,2025-04-02,0.0,1982.0,0.0
3716,2025-04-03,0.0,1982.0,0.0
3717,2025-04-04,0.0,1982.0,0.0
3718,2025-04-05,0.0,1982.0,0.0
3719,2025-04-06,0.0,1982.0,0.0
3720,2025-04-07,0.0,1982.0,0.0
3721,2025-04-08,0.0,1982.0,0.0
3722,2025-04-09,0.0,1982.0,0.0
3723,2025-04-10,0.0,1982.0,0.0
3724,2025-04-11,0.0,1982.0,0.0
3725,2025-04-12,0.0,1982.0,0.0
3726,2025-04-13,0.0,1982.0,0.0
3727,2025-04-14,0.0,1982.0,0.0
3728,2025-04-15,0.0,1982.0,0.0
3729,2025-04-16,0.0,1982.0,0.0
3730,2025-04-17,0.0,1982.0,0.0
3731,2025-04-18,0.0,1982.0,0.0
3732,2025-04-19,0.0,1982.0,0.0
3733,2025-04-20,0.0,1982.0,0.0
3734,2025-04-21,0.0,1982.0,0.0
3735,2025-04-22,0.0,1982.0,0.0
3736,2025-04-23,0.0,1982.0,0.0
3737,2025-04-24,0.0,1982.0,0.0
3738,2025-04-25,0.0,1982.0,0.0
3739,2025-04-26,0.0,1982.0,0.0
3740,2025-04-27,0.0,1982.0,0.0
3741,2025-04-28,0.0,1982.0,0.0
3742,2025-04-29,0.0,1982.0,0.0
3743,2025-04-30,0.0,1982.0,0.0
3744,2025-05-01,0.0,1982.0,0.0
3745,2025-05-02,0.0,1982.0,0.0
3746,2025-05-03,0.0,1982.0,0.0
3747,2025-05-04,0.0,1982.0,0.0
3748,2025-05-05,0.0,1982.0,0.0
3749,2025-05-06,0.0,1982.0,0.0
3750,2025-05-07,0.0,1982.0,0.0
3751,2025-05-08,0.0,1982.0,0.0
3752,2025-05-09,0.0,1982.0,0.0
3753,2025-05-10,0.0,1982.0,0.0
3754,2025-05-11,0.0,1982.0,0.0
3755,2025-05-12,0.0,1982.0,0.0
3756,2025-05-13,0.0,1982.0,0.0
3757,2025-05-14,0.0,1982.0,0.0
3758,2025-05-15,0.0,1982.0,0.0
3759,2025-05-16,0.0,1982.0,0.0
3760,2025-05-17,0.0,1982.0,0.0
3761,2025-05-18,0.0,1982.0,0.0
3762,2025-05-19,0.0,1982.0,0.0
3763,2025-05-20,0.0,1982.0,0.0
3764,2025-05-21,0.0,1982.0,0.0
3765,2025-05-22,0.0,1982.0,0.0
3766,2025-05-23,0.0,1982.0,0.0
3767,2025-05-24,0.0,1982.0,0.0
3768,2025-05-25,0.0,1982.0,0.0
3769,2025-05-26,0.0,1982.0,0.0
3770,2025-05-27,0.0,1982.0,0.0
3771,2025-05-28,0.0,1982.0,0.0
3772,2025-05-29,0.0,1982.0,0.0
3773,2025-05-30,0.0,1982.0,0.0
3774,2025-05-31,0.0,1982.0,0.0
3775,2025-01-01,524.7480953325789,2131.0,524.7480953325789
3776,2025-01-02,523.231679756083,2131.0,1047.9797750886619
3777,2025-01-03,519.4375609329535,2131.0,1567.4173360216155
3778,2025-01-04,0.0,2131.0,1567.4173360216155
3779,2025-01-05,0.0,2131.0,1567.4173360216155
3780,2025-01-06,540.1772915336062,2131.0,2107.5946275552215
3781,2025-01-07,557.3461858532623,2131.0,2664.9408134084842
3782,2025-01-08,579.2046964765082,2131.0,3244.145509884992
3783,2025-01-09,605.371427456567,2131.0,3849.5169373415592
3784,2025-01-10,635.3949277026489,2131.0,4484.911865044208
3785,2025-01-11,0.0,2131.0,4484.911865044208
3786,2025-01-12,0.0,2131.0,4484.911865044208
3787,2025-01-13,743.2241700887839,2131.0,5228.136035132992
3788,2025-01-14,783.0758073275416,2131.0,6011.211842460533
3789,2025-01-15,823.8079437494997,2131.0,6835.019786210033
3790,2025-01-16,864.7612219245809,2131.0,7699.781008134614
3791,2025-01-17,905.2840035246252,2131.0,8605.065011659239
3792,2025-01-18,198.16620820518597,2131.0,8803.231219864425
3793,2025-01-19,236.439308342866,2131.0,9039.67052820729
3794,2025-01-20,1018.1307092358427,2131.0,10057.801237443135
3795,2025-01-21,1051.0008502364904,2131.0,11108.802087679625
3796,2025-01-22,1080.7200721361894,2131.0,12189.522159815813
3797,2025-01-23,1106.924794588105,2131.0,13296.446954403918
3798,2025-01-24,1129.3301488603051,2131.0,14425.777103264223
3799,2025-01-25,404.4645223924564,2131.0,14830.241625656681
3800,2025-01-26,419.2261218550844,2131.0,15249.467747511764
3801,2025-01-27,1172.169588608319,2131.0,16421.637336120082
3802,2025-01-28,1178.2316204409847,2131.0,17599.86895656107
3803,2025-01-29,1180.35289881813,2131.0,18780.221855379197
3804,2025-01-30,1178.7557490433007,2131.0,19958.9776044225
3805,2025-01-31,1173.7353591646508,2131.0,21132.71296358715
3806,2025-02-01,425.6901154250616,2131.0,21558.403079012212
3807,2025-02-02,415.43165388000244,2131.0,21973.834732892214
3808,2025-02-03,1142.0025612481659,2131.0,23115.83729414038
3809,2025-02-04,1127.3913462410853,2131.0,24243.228640381465
3810,2025-02-05,1111.6022355260711,2131.0,25354.830875907537
3811,2025-02-06,1095.1590576437447,2131.0,26449.989933551282
3812,2025-02-07,1078.581625291486,2131.0,27528.571558842767
3813,2025-02-08,325.720132633768,2131.0,27854.291691476534
3814,2025-02-09,310.82847420074046,2131.0,28165.120165677276
3815,2025-02-10,1032.9240922680244,2131.0,29198.0442579453
3816,2025-02-11,1020.5043818940804,2131.0,30218.54863983938
3817,2025-02-12,1010.077175390519,2131.0,31228.625815229898
3818,2025-02-13,1001.9040973128641,2131.0,32230.529912542763
3819,2025-02-14,996.1754636410515,2131.0,33226.70537618382
3820,2025-02-15,259.66187426481355,2131.0,33486.36725044863
3821,2025-02-16,259.56338910607553,2131.0,33745.9306395547
3822,2025-02-17,994.4232569875254,2131.0,34740.35389654223
3823,2025-02-18,998.8563424021413,2131.0,35739.21023894437
3824,2025-02-19,1005.5494749371901,2131.0,36744.75971388156
3825,2025-02-20,1014.2518098854305,2131.0,37759.01152376699
3826,2025-02-21,1024.6539471248807,2131.0,38783.66547089187
3827,2025-02-22,306.36044561707126,2131.0,39090.025916508945
3828,2025-02-23,319.51651300043676,2131.0,39409.54242950938
3829,2025-02-24,1062.275159279154,2131.0,40471.81758878854
3830,2025-02-25,1075.5350870452776,2131.0,41547.35267583381
3831,2025-02-26,1088.4063108286737,2131.0,42635.758986662484
3832,2025-02-27,1100.4410084874455,2131.0,43736.19999514993
3833,2025-02-28,1111.20859126698,2131.0,44847.40858641691
3834,2025-03-01,393.5793292582056,2131.0,45240.98791567512
3835,2025-03-02,401.1174516446935,2131.0,45642.10536731981
3836,2025-03-03,1132.0896145543031,2131.0,46774.19498187411
3837,2025-03-04,1134.1994459537943,2131.0,47908.39442782791
3838,2025-03-05,1133.5052554648814,2131.0,49041.89968329279
3839,2025-03-06,1129.8781630120031,2131.0,50171.777846304794
3840,2025-03-07,1123.2602094390068,2131.0,51295.0380557438
3841,2025-03-08,390.2468136858774,2131.0,51685.28486942968
3842,2025-03-09,378.23494719388157,2131.0,52063.51981662356
3843,2025-03-10,1085.9628082474044,2131.0,53149.482624870965
3844,2025-03-11,1068.2323959803398,2131.0,54217.715020851305
3845,2025-03-12,1048.2723810857433,2131.0,55265.98740193705
3846,2025-03-13,1026.4184470183309,2131.0,56292.40584895538
3847,2025-03-14,1003.0513608810717,2131.0,57295.457209836444
3848,2025-03-15,258.4772336054882,2131.0,57553.93444344193
3849,2025-03-16,233.83180453147037,2131.0,57787.766247973406
3850,2025-03-17,928.1543819724409,2131.0,58715.920629945846
3851,2025-03-18,903.1034358898092,2131.0,59619.024065835656
3852,2025-03-19,878.7714048087317,2131.0,60497.795470644385
3853,2025-03-20,855.5956204684074,2131.0,61353.3910911128
3854,2025-03-21,833.9860744547397,2131.0,62187.37716556754
3855,2025-03-22,97.51431600550254,2131.0,62284.89148157304
3856,2025-03-23,80.58548793799277,2131.0,62365.47696951103
3857,2025-03-24,782.0586694194448,2131.0,63147.53563893047
3858,2025-03-25,769.9677956775225,2131.0,63917.503434608
3859,2025-03-26,760.8005575269381,2131.0,64678.303992134934
3860,2025-03-27,754.6515963696035,2131.0,65432.95558850454
3861,2025-03-28,751.5508817681399,2131.0,66184.50647027268
3862,2025-03-29,37.971111548728246,2131.0,66222.47758182141
3863,2025-03-30,41.27606517557755,2131.0,66263.75364699698
3864,2025-03-31,759.8944054452969,2131.0,67023.64805244228
3865,2025-04-01,768.0513044445162,2131.0,67791.69935688679
3866,2025-04-02,778.515016150554,2131.0,68570.21437303735
3867,2025-04-03,790.9940520556969,2131.0,69361.20842509305
3868,2025-04-04,805.1659896276336,2131.0,70166.37441472069
3869,2025-04-05,110.50133556746088,2131.0,70276.87575028815
3870,2025-04-06,127.48437968973474,2131.0,70404.36012997788
3871,2025-04-07,854.3349894071259,2131.0,71258.69511938501
3872,2025-04-08,871.7439985328026,2131.0,72130.4391179178
3873,2025-04-09,889.0792423366188,2131.0,73019.51836025443
3874,2025-04-10,906.0174779326001,2131.0,73925.53583818703
3875,2025-04-11,922.2636293727427,2131.0,74847.79946755977
3876,2025-04-12,230.6806454672457,2131.0,75078.48011302702
3877,2025-04-13,245.27220437659386,2131.0,75323.7523174036
3878,2025-04-14,964.4419638587027,2131.0,76288.19428126232
3879,2025-04-15,975.7225751963399,2131.0,77263.91685645864
3880,2025-04-16,985.431713480067,2131.0,78249.34856993872
3881,2025-04-17,982.2147427003167,2131.0,79231.56331263903
3882,2025-04-18,988.6638727951702,2131.0,80220.22718543421
3883,2025-04-19,301.3952684246414,2131.0,80521.62245385884
3884,2025-04-20,298.09853767516967,2131.0,80819.72099153402
3885,2025-04-21,1001.5239211258034,2131.0,81821.24491265982
3886,2025-04-22,1011.5001947717631,2131.0,82832.74510743158
3887,2025-04-23,1011.422683872942,2131.0,83844.16779130453
3888,2025-04-24,1010.5240776264191,2131.0,84854.69186893094
3889,2025-04-25,1009.0087789407245,2131.0,85863.70064787166
3890,2025-04-26,306.8263067087461,2131.0,86170.52695458042
3891,2025-04-27,305.17430782179133,2131.0,86475.7012624022
3892,2025-04-28,1002.8334691468956,2131.0,87478.5347315491
3893,2025-04-29,1000.8885616457275,2131.0,88479.42329319482
3894,2025-04-30,999.2930431971922,2131.0,89478.71633639203
3895,2025-05-01,986.7361905927701,2131.0,90465.4525269848
3896,2025-05-02,997.7036640269054,2131.0,91463.1561910117
3897,2025-05-03,300.97041897984366,2131.0,91764.12660999154
3898,2025-05-04,302.4289790780534,2131.0,92066.5555890696
3899,2025-05-05,1000.6956717752554,2131.0,93067.25126084485
3900,2025-05-06,1003.2932690470103,2131.0,94070.54452989186
3901,2025-05-07,1006.679249624102,2131.0,95077.22377951596
3902,2025-05-08,1010.8089136234374,2131.0,96088.0326931394
3903,2025-05-09,1015.6164363742758,2131.0,97103.64912951368
3904,2025-05-10,327.3764039446731,2131.0,97431.02553345835
3905,2025-05-11,333.74883842354717,2131.0,97764.7743718819
3906,2025-05-12,1033.20979504171,2131.0,98797.9841669236
3907,2025-05-13,1039.7822214387397,2131.0,99837.76638836235
3908,2025-05-14,1046.5242027672512,2131.0,100884.2905911296
3909,2025-05-15,1053.3279376753267,2131.0,101937.61852880492
3910,2025-05-16,1060.092892175166,2131.0,102997.7114209801
3911,2025-05-17,380.0581115018414,2131.0,103377.76953248194
3912,2025-05-18,383.29852699141094,2131.0,103761.06805947334
3913,2025-05-19,1079.3222350086262,2131.0,104840.39029448197
3914,2025-05-20,1085.1719060217895,2131.0,105925.56220050376
3915,2025-05-21,1090.6796006419634,2131.0,107016.24180114572
3916,2025-05-22,1095.832882117263,2131.0,108112.07468326298
3917,2025-05-23,1100.634636401504,2131.0,109212.70931966449
3918,2025-05-24,418.07630537945045,2131.0,109630.78562504394
3919,2025-05-25,422.70815630305964,2131.0,110053.493781347
3920,2025-05-26,1113.148143409635,2131.0,111166.64192475664
3921,2025-05-27,1116.805114577692,2131.0,112283.44703933432
3922,2025-05-28,1120.273781225886,2131.0,113403.72082056021
3923,2025-05-29,1128.2382657484138,2131.0,114531.95908630862
3924,2025-05-30,1126.8010809544833,2131.0,115658.7601672631
3925,2025-05-31,446.2027848028909,2131.0,116104.962952066
3926,2025-01-01,0.0,2160.0,0.0
3927,2025-01-02,0.0,2160.0,0.0
3928,2025-01-03,0.0,2160.0,0.0
3929,2025-01-04,0.0,2160.0,0.0
3930,2025-01-05,0.0,2160.0,0.0
3931,2025-01-06,0.0,2160.0,0.0
3932,2025-01-07,0.0,2160.0,0.0
3933,2025-01-08,0.0,2160.0,0.0
3934,2025-01-09,0.0,2160.0,0.0
3935,2025-01-10,0.0,2160.0,0.0
3936,2025-01-11,0.0,2160.0,0.0
3937,2025-01-12,0.0,2160.0,0.0
3938,2025-01-13,0.0,2160.0,0.0
3939,2025-01-14,0.0,2160.0,0.0
3940,2025-01-15,0.0,2160.0,0.0
3941,2025-01-16,0.0,2160.0,0.0
3942,2025-01-17,0.0,2160.0,0.0
3943,2025-01-18,0.0,2160.0,0.0
3944,2025-01-19,0.0,2160.0,0.0
3945,2025-01-20,0.0,2160.0,0.0
3946,2025-01-21,0.0,2160.0,0.0
3947,2025-01-22,0.0,2160.0,0.0
3948,2025-01-23,0.0,2160.0,0.0
3949,2025-01-24,0.0,2160.0,0.0
3950,2025-01-25,0.0,2160.0,0.0
3951,2025-01-26,0.0,2160.0,0.0
3952,2025-01-27,0.0,2160.0,0.0
3953,2025-01-28,0.0,2160.0,0.0
3954,2025-01-29,0.0,2160.0,0.0
3955,2025-01-30,0.0,2160.0,0.0
3956,2025-01-31,0.0,2160.0,0.0
3957,2025-02-01,0.0,2160.0,0.0
3958,2025-02-02,0.0,2160.0,0.0
3959,2025-02-03,0.0,2160.0,0.0
3960,2025-02-04,0.0,2160.0,0.0
3961,2025-02-05,0.0,2160.0,0.0
3962,2025-02-06,0.0,2160.0,0.0
3963,2025-02-07,0.0,2160.0,0.0
3964,2025-02-08,0.0,2160.0,0.0
3965,2025-02-09,0.0,2160.0,0.0
3966,2025-02-10,0.0,2160.0,0.0
3967,2025-02-11,0.0,2160.0,0.0
3968,2025-02-12,0.0,2160.0,0.0
3969,2025-02-13,0.0,2160.0,0.0
3970,2025-02-14,0.0,2160.0,0.0
3971,2025-02-15,0.0,2160.0,0.0
3972,2025-02-16,0.0,2160.0,0.0
3973,2025-02-17,0.0,2160.0,0.0
3974,2025-02-18,0.0,2160.0,0.0
3975,2025-02-19,0.0,2160.0,0.0
3976,2025-02-20,0.0,2160.0,0.0
3977,2025-02-21,0.0,2160.0,0.0
3978,2025-02-22,0.0,2160.0,0.0
3979,2025-02-23,0.0,2160.0,0.0
3980,2025-02-24,0.0,2160.0,0.0
3981,2025-02-25,0.0,2160.0,0.0
3982,2025-02-26,0.0,2160.0,0.0
3983,2025-02-27,0.0,2160.0,0.0
3984,2025-02-28,0.0,2160.0,0.0
3985,2025-03-01,0.0,2160.0,0.0
3986,2025-03-02,0.0,2160.0,0.0
3987,2025-03-03,0.0,2160.0,0.0
3988,2025-03-04,0.0,2160.0,0.0
3989,2025-03-05,0.0,2160.0,0.0
3990,2025-03-06,0.0,2160.0,0.0
3991,2025-03-07,0.0,2160.0,0.0
3992,2025-03-08,0.0,2160.0,0.0
3993,2025-03-09,0.0,2160.0,0.0
3994,2025-03-10,0.0,2160.0,0.0
3995,2025-03-11,0.0,2160.0,0.0
3996,2025-03-12,0.0,2160.0,0.0
3997,2025-03-13,0.0,2160.0,0.0
3998,2025-03-14,0.0,2160.0,0.0
3999,2025-03-15,0.0,2160.0,0.0
4000,2025-03-16,0.0,2160.0,0.0
4001,2025-03-17,0.0,2160.0,0.0
4002,2025-03-18,0.0,2160.0,0.0
4003,2025-03-19,0.0,2160.0,0.0
4004,2025-03-20,0.0,2160.0,0.0
4005,2025-03-21,0.0,2160.0,0.0
4006,2025-03-22,0.0,2160.0,0.0
4007,2025-03-23,0.0,2160.0,0.0
4008,2025-03-24,0.0,2160.0,0.0
4009,2025-03-25,0.0,2160.0,0.0
4010,2025-03-26,0.0,2160.0,0.0
4011,2025-03-27,0.0,2160.0,0.0
4012,2025-03-28,0.0,2160.0,0.0
4013,2025-03-29,0.0,2160.0,0.0
4014,2025-03-30,0.0,2160.0,0.0
4015,2025-03-31,0.0,2160.0,0.0
4016,2025-04-01,0.0,2160.0,0.0
4017,2025-04-02,0.0,2160.0,0.0
4018,2025-04-03,0.0,2160.0,0.0
4019,2025-04-04,0.0,2160.0,0.0
4020,2025-04-05,0.0,2160.0,0.0
4021,2025-04-06,0.0,2160.0,0.0
4022,2025-04-07,0.0,2160.0,0.0
4023,2025-04-08,0.0,2160.0,0.0
4024,2025-04-09,0.0,2160.0,0.0
4025,2025-04-10,0.0,2160.0,0.0
4026,2025-04-11,0.0,2160.0,0.0
4027,2025-04-12,0.0,2160.0,0.0
4028,2025-04-13,0.0,2160.0,0.0
4029,2025-04-14,0.0,2160.0,0.0
4030,2025-04-15,0.0,2160.0,0.0
4031,2025-04-16,0.0,2160.0,0.0
4032,2025-04-17,0.0,2160.0,0.0
4033,2025-04-18,0.0,2160.0,0.0
4034,2025-04-19,0.0,2160.0,0.0
4035,2025-04-20,0.0,2160.0,0.0
4036,2025-04-21,0.0,2160.0,0.0
4037,2025-04-22,0.0,2160.0,0.0
4038,2025-04-23,0.0,2160.0,0.0
4039,2025-04-24,0.0,2160.0,0.0
4040,2025-04-25,0.0,2160.0,0.0
4041,2025-04-26,0.0,2160.0,0.0
4042,2025-04-27,0.0,2160.0,0.0
4043,2025-04-28,0.0,2160.0,0.0
4044,2025-04-29,0.0,2160.0,0.0
4045,2025-04-30,0.0,2160.0,0.0
4046,2025-05-01,0.0,2160.0,0.0
4047,2025-05-02,0.0,2160.0,0.0
4048,2025-05-03,0.0,2160.0,0.0
4049,2025-05-04,0.0,2160.0,0.0
4050,2025-05-05,0.0,2160.0,0.0
4051,2025-05-06,0.0,2160.0,0.0
4052,2025-05-07,0.0,2160.0,0.0
4053,2025-05-08,0.0,2160.0,0.0
4054,2025-05-09,0.0,2160.0,0.0
4055,2025-05-10,0.0,2160.0,0.0
4056,2025-05-11,0.0,2160.0,0.0
4057,2025-05-12,0.0,2160.0,0.0
4058,2025-05-13,0.0,2160.0,0.0
4059,2025-05-14,0.0,2160.0,0.0
4060,2025-05-15,0.0,2160.0,0.0
4061,2025-05-16,0.0,2160.0,0.0
4062,2025-05-17,0.0,2160.0,0.0
4063,2025-05-18,0.0,2160.0,0.0
4064,2025-05-19,0.0,2160.0,0.0
4065,2025-05-20,0.0,2160.0,0.0
4066,2025-05-21,0.0,2160.0,0.0
4067,2025-05-22,0.0,2160.0,0.0
4068,2025-05-23,0.0,2160.0,0.0
4069,2025-05-24,0.0,2160.0,0.0
4070,2025-05-25,0.0,2160.0,0.0
4071,2025-05-26,0.0,2160.0,0.0
4072,2025-05-27,0.0,2160.0,0.0
4073,2025-05-28,0.0,2160.0,0.0
4074,2025-05-29,0.0,2160.0,0.0
4075,2025-05-30,0.0,2160.0,0.0
4076,2025-05-31,0.0,2160.0,0.0
4077,2025-01-01,508.997974690244,2132.0,508.997974690244
4078,2025-01-02,513.9363565496186,2132.0,1022.9343312398626
4079,2025-01-03,514.6509979088203,2132.0,1537.5853291486828
4080,2025-01-04,0.0,2132.0,1537.5853291486828
4081,2025-01-05,0.0,2132.0,1537.5853291486828
4082,2025-01-06,544.1029347216984,2132.0,2081.6882638703814
4083,2025-01-07,562.5764948317172,2132.0,2644.2647587020983
4084,2025-01-08,584.9391268808037,2132.0,3229.2038855829023
4085,2025-01-09,610.8053127427338,2132.0,3840.009198325636
4086,2025-01-10,639.7168409074139,2132.0,4479.72603923305
4087,2025-01-11,69.05819979128115,2132.0,4548.784239024331
4088,2025-01-12,102.77903736557693,2132.0,4651.563276389908
4089,2025-01-13,739.2459285658903,2132.0,5390.809204955798
4090,2025-01-14,774.64231898015,2132.0,6165.451523935948
4091,2025-01-15,810.0623762336517,2132.0,6975.5139001696
4092,2025-01-16,844.8456474643946,2132.0,7820.359547633994
4093,2025-01-17,878.3465378952744,2132.0,8698.70608552927
4094,2025-01-18,310.2264646599277,2132.0,9008.932550189196
4095,2025-01-19,339.6969283535511,2132.0,9348.629478542747
4096,2025-01-20,965.2267225567725,2132.0,10313.856201099521
4097,2025-01-21,987.9409466556039,2132.0,11301.797147755124
4098,2025-01-22,1006.8575313061137,2132.0,12308.654679061237
4099,2025-01-23,1021.699335706704,2132.0,13330.354014767941
4100,2025-01-24,1032.2848155938848,2132.0,14362.638830361826
4101,2025-01-25,441.1808411794917,2132.0,14803.819671541318
4102,2025-01-26,443.4505705658587,2132.0,15247.270242107177
4103,2025-01-27,1038.2009947278368,2132.0,16285.471236835014
4104,2025-01-28,1031.9670218039291,2132.0,17317.438258638944
4105,2025-01-29,1022.0781709033258,2132.0,18339.51642954227
4106,2025-01-30,1008.9374448629942,2132.0,19348.453874405262
4107,2025-01-31,993.0246708731169,2132.0,20341.47854527838
4108,2025-02-01,379.90386699612526,2132.0,20721.382412274506
4109,2025-02-02,360.47239695874134,2132.0,21081.854809233246
4110,2025-02-03,934.34805288801,2132.0,22016.202862121256
4111,2025-02-04,913.2401935096973,2132.0,22929.443055630953
4112,2025-02-05,892.4513533865463,2132.0,23821.8944090175
4113,2025-02-06,872.6303140632235,2132.0,24694.52472308072
4114,2025-02-07,854.398055354742,2132.0,25548.922778435466
4115,2025-02-08,245.72189455942143,2132.0,25794.644672994888
4116,2025-02-09,232.68014078900669,2132.0,26027.324813783893
4117,2025-02-10,814.7045798221208,2132.0,26842.029393606015
4118,2025-02-11,807.9557818737334,2132.0,27649.98517547975
4119,2025-02-12,804.9775613969155,2132.0,28454.962736876663
4120,2025-02-13,805.9425436860245,2132.0,29260.90528056269
4121,2025-02-14,810.9189146398637,2132.0,30071.824195202553
4122,2025-02-15,229.62893886302317,2132.0,30301.453134065574
4123,2025-02-16,242.74567724267374,2132.0,30544.198811308248
4124,2025-02-17,849.0059581884663,2132.0,31393.204769496715
4125,2025-02-18,868.6030586531455,2132.0,32261.80782814986
4126,2025-02-19,891.0049832285991,2132.0,33152.81281137846
4127,2025-02-20,915.7009622251244,2132.0,34068.51377360358
4128,2025-02-21,942.1146703699865,2132.0,35010.62844397357
4129,2025-02-22,381.74986740628316,2132.0,35392.378311379856
4130,2025-02-23,410.018910634011,2132.0,35802.39722201387
4131,2025-02-24,1025.222926273469,2132.0,36827.62014828734
4132,2025-02-25,1051.95563289135,2132.0,37879.57578117868
4133,2025-02-26,1077.0764156596344,2132.0,38956.65219683832
4134,2025-02-27,1099.9461639665137,2132.0,40056.598360804834
4135,2025-02-28,1119.9730932042448,2132.0,41176.57145400908
4136,2025-03-01,551.12972283991,2132.0,41727.70117684898
4137,2025-03-02,564.2958859669428,2132.0,42291.99706281593
4138,2025-03-03,1158.087736956695,2132.0,43450.08479977262
4139,2025-03-04,1162.2537635690705,2132.0,44612.33856334169
4140,2025-03-05,1161.7836050313579,2132.0,45774.122168373055
4141,2025-03-06,1156.6145756148892,2132.0,46930.736743987945
4142,2025-03-07,1146.7923189891758,2132.0,48077.52906297712
4143,2025-03-08,549.342698429139,2132.0,48626.871761406255
4144,2025-03-09,531.1146498518443,2132.0,49157.9864112581
4145,2025-03-10,1091.4455236986976,2132.0,50249.431934956796
4146,2025-03-11,1065.5392576572092,2132.0,51314.97119261401
4147,2025-03-12,1036.7036412147097,2132.0,52351.674833828714
4148,2025-03-13,1005.5231426966174,2132.0,53357.197976525335
4149,2025-03-14,972.6330351431069,2132.0,54329.831011668444
4150,2025-03-15,357.9478854148017,2132.0,54687.77889708324
4151,2025-03-16,324.00893077095645,2132.0,55011.7878278542
4152,2025-03-17,870.4932945784362,2132.0,55882.281122432636
4153,2025-03-18,837.5845095509984,2132.0,56719.86563198364
4154,2025-03-19,806.3507900999975,2132.0,57526.216422083635
4155,2025-03-20,777.3987547201422,2132.0,58303.615176803774
4156,2025-03-21,751.2772524012752,2132.0,59054.89242920505
4157,2025-03-22,150.07988153588133,2132.0,59204.97231074093
4158,2025-03-23,131.3150576971141,2132.0,59336.28736843805
4159,2025-03-24,694.2775252412333,2132.0,60030.56489367928
4160,2025-03-25,683.4294210813288,2132.0,60713.99431476061
4161,2025-03-26,676.9370354299397,2132.0,61390.93135019055
4162,2025-03-27,674.8217452957,2132.0,62065.753095486245
4163,2025-03-28,677.0082711507566,2132.0,62742.761366637
4164,2025-03-29,107.31399355469904,2132.0,62850.0753601917
4165,2025-03-30,117.85219787933117,2132.0,62967.92755807103
4166,2025-03-31,707.2738288023064,2132.0,63675.20138687334
4167,2025-04-01,724.1643166633327,2132.0,64399.36570353667
4168,2025-04-02,743.7412124906044,2132.0,65143.106916027275
4169,2025-04-03,765.5018486695737,2132.0,65908.60876469685
4170,2025-04-04,788.912716335105,2132.0,66697.52148103196
4171,2025-04-05,239.77956495893528,2132.0,66937.30104599088
4172,2025-04-06,265.1752966952672,2132.0,67202.47634268616
4173,2025-04-07,863.5411829357115,2132.0,68066.01752562186
4174,2025-04-08,888.0867367691606,2132.0,68954.10426239103
4175,2025-04-09,911.6339375705205,2132.0,69865.73819996155
4176,2025-04-10,933.7461722917035,2132.0,70799.48437225325
4177,2025-04-11,954.042559063485,2132.0,71753.52693131674
4178,2025-04-12,400.932376348268,2132.0,72154.459307665
4179,2025-04-13,417.0513263260325,2132.0,72571.51063399104
4180,2025-04-14,1001.2065475328981,2132.0,73572.71718152394
4181,2025-04-15,1011.7649017064523,2132.0,74584.4820832304
4182,2025-04-16,1019.6305765401667,2132.0,75604.11265977056
4183,2025-04-17,1008.2742504152648,2132.0,76612.38691018581
4184,2025-04-18,1010.7583463389262,2132.0,77623.14525652475
4185,2025-04-19,458.89588385447706,2132.0,78082.04114037922
4186,2025-04-20,447.57900097435896,2132.0,78529.62014135359
4187,2025-04-21,1010.5665400646012,2132.0,79540.18668141818
4188,2025-04-22,1016.7695004690356,2132.0,80556.95618188722
4189,2025-04-23,1010.1042398895476,2132.0,81567.06042177677
4190,2025-04-24,1002.4843374503959,2132.0,82569.54475922717
4191,2025-04-25,994.2430962974494,2132.0,83563.78785552461
4192,2025-04-26,419.17405975573246,2132.0,83982.96191528035
4193,2025-04-27,410.9856991265901,2132.0,84393.94761440693
4194,2025-04-28,968.9420651188447,2132.0,85362.88967952578
4195,2025-04-29,961.2419732478651,2132.0,86324.13165277365
4196,2025-04-30,954.282953260022,2132.0,87278.41460603366
4197,2025-05-01,932.7742834692215,2132.0,88211.18888950288
4198,2025-05-02,943.1758087855953,2132.0,89154.36469828848
4199,2025-05-03,375.0371443248732,2132.0,89529.40184261336
4200,2025-05-04,372.47760171294397,2132.0,89901.8794443263
4201,2025-05-05,934.442052785445,2132.0,90836.32149711174
4202,2025-05-06,933.5409222171505,2132.0,91769.8624193289
4203,2025-05-07,933.4711766944235,2132.0,92703.33359602332
4204,2025-05-08,934.0731374329243,2132.0,93637.40673345624
4205,2025-05-09,935.1593485684565,2132.0,94572.5660820247
4206,2025-05-10,374.7324359261492,2132.0,94947.29851795085
4207,2025-05-11,376.4913438245443,2132.0,95323.7898617754
4208,2025-05-12,939.1971752558151,2132.0,96262.98703703121
4209,2025-05-13,940.0684497518865,2132.0,97203.0554867831
4210,2025-05-14,940.3515360702108,2132.0,98143.40702285331
4211,2025-05-15,939.8622649424328,2132.0,99083.26928779575
4212,2025-05-16,938.4438092905845,2132.0,100021.71309708632
4213,2025-05-17,369.17710988143466,2132.0,100390.89020696776
4214,2025-05-18,373.28148946579404,2132.0,100764.17169643355
4215,2025-05-19,927.5667466142729,2132.0,101691.73844304783
4216,2025-05-20,921.5842580764908,2132.0,102613.32270112431
4217,2025-05-21,914.4544201440918,2132.0,103527.7771212684
4218,2025-05-22,906.2590029411818,2132.0,104434.0361242096
4219,2025-05-23,897.1189388358049,2132.0,105331.1550630454
4220,2025-05-24,330.14217805954917,2132.0,105661.29724110494
4221,2025-05-25,319.9502729060411,2132.0,105981.24751401099
4222,2025-05-26,865.7375989159234,2132.0,106846.98511292691
4223,2025-05-27,854.6512665055614,2132.0,107701.63637943247
4224,2025-05-28,843.6379799595603,2132.0,108545.27435939203
4225,2025-05-29,842.8488116063791,2132.0,109388.12317099841
4226,2025-05-30,822.7797106585497,2132.0,110210.90288165696
4227,2025-05-31,258.70843090269034,2132.0,110469.61131255965
4228,2025-01-01,638.3182721255422,2145.0,638.3182721255422
4229,2025-01-02,660.6690399368206,2145.0,1298.987312062363
4230,2025-01-03,675.6264864003726,2145.0,1974.6137984627353
4231,2025-01-04,0.0,2145.0,1974.6137984627353
4232,2025-01-05,2.143631993084778,2145.0,1976.7574304558202
4233,2025-01-06,736.6164409941679,2145.0,2713.373871449988
4234,2025-01-07,760.9373170212224,2145.0,3474.3111884712107
4235,2025-01-08,786.4589242415352,2145.0,4260.770112712746
4236,2025-01-09,812.6660259905349,2145.0,5073.43613870328
4237,2025-01-10,839.0349912192565,2145.0,5912.471129922537
4238,2025-01-11,152.27932514771385,2145.0,6064.750455070251
4239,2025-01-12,177.27726443123694,2145.0,6242.027719501488
4240,2025-01-13,914.0149299474886,2145.0,7156.042649448977
4241,2025-01-14,936.0640375054203,2145.0,8092.1066869543965
4242,2025-01-15,955.96102257002,2145.0,9048.067709524417
4243,2025-01-16,973.3805557511678,2145.0,10021.448265275585
4244,2025-01-17,988.0631199799714,2145.0,11009.511385255555
4245,2025-01-18,285.97980209078924,2145.0,11295.491187346344
4246,2025-01-19,294.5445498556313,2145.0,11590.035737201977
4247,2025-01-20,1014.1796136947148,2145.0,12604.215350896691
4248,2025-01-21,1016.7814873807653,2145.0,13620.996838277457
4249,2025-01-22,1016.4545295718909,2145.0,14637.451367849348
4250,2025-01-23,1013.3775712342018,2145.0,15650.828939083549
4251,2025-01-24,1007.7915688575986,2145.0,16658.62050794115
4252,2025-01-25,285.07781603119986,2145.0,16943.69832397235
4253,2025-01-26,275.25134122423094,2145.0,17218.94966519658
4254,2025-01-27,979.1475375580503,2145.0,18198.09720275463
4255,2025-01-28,966.8776845154216,2145.0,19164.97488727005
4256,2025-01-29,953.9208307455792,2145.0,20118.89571801563
4257,2025-01-30,940.6895636889722,2145.0,21059.585281704603
4258,2025-01-31,927.585940878118,2145.0,21987.17122258272
4259,2025-02-01,199.00321970530766,2145.0,22186.17444228803
4260,2025-02-02,187.11209969653086,2145.0,22373.28654198456
4261,2025-02-03,892.6815123008761,2145.0,23265.968054285433
4262,2025-02-04,883.5375893557327,2145.0,24149.50564364117
4263,2025-02-05,876.0281659966397,2145.0,25025.533809637807
4264,2025-02-06,870.3021489992738,2145.0,25895.83595863708
4265,2025-02-07,866.4478223510584,2145.0,26762.28378098814
4266,2025-02-08,147.4314426611226,2145.0,26909.715223649262
4267,2025-02-09,147.18853782842305,2145.0,27056.903761477686
4268,2025-02-10,866.0895793689589,2145.0,27922.993340846642
4269,2025-02-11,869.4113204191663,2145.0,28792.40466126581
4270,2025-02-12,874.1807841420735,2145.0,29666.585445407884
4271,2025-02-13,880.1728415733127,2145.0,30546.758286981196
4272,2025-02-14,887.133116848271,2145.0,31433.891403829468
4273,2025-02-15,176.6532279013688,2145.0,31610.544631730834
4274,2025-02-16,184.56448753628547,2145.0,31795.109119267123
4275,2025-02-17,911.0434550529627,2145.0,32706.152574320084
4276,2025-02-18,919.088445685719,2145.0,33625.2410200058
4277,2025-02-19,926.7338315425872,2145.0,34551.97485154839
4278,2025-02-20,933.754960419849,2145.0,35485.72981196824
4279,2025-02-21,939.9634270238475,2145.0,36425.693238992084
4280,2025-02-22,226.0057321058309,2145.0,36651.69897109792
4281,2025-02-23,230.04556834888965,2145.0,36881.74453944681
4282,2025-02-24,952.4952640584488,2145.0,37834.239803505254
4283,2025-02-25,954.4837343263758,2145.0,38788.72353783163
4284,2025-02-26,955.4280428382381,2145.0,39744.15158066987
4285,2025-02-27,955.433689255653,2145.0,40699.58526992553
4286,2025-02-28,954.651723112791,2145.0,41654.236993038314
4287,2025-03-01,232.99207430530612,2145.0,41887.22906734362
4288,2025-03-02,231.08772743224856,2145.0,42118.31679477587
4289,2025-03-03,949.6476251837499,2145.0,43067.96441995962
4290,2025-03-04,947.9140382081098,2145.0,44015.87845816773
4291,2025-03-05,946.5918467665315,2145.0,44962.47030493426
4292,2025-03-06,945.9471350487615,2145.0,45908.41743998302
4293,2025-03-07,946.2314872143311,2145.0,46854.648927197355
4294,2025-03-08,226.31757777007826,2145.0,47080.96650496743
4295,2025-03-09,228.9548502527211,2145.0,47309.921355220155
4296,2025-03-10,954.7552383942764,2145.0,48264.67659361443
4297,2025-03-11,960.6527145098482,2145.0,49225.329308124274
4298,2025-03-12,968.2040666614266,2145.0,50193.5333747857
4299,2025-03-13,977.400171371121,2145.0,51170.933546156826
4300,2025-03-14,988.1719972842583,2145.0,52159.10554344108
4301,2025-03-15,277.9626845153532,2145.0,52437.068227956435
4302,2025-03-16,291.2882148278975,2145.0,52728.35644278433
4303,2025-03-17,1028.36826862082,2145.0,53756.72471140515
4304,2025-03-18,1043.5987049267906,2145.0,54800.32341633194
4305,2025-03-19,1059.232669937744,2145.0,55859.55608626969
4306,2025-03-20,1074.9111689800818,2145.0,56934.46725524977
4307,2025-03-21,1090.2549499381048,2145.0,58024.72220518787
4308,2025-03-22,381.3746328914903,2145.0,58406.096838079364
4309,2025-03-23,394.7352374462046,2145.0,58800.83207552557
4310,2025-03-24,1130.428341236544,2145.0,59931.26041676211
4311,2025-03-25,1140.6510345261875,2145.0,61071.9114512883
4312,2025-03-26,1148.7584377430212,2145.0,62220.66988903132
4313,2025-03-27,1154.5024186632447,2145.0,63375.172307694564
4314,2025-03-28,1157.6962736441562,2145.0,64532.86858133872
4315,2025-03-29,433.6482634192604,2145.0,64966.516844757985
4316,2025-03-30,431.3142087173722,2145.0,65397.831053475355
4317,2025-03-31,1151.1944740925776,2145.0,66549.02552756794
4318,2025-04-01,1143.8027178829084,2145.0,67692.82824545084
4319,2025-04-02,1134.0734335634775,2145.0,68826.90167901432
4320,2025-04-03,1122.29321642806,2145.0,69949.19489544237
4321,2025-04-04,1108.8239155118356,2145.0,71058.01881095422
4322,2025-04-05,368.4469654974494,2145.0,71426.46577645166
4323,2025-04-06,352.7935619556331,2145.0,71779.2593384073
4324,2025-04-07,1062.8584509380544,2145.0,72842.11778934536
4325,2025-04-08,1047.4532040863323,2145.0,73889.57099343168
4326,2025-04-09,1032.9664667218747,2145.0,74922.53746015356
4327,2025-04-10,1019.9885304618174,2145.0,75942.52599061538
4328,2025-04-11,1009.0968182535372,2145.0,76951.62280886891
4329,2025-04-12,274.1179233371235,2145.0,77225.74073220603
4330,2025-04-13,268.8451767189756,2145.0,77494.58590892502
4331,2025-04-14,994.1817237356904,2145.0,78488.7676326607
4332,2025-04-15,996.5931605061007,2145.0,79485.36079316681
4333,2025-04-16,1003.2372938656365,2145.0,80488.59808703244
4334,2025-04-17,985.4257536552807,2145.0,81474.02384068772
4335,2025-04-18,1001.2363732584093,2145.0,82475.26021394612
4336,2025-04-19,322.1055794847136,2145.0,82797.36579343084
4337,2025-04-20,333.2384633382371,2145.0,83130.60425676907
4338,2025-04-21,1082.1665405321742,2145.0,84212.77079730126
4339,2025-04-22,1134.8915422400887,2145.0,85347.66233954135
4340,2025-04-23,1170.321534305358,2145.0,86517.98387384671
4341,2025-04-24,1208.4555510724142,2145.0,87726.43942491911
4342,2025-04-25,1248.6578261079583,2145.0,88975.09725102708
4343,2025-04-26,561.35720401307,2145.0,89536.45445504015
4344,2025-04-27,603.3842181880991,2145.0,90139.83867322824
4345,2025-04-28,1374.4127518236533,2145.0,91514.2514250519
4346,2025-04-29,1415.4454907034544,2145.0,92929.69691575535
4347,2025-04-30,1454.7098327155838,2145.0,94384.40674847094
4348,2025-05-01,1456.6024770993927,2145.0,95841.00922557032
4349,2025-05-02,1524.9015837118507,2145.0,97365.91080928218
4350,2025-05-03,824.5016293089276,2145.0,98190.4124385911
4351,2025-05-04,849.3868827096803,2145.0,99039.79932130079
4352,2025-05-05,1599.53262172038,2145.0,100639.33194302117
4353,2025-05-06,1614.2188673286523,2145.0,102253.55081034981
4354,2025-05-07,1623.2842442525887,2145.0,103876.8350546024
4355,2025-05-08,1626.5987128402503,2145.0,105503.43376744265
4356,2025-05-09,1624.1632078529542,2145.0,107127.59697529562
4357,2025-05-10,885.0951957733066,2145.0,108012.69217106892
4358,2025-05-11,871.5346614317186,2145.0,108884.22683250063
4359,2025-05-12,1584.3279949708817,2145.0,110468.55482747151
4360,2025-05-13,1561.485604780846,2145.0,112030.04043225237
4361,2025-05-14,1534.7806170732995,2145.0,113564.82104932566
4362,2025-05-15,1504.9058092970242,2145.0,115069.72685862269
4363,2025-05-16,1472.6254265013408,2145.0,116542.35228512403
4364,2025-05-17,702.7373045831405,2145.0,117245.08958970718
4365,2025-05-18,671.905408032403,2145.0,117916.99499773957
4366,2025-05-19,1369.6595833589442,2145.0,119286.65458109851
4367,2025-05-20,1336.1420352076987,2145.0,120622.79661630621
4368,2025-05-21,1304.4130099987397,2145.0,121927.20962630496
4369,2025-05-22,1275.238219457036,2145.0,123202.44784576198
4370,2025-05-23,1249.311807292632,2145.0,124451.75965305463
4371,2025-05-24,494.07665034419256,2145.0,124945.83630339881
4372,2025-05-25,476.2050466589674,2145.0,125422.04135005779
4373,2025-05-26,1196.541586318599,2145.0,126618.58293637638
4374,2025-05-27,1188.5602864092093,2145.0,127807.14322278558
4375,2025-05-28,1185.703394862777,2145.0,128992.84661764836
4376,2025-05-29,1172.7078707579683,2145.0,130165.55448840634
4377,2025-05-30,1195.1967346339825,2145.0,131360.7512230403
4378,2025-05-31,472.89802243897554,2145.0,131833.6492454793
4379,2025-01-01,0.0,2146.0,0.0
4380,2025-01-02,0.0,2146.0,0.0
4381,2025-01-03,0.0,2146.0,0.0
4382,2025-01-04,0.0,2146.0,0.0
4383,2025-01-05,0.0,2146.0,0.0
4384,2025-01-06,0.0,2146.0,0.0
4385,2025-01-07,0.0,2146.0,0.0
4386,2025-01-08,0.0,2146.0,0.0
4387,2025-01-09,0.0,2146.0,0.0
4388,2025-01-10,0.0,2146.0,0.0
4389,2025-01-11,0.0,2146.0,0.0
4390,2025-01-12,0.0,2146.0,0.0
4391,2025-01-13,0.0,2146.0,0.0
4392,2025-01-14,0.0,2146.0,0.0
4393,2025-01-15,0.0,2146.0,0.0
4394,2025-01-16,0.0,2146.0,0.0
4395,2025-01-17,0.0,2146.0,0.0
4396,2025-01-18,0.0,2146.0,0.0
4397,2025-01-19,0.0,2146.0,0.0
4398,2025-01-20,0.0,2146.0,0.0
4399,2025-01-21,0.0,2146.0,0.0
4400,2025-01-22,0.0,2146.0,0.0
4401,2025-01-23,0.0,2146.0,0.0
4402,2025-01-24,0.0,2146.0,0.0
4403,2025-01-25,0.0,2146.0,0.0
4404,2025-01-26,0.0,2146.0,0.0
4405,2025-01-27,0.0,2146.0,0.0
4406,2025-01-28,0.0,2146.0,0.0
4407,2025-01-29,0.0,2146.0,0.0
4408,2025-01-30,0.0,2146.0,0.0
4409,2025-01-31,0.0,2146.0,0.0
4410,2025-02-01,0.0,2146.0,0.0
4411,2025-02-02,0.0,2146.0,0.0
4412,2025-02-03,0.0,2146.0,0.0
4413,2025-02-04,0.0,2146.0,0.0
4414,2025-02-05,0.0,2146.0,0.0
4415,2025-02-06,0.0,2146.0,0.0
4416,2025-02-07,0.0,2146.0,0.0
4417,2025-02-08,0.0,2146.0,0.0
4418,2025-02-09,0.0,2146.0,0.0
4419,2025-02-10,0.0,2146.0,0.0
4420,2025-02-11,0.0,2146.0,0.0
4421,2025-02-12,0.0,2146.0,0.0
4422,2025-02-13,0.0,2146.0,0.0
4423,2025-02-14,0.0,2146.0,0.0
4424,2025-02-15,0.0,2146.0,0.0
4425,2025-02-16,0.0,2146.0,0.0
4426,2025-02-17,0.0,2146.0,0.0
4427,2025-02-18,0.0,2146.0,0.0
4428,2025-02-19,0.0,2146.0,0.0
4429,2025-02-20,0.0,2146.0,0.0
4430,2025-02-21,0.0,2146.0,0.0
4431,2025-02-22,0.0,2146.0,0.0
4432,2025-02-23,0.0,2146.0,0.0
4433,2025-02-24,0.0,2146.0,0.0
4434,2025-02-25,0.0,2146.0,0.0
4435,2025-02-26,0.0,2146.0,0.0
4436,2025-02-27,0.0,2146.0,0.0
4437,2025-02-28,0.0,2146.0,0.0
4438,2025-03-01,0.0,2146.0,0.0
4439,2025-03-02,0.0,2146.0,0.0
4440,2025-03-03,0.0,2146.0,0.0
4441,2025-03-04,0.0,2146.0,0.0
4442,2025-03-05,0.0,2146.0,0.0
4443,2025-03-06,0.0,2146.0,0.0
4444,2025-03-07,0.0,2146.0,0.0
4445,2025-03-08,0.0,2146.0,0.0
4446,2025-03-09,0.0,2146.0,0.0
4447,2025-03-10,0.0,2146.0,0.0
4448,2025-03-11,0.0,2146.0,0.0
4449,2025-03-12,0.0,2146.0,0.0
4450,2025-03-13,0.0,2146.0,0.0
4451,2025-03-14,0.0,2146.0,0.0
4452,2025-03-15,0.0,2146.0,0.0
4453,2025-03-16,0.0,2146.0,0.0
4454,2025-03-17,0.0,2146.0,0.0
4455,2025-03-18,0.0,2146.0,0.0
4456,2025-03-19,0.0,2146.0,0.0
4457,2025-03-20,0.0,2146.0,0.0
4458,2025-03-21,0.0,2146.0,0.0
4459,2025-03-22,0.0,2146.0,0.0
4460,2025-03-23,0.0,2146.0,0.0
4461,2025-03-24,0.0,2146.0,0.0
4462,2025-03-25,0.0,2146.0,0.0
4463,2025-03-26,0.0,2146.0,0.0
4464,2025-03-27,0.0,2146.0,0.0
4465,2025-03-28,0.0,2146.0,0.0
4466,2025-03-29,0.0,2146.0,0.0
4467,2025-03-30,0.0,2146.0,0.0
4468,2025-03-31,0.0,2146.0,0.0
4469,2025-04-01,0.0,2146.0,0.0
4470,2025-04-02,0.0,2146.0,0.0
4471,2025-04-03,0.0,2146.0,0.0
4472,2025-04-04,0.0,2146.0,0.0
4473,2025-04-05,0.0,2146.0,0.0
4474,2025-04-06,0.0,2146.0,0.0
4475,2025-04-07,0.0,2146.0,0.0
4476,2025-04-08,0.0,2146.0,0.0
4477,2025-04-09,0.0,2146.0,0.0
4478,2025-04-10,0.0,2146.0,0.0
4479,2025-04-11,0.0,2146.0,0.0
4480,2025-04-12,0.0,2146.0,0.0
4481,2025-04-13,0.0,2146.0,0.0
4482,2025-04-14,0.0,2146.0,0.0
4483,2025-04-15,0.0,2146.0,0.0
4484,2025-04-16,0.0,2146.0,0.0
4485,2025-04-17,0.0,2146.0,0.0
4486,2025-04-18,0.0,2146.0,0.0
4487,2025-04-19,0.0,2146.0,0.0
4488,2025-04-20,0.0,2146.0,0.0
4489,2025-04-21,0.0,2146.0,0.0
4490,2025-04-22,0.0,2146.0,0.0
4491,2025-04-23,0.0,2146.0,0.0
4492,2025-04-24,0.0,2146.0,0.0
4493,2025-04-25,0.0,2146.0,0.0
4494,2025-04-26,0.0,2146.0,0.0
4495,2025-04-27,0.0,2146.0,0.0
4496,2025-04-28,0.0,2146.0,0.0
4497,2025-04-29,0.0,2146.0,0.0
4498,2025-04-30,0.0,2146.0,0.0
4499,2025-05-01,0.0,2146.0,0.0
4500,2025-05-02,0.0,2146.0,0.0
4501,2025-05-03,0.0,2146.0,0.0
4502,2025-05-04,0.0,2146.0,0.0
4503,2025-05-05,0.0,2146.0,0.0
4504,2025-05-06,0.0,2146.0,0.0
4505,2025-05-07,0.0,2146.0,0.0
4506,2025-05-08,0.0,2146.0,0.0
4507,2025-05-09,0.0,2146.0,0.0
4508,2025-05-10,0.0,2146.0,0.0
4509,2025-05-11,0.0,2146.0,0.0
4510,2025-05-12,0.0,2146.0,0.0
4511,2025-05-13,0.0,2146.0,0.0
4512,2025-05-14,0.0,2146.0,0.0
4513,2025-05-15,0.0,2146.0,0.0
4514,2025-05-16,0.0,2146.0,0.0
4515,2025-05-17,0.0,2146.0,0.0
4516,2025-05-18,0.0,2146.0,0.0
4517,2025-05-19,0.0,2146.0,0.0
4518,2025-05-20,0.0,2146.0,0.0
4519,2025-05-21,0.0,2146.0,0.0
4520,2025-05-22,0.0,2146.0,0.0
4521,2025-05-23,0.0,2146.0,0.0
4522,2025-05-24,0.0,2146.0,0.0
4523,2025-05-25,0.0,2146.0,0.0
4524,2025-05-26,0.0,2146.0,0.0
4525,2025-05-27,0.0,2146.0,0.0
4526,2025-05-28,0.0,2146.0,0.0
4527,2025-05-29,0.0,2146.0,0.0
4528,2025-05-30,0.0,2146.0,0.0
4529,2025-05-31,0.0,2146.0,0.0
4530,2025-01-01,0.0,2140.0,0.0
4531,2025-01-02,0.0,2140.0,0.0
4532,2025-01-03,0.0,2140.0,0.0
4533,2025-01-04,0.0,2140.0,0.0
4534,2025-01-05,0.0,2140.0,0.0
4535,2025-01-06,0.0,2140.0,0.0
4536,2025-01-07,0.0,2140.0,0.0
4537,2025-01-08,0.0,2140.0,0.0
4538,2025-01-09,0.0,2140.0,0.0
4539,2025-01-10,0.0,2140.0,0.0
4540,2025-01-11,0.0,2140.0,0.0
4541,2025-01-12,0.0,2140.0,0.0
4542,2025-01-13,0.0,2140.0,0.0
4543,2025-01-14,0.0,2140.0,0.0
4544,2025-01-15,0.0,2140.0,0.0
4545,2025-01-16,0.0,2140.0,0.0
4546,2025-01-17,0.0,2140.0,0.0
4547,2025-01-18,0.0,2140.0,0.0
4548,2025-01-19,0.0,2140.0,0.0
4549,2025-01-20,0.0,2140.0,0.0
4550,2025-01-21,0.0,2140.0,0.0
4551,2025-01-22,0.0,2140.0,0.0
4552,2025-01-23,0.0,2140.0,0.0
4553,2025-01-24,0.0,2140.0,0.0
4554,2025-01-25,0.0,2140.0,0.0
4555,2025-01-26,0.0,2140.0,0.0
4556,2025-01-27,0.0,2140.0,0.0
4557,2025-01-28,0.0,2140.0,0.0
4558,2025-01-29,0.0,2140.0,0.0
4559,2025-01-30,0.0,2140.0,0.0
4560,2025-01-31,0.0,2140.0,0.0
4561,2025-02-01,0.0,2140.0,0.0
4562,2025-02-02,0.0,2140.0,0.0
4563,2025-02-03,0.0,2140.0,0.0
4564,2025-02-04,0.0,2140.0,0.0
4565,2025-02-05,0.0,2140.0,0.0
4566,2025-02-06,0.0,2140.0,0.0
4567,2025-02-07,0.0,2140.0,0.0
4568,2025-02-08,0.0,2140.0,0.0
4569,2025-02-09,0.0,2140.0,0.0
4570,2025-02-10,0.0,2140.0,0.0
4571,2025-02-11,0.0,2140.0,0.0
4572,2025-02-12,0.0,2140.0,0.0
4573,2025-02-13,0.0,2140.0,0.0
4574,2025-02-14,0.0,2140.0,0.0
4575,2025-02-15,0.0,2140.0,0.0
4576,2025-02-16,0.0,2140.0,0.0
4577,2025-02-17,0.0,2140.0,0.0
4578,2025-02-18,0.0,2140.0,0.0
4579,2025-02-19,0.0,2140.0,0.0
4580,2025-02-20,0.0,2140.0,0.0
4581,2025-02-21,0.0,2140.0,0.0
4582,2025-02-22,0.0,2140.0,0.0
4583,2025-02-23,0.0,2140.0,0.0
4584,2025-02-24,0.0,2140.0,0.0
4585,2025-02-25,0.0,2140.0,0.0
4586,2025-02-26,0.0,2140.0,0.0
4587,2025-02-27,0.0,2140.0,0.0
4588,2025-02-28,0.0,2140.0,0.0
4589,2025-03-01,0.0,2140.0,0.0
4590,2025-03-02,0.0,2140.0,0.0
4591,2025-03-03,0.0,2140.0,0.0
4592,2025-03-04,0.0,2140.0,0.0
4593,2025-03-05,0.0,2140.0,0.0
4594,2025-03-06,0.0,2140.0,0.0
4595,2025-03-07,0.0,2140.0,0.0
4596,2025-03-08,0.0,2140.0,0.0
4597,2025-03-09,0.0,2140.0,0.0
4598,2025-03-10,0.0,2140.0,0.0
4599,2025-03-11,0.0,2140.0,0.0
4600,2025-03-12,0.0,2140.0,0.0
4601,2025-03-13,0.0,2140.0,0.0
4602,2025-03-14,0.0,2140.0,0.0
4603,2025-03-15,0.0,2140.0,0.0
4604,2025-03-16,0.0,2140.0,0.0
4605,2025-03-17,0.0,2140.0,0.0
4606,2025-03-18,0.0,2140.0,0.0
4607,2025-03-19,0.0,2140.0,0.0
4608,2025-03-20,0.0,2140.0,0.0
4609,2025-03-21,0.0,2140.0,0.0
4610,2025-03-22,0.0,2140.0,0.0
4611,2025-03-23,0.0,2140.0,0.0
4612,2025-03-24,0.0,2140.0,0.0
4613,2025-03-25,0.0,2140.0,0.0
4614,2025-03-26,0.0,2140.0,0.0
4615,2025-03-27,0.0,2140.0,0.0
4616,2025-03-28,0.0,2140.0,0.0
4617,2025-03-29,0.0,2140.0,0.0
4618,2025-03-30,0.0,2140.0,0.0
4619,2025-03-31,0.0,2140.0,0.0
4620,2025-04-01,0.0,2140.0,0.0
4621,2025-04-02,0.0,2140.0,0.0
4622,2025-04-03,0.0,2140.0,0.0
4623,2025-04-04,0.0,2140.0,0.0
4624,2025-04-05,0.0,2140.0,0.0
4625,2025-04-06,0.0,2140.0,0.0
4626,2025-04-07,0.0,2140.0,0.0
4627,2025-04-08,0.0,2140.0,0.0
4628,2025-04-09,0.0,2140.0,0.0
4629,2025-04-10,0.0,2140.0,0.0
4630,2025-04-11,0.0,2140.0,0.0
4631,2025-04-12,0.0,2140.0,0.0
4632,2025-04-13,0.0,2140.0,0.0
4633,2025-04-14,0.0,2140.0,0.0
4634,2025-04-15,0.0,2140.0,0.0
4635,2025-04-16,0.0,2140.0,0.0
4636,2025-04-17,0.0,2140.0,0.0
4637,2025-04-18,0.0,2140.0,0.0
4638,2025-04-19,0.0,2140.0,0.0
4639,2025-04-20,0.0,2140.0,0.0
4640,2025-04-21,0.0,2140.0,0.0
4641,2025-04-22,0.0,2140.0,0.0
4642,2025-04-23,0.0,2140.0,0.0
4643,2025-04-24,0.0,2140.0,0.0
4644,2025-04-25,0.0,2140.0,0.0
4645,2025-04-26,0.0,2140.0,0.0
4646,2025-04-27,0.0,2140.0,0.0
4647,2025-04-28,0.0,2140.0,0.0
4648,2025-04-29,0.0,2140.0,0.0
4649,2025-04-30,0.0,2140.0,0.0
4650,2025-05-01,0.0,2140.0,0.0
4651,2025-05-02,0.0,2140.0,0.0
4652,2025-05-03,0.0,2140.0,0.0
4653,2025-05-04,0.0,2140.0,0.0
4654,2025-05-05,0.0,2140.0,0.0
4655,2025-05-06,0.0,2140.0,0.0
4656,2025-05-07,0.0,2140.0,0.0
4657,2025-05-08,0.0,2140.0,0.0
4658,2025-05-09,0.0,2140.0,0.0
4659,2025-05-10,0.0,2140.0,0.0
4660,2025-05-11,0.0,2140.0,0.0
4661,2025-05-12,0.0,2140.0,0.0
4662,2025-05-13,0.0,2140.0,0.0
4663,2025-05-14,0.0,2140.0,0.0
4664,2025-05-15,0.0,2140.0,0.0
4665,2025-05-16,0.0,2140.0,0.0
4666,2025-05-17,0.0,2140.0,0.0
4667,2025-05-18,0.0,2140.0,0.0
4668,2025-05-19,0.0,2140.0,0.0
4669,2025-05-20,0.0,2140.0,0.0
4670,2025-05-21,0.0,2140.0,0.0
4671,2025-05-22,0.0,2140.0,0.0
4672,2025-05-23,0.0,2140.0,0.0
4673,2025-05-24,0.0,2140.0,0.0
4674,2025-05-25,0.0,2140.0,0.0
4675,2025-05-26,0.0,2140.0,0.0
4676,2025-05-27,0.0,2140.0,0.0
4677,2025-05-28,0.0,2140.0,0.0
4678,2025-05-29,0.0,2140.0,0.0
4679,2025-05-30,0.0,2140.0,0.0
4680,2025-05-31,0.0,2140.0,0.0
4681,2025-01-01,348.2074693958754,2143.0,348.2074693958754
4682,2025-01-02,351.1068010476418,2143.0,699.3142704435172
4683,2025-01-03,353.7876992098301,2143.0,1053.1019696533474
4684,2025-01-04,0.0,2143.0,1053.1019696533474
4685,2025-01-05,0.0,2143.0,1053.1019696533474
4686,2025-01-06,392.49577047131817,2143.0,1445.5977401246655
4687,2025-01-07,414.9384240409416,2143.0,1860.536164165607
4688,2025-01-08,441.5906141418929,2143.0,2302.1267783075
4689,2025-01-09,471.99616589784756,2143.0,2774.1229442053477
4690,2025-01-10,505.630135759786,2143.0,3279.7530799651336
4691,2025-01-11,0.0,2143.0,3279.7530799651336
4692,2025-01-12,27.68310066918434,2143.0,3307.4361806343177
4693,2025-01-13,619.8424903919192,2143.0,3927.278671026237
4694,2025-01-14,660.1446429246874,2143.0,4587.423313950924
4695,2025-01-15,700.4134669640468,2143.0,5287.836780914971
4696,2025-01-16,739.961025421247,2143.0,6027.797806336219
4697,2025-01-17,778.1200487568577,2143.0,6805.9178550930765
4698,2025-01-18,259.74944638761355,2143.0,7065.667301480689
4699,2025-01-19,292.9482424043839,2143.0,7358.615543885074
4700,2025-01-20,878.184861386474,2143.0,8236.800405271548
4701,2025-01-21,904.9916593655411,2143.0,9141.79206463709
4702,2025-01-22,927.8309578500124,2143.0,10069.623022487101
4703,2025-01-23,946.4117778700665,2143.0,11016.034800357167
4704,2025-01-24,960.5350794306245,2143.0,11976.569879787792
4705,2025-01-25,413.2677306893219,2143.0,12389.837610477114
4706,2025-01-26,417.92997024217476,2143.0,12807.767580719288
4707,2025-01-27,975.6053276264787,2143.0,13783.372908345767
4708,2025-01-28,971.8214148317761,2143.0,14755.194323177544
4709,2025-01-29,964.0081654951415,2143.0,15719.202488672685
4710,2025-01-30,952.514830900202,2143.0,16671.717319572886
4711,2025-01-31,937.7621060544009,2143.0,17609.479425627287
4712,2025-02-01,361.080843033981,2143.0,17970.56026866127
4713,2025-02-02,340.9715629632868,2143.0,18311.531831624554
4714,2025-02-03,878.9958275846693,2143.0,19190.527659209227
4715,2025-02-04,856.4464009721966,2143.0,20046.974060181423
4716,2025-02-05,833.4030396219304,2143.0,20880.37709980335
4717,2025-02-06,810.4572185104074,2143.0,21690.83431831376
4718,2025-02-07,788.180566335557,2143.0,22479.014884649318
4719,2025-02-08,205.63948147241766,2143.0,22684.654366121733
4720,2025-02-09,185.93932392059116,2143.0,22870.593690042326
4721,2025-02-10,730.511036711783,2143.0,23601.104726754107
4722,2025-02-11,715.7853098897655,2143.0,24316.890036643872
4723,2025-02-12,703.861028082267,2143.0,25020.75106472614
4724,2025-02-13,694.9529343963801,2143.0,25715.70399912252
4725,2025-02-14,689.1913053882331,2143.0,26404.895304510756
4726,2025-02-15,122.82674920955914,2143.0,26527.722053720314
4727,2025-02-16,123.07234666646788,2143.0,26650.79440038678
4728,2025-02-17,690.7974454257637,2143.0,27341.591845812545
4729,2025-02-18,697.2160998647942,2143.0,28038.807945677338
4730,2025-02-19,706.176537829962,2143.0,28744.9844835073
4731,2025-02-20,717.3379973429188,2143.0,29462.32248085022
4732,2025-02-21,730.3055882795833,2143.0,30192.6280691298
4733,2025-02-22,178.52682851127898,2143.0,30371.15489764108
4734,2025-02-23,193.4308565818525,2143.0,30564.585754222935
4735,2025-02-24,775.5261082893508,2143.0,31340.111862512284
4736,2025-02-25,791.0974116623639,2143.0,32131.20927417465
4737,2025-02-26,806.1086648181888,2143.0,32937.31793899284
4738,2025-02-27,820.0990499097508,2143.0,33757.41698890259
4739,2025-02-28,832.6415501896032,2143.0,34590.05853909219
4740,2025-03-01,274.9182542550476,2143.0,34864.97679334724
4741,2025-03-02,283.14256688960995,2143.0,35148.11936023685
4742,2025-03-03,858.0459551370445,2143.0,36006.165315373895
4743,2025-03-04,861.5685298590575,2143.0,36867.73384523295
4744,2025-03-05,862.3598038396123,2143.0,37730.093649072565
4745,2025-03-06,860.3795824048594,2143.0,38590.47323147742
4746,2025-03-07,855.666247064017,2143.0,39446.13947854144
4747,2025-03-08,277.5781110705078,2143.0,39723.71758961195
4748,2025-03-09,267.48741315605554,2143.0,39991.205002768
4749,2025-03-10,826.6467093016236,2143.0,40817.85171206963
4750,2025-03-11,812.8655512696222,2143.0,41630.71726333925
4751,2025-03-12,797.6041585203441,2143.0,42428.3214218596
4752,2025-03-13,781.2761724433005,2143.0,43209.5975943029
4753,2025-03-14,764.3263148311179,2143.0,43973.92390913401
4754,2025-03-15,174.13982819527652,2143.0,44148.063737329285
4755,2025-03-16,157.0126506991106,2143.0,44305.0763880284
4756,2025-03-17,714.404093932851,2143.0,45019.48048196125
4757,2025-03-18,699.6083186196549,2143.0,45719.0888005809
4758,2025-03-19,686.45144398165,2143.0,46405.54024456255
4759,2025-03-20,675.30822824069,2143.0,47080.84847280324
4760,2025-03-21,666.5023788770453,2143.0,47747.35085168029
4761,2025-03-22,84.89821266899544,2143.0,47832.249064349286
4762,2025-03-23,81.16162657967844,2143.0,47913.41069092896
4763,2025-03-24,656.413766092274,2143.0,48569.82445702124
4764,2025-03-25,658.9117011923535,2143.0,49228.73615821359
4765,2025-03-26,664.3626928581626,2143.0,49893.09885107176
4766,2025-03-27,672.6674736278462,2143.0,50565.7663246996
4767,2025-03-28,683.6545043728555,2143.0,51249.42082907246
4768,2025-03-29,119.3634746996388,2143.0,51368.784303772096
4769,2025-03-30,134.60476734777575,2143.0,51503.38907111987
4770,2025-03-31,730.0196951927971,2143.0,52233.40876631267
4771,2025-04-01,748.7736975772782,2143.0,52982.18246388995
4772,2025-04-02,768.4887487075074,2143.0,53750.67121259745
4773,2025-04-03,788.7118737528276,2143.0,54539.38308635028
4774,2025-04-04,808.9796876277686,2143.0,55348.36277397805
4775,2025-04-05,248.7878824102509,2143.0,55597.1506563883
4776,2025-04-06,267.44131273015597,2143.0,55864.59196911845
4777,2025-04-07,865.5111330646276,2143.0,56730.103102183086
4778,2025-04-08,881.5293208628153,2143.0,57611.6324230459
4779,2025-04-09,895.5268185468092,2143.0,58507.15924159271
4780,2025-04-10,907.2140036213729,2143.0,59414.37324521408
4781,2025-04-11,916.3617178684933,2143.0,60330.73496308258
4782,2025-04-12,340.442814843896,2143.0,60671.177777926474
4783,2025-04-13,343.7591799558366,2143.0,61014.93695788231
4784,2025-04-14,927.2826893388008,2143.0,61942.21964722111
4785,2025-04-15,925.3389365207929,2143.0,62867.5585837419
4786,2025-04-16,920.740259618246,2143.0,63788.29884336015
4787,2025-04-17,904.6780121978833,2143.0,64692.97685555803
4788,2025-04-18,895.3113981029642,2143.0,65588.288253661
4789,2025-04-19,308.44443425747033,2143.0,65896.73268791847
4790,2025-04-20,288.768814830974,2143.0,66185.50150274944
4791,2025-04-21,860.4043726000995,2143.0,67045.90587534953
4792,2025-04-22,851.3751260386438,2143.0,67897.28100138818
4793,2025-04-23,836.1050040531643,2143.0,68733.38600544135
4794,2025-04-24,820.8562528857169,2143.0,69554.24225832707
4795,2025-04-25,806.0447779129555,2143.0,70360.28703624001
4796,2025-04-26,205.06389299738143,2143.0,70565.35092923741
4797,2025-04-27,191.9685142967751,2143.0,70757.31944353417
4798,2025-04-28,768.0925484682267,2143.0,71525.4119920024
4799,2025-04-29,758.7249960757875,2143.0,72284.13698807819
4800,2025-04-30,751.4514644377467,2143.0,73035.58845251593
4801,2025-05-01,738.076650012593,2143.0,73773.66510252852
4802,2025-05-02,743.9031170636291,2143.0,74517.56821959215
4803,2025-05-03,154.51290295204436,2143.0,74672.0811225442
4804,2025-05-04,156.63492353399465,2143.0,74828.7160460782
4805,2025-05-05,751.2214804800753,2143.0,75579.93752655828
4806,2025-05-06,758.5236508133727,2143.0,76338.46117737165
4807,2025-05-07,768.0498476274545,2143.0,77106.5110249991
4808,2025-05-08,779.6023382990953,2143.0,77886.1133632982
4809,2025-05-09,792.9428760661966,2143.0,78679.05623936439
4810,2025-05-10,216.15092091514583,2143.0,78895.20716027953
4811,2025-05-11,231.8957497625234,2143.0,79127.10291004206
4812,2025-05-12,840.8578658208868,2143.0,79967.96077586294
4813,2025-05-13,858.4212123353558,2143.0,80826.3819881983
4814,2025-05-14,876.242457218201,2143.0,81702.6244454165
4815,2025-05-15,894.0049533547385,2143.0,82596.62939877124
4816,2025-05-16,911.4067159758081,2143.0,83508.03611474705
4817,2025-05-17,344.3080291237422,2143.0,83852.3441438708
4818,2025-05-18,349.73048476551304,2143.0,84202.0746286363
4819,2025-05-19,958.7807380546042,2143.0,85160.85536669091
4820,2025-05-20,972.2255244822788,2143.0,86133.08089117319
4821,2025-05-21,984.2177102588064,2143.0,87117.29860143199
4822,2025-05-22,994.6469713257577,2143.0,88111.94557275776
4823,2025-05-23,1003.441564362032,2143.0,89115.38713711979
4824,2025-05-24,414.275464027294,2143.0,89529.66260114708
4825,2025-05-25,419.4007052158397,2143.0,89949.06330636292
4826,2025-05-26,1019.8442537999407,2143.0,90968.90756016286
4827,2025-05-27,1022.0877523614531,2143.0,91990.99531252432
4828,2025-05-28,1022.8368229846358,2143.0,93013.83213550894
4829,2025-05-29,1022.4776510823674,2143.0,94036.30978659132
4830,2025-05-30,1020.2640603538927,2143.0,95056.5738469452
4831,2025-05-31,418.56062162945403,2143.0,95475.13446857466
4832,2025-01-01,1512.2064554608287,2142.0,1512.2064554608287
4833,2025-01-02,1545.0045503749132,2142.0,3057.211005835742
4834,2025-01-03,1565.5736751117026,2142.0,4622.784680947445
4835,2025-01-04,0.0,2142.0,4622.784680947445
4836,2025-01-05,0.0,2142.0,4622.784680947445
4837,2025-01-06,1700.0287386293755,2142.0,6322.81341957682
4838,2025-01-07,1766.8810624685123,2142.0,8089.694482045332
4839,2025-01-08,1843.0650464705102,2142.0,9932.759528515842
4840,2025-01-09,1927.2591764619683,2142.0,11860.01870497781
4841,2025-01-10,2017.96888574693,2142.0,13877.98759072474
4842,2025-01-11,348.81891499530695,2142.0,14226.806505720047
4843,2025-01-12,448.7577715911332,2142.0,14675.564277311181
4844,2025-01-13,2312.3091915510568,2142.0,16987.87346886224
4845,2025-01-14,2411.803338123723,2142.0,19399.67680698596
4846,2025-01-15,2508.913637139833,2142.0,21908.590444125795
4847,2025-01-16,2601.841790956983,2142.0,24510.432235082775
4848,2025-01-17,2688.875777704329,2142.0,27199.308012787107
4849,2025-01-18,1012.2243103061885,2142.0,28211.532323093295
4850,2025-01-19,1084.0838603411494,2142.0,29295.616183434442
4851,2025-01-20,2899.557975709396,2142.0,32195.17415914384
4852,2025-01-21,2948.8768015676337,2142.0,35144.05096071147
4853,2025-01-22,2986.242951133474,2142.0,38130.29391184495
4854,2025-01-23,3011.131580431497,2142.0,41141.425492276445
4855,2025-01-24,3023.2851189902763,2142.0,44164.71061126672
4856,2025-01-25,1275.0492722088668,2142.0,45439.759883475585
4857,2025-01-26,1263.2647511594023,2142.0,46703.02463463499
4858,2025-01-27,2984.820267372487,2142.0,49687.84490200748
4859,2025-01-28,2948.8307685884574,2142.0,52636.675670595934
4860,2025-01-29,2902.7680840995417,2142.0,55539.44375469547
4861,2025-01-30,2847.857784651958,2142.0,58387.301539347434
4862,2025-01-31,2785.4988386126274,2142.0,61172.80037796006
4863,2025-02-01,978.0961381397813,2142.0,62150.89651609984
4864,2025-02-02,906.7788421832665,2142.0,63057.67535828311
4865,2025-02-03,2569.5958423043426,2142.0,65627.27120058745
4866,2025-02-04,2493.668174028015,2142.0,68120.93937461547
4867,2025-02-05,2418.626170621944,2142.0,70539.5655452374
4868,2025-02-06,2346.130557836405,2142.0,72885.69610307382
4869,2025-02-07,2277.7494949474585,2142.0,75163.44559802127
4870,2025-02-08,484.32425791708357,2142.0,75647.76985593836
4871,2025-02-09,429.55405908320574,2142.0,76077.32391502157
4872,2025-02-10,2110.8760520518194,2142.0,78188.19996707338
4873,2025-02-11,2071.6351106355246,2142.0,80259.8350777089
4874,2025-02-12,2041.8707004181526,2142.0,82301.70577812706
4875,2025-02-13,2022.0043320183286,2142.0,84323.71011014539
4876,2025-02-14,2012.2139548922664,2142.0,86335.92406503766
4877,2025-02-15,290.3696006940087,2142.0,86626.29366573166
4878,2025-02-16,301.51739721989503,2142.0,86927.81106295156
4879,2025-02-17,2041.471935355175,2142.0,88969.28299830673
4880,2025-02-18,2069.0256681254814,2142.0,91038.30866643222
4881,2025-02-19,2104.1016566152657,2142.0,93142.41032304749
4882,2025-02-20,2145.617080394491,2142.0,95288.02740344197
4883,2025-02-21,2192.3580349993927,2142.0,97480.38543844136
4884,2025-02-22,529.4815250131188,2142.0,98009.86696345448
4885,2025-02-23,583.8885619226797,2142.0,98593.75552537716
4886,2025-02-24,2350.51261404781,2142.0,100944.26813942497
4887,2025-02-25,2404.546668379512,2142.0,103348.81480780449
4888,2025-02-26,2456.9348506265947,2142.0,105805.74965843107
4889,2025-02-27,2506.380711544696,2142.0,108312.13036997577
4890,2025-02-28,2551.6877325483442,2142.0,110863.81810252412
4891,2025-03-01,886.7905059318609,2142.0,111750.60860845598
4892,2025-03-02,921.9782884651486,2142.0,112672.58689692113
4893,2025-03-03,2652.8404685255955,2142.0,115325.42736544673
4894,2025-03-04,2672.472813815002,2142.0,117997.90017926172
4895,2025-03-05,2684.2710746444586,2142.0,120682.17125390618
4896,2025-03-06,2688.049682442289,2142.0,123370.22093634847
4897,2025-03-07,2683.8169871313153,2142.0,126054.03792347979
4898,2025-03-08,975.3087923409935,2142.0,127029.34671582078
4899,2025-03-09,957.0403109818548,2142.0,127986.38702680264
4900,2025-03-10,2625.891869976215,2142.0,130612.27889677885
4901,2025-03-11,2593.283184049975,2142.0,133205.56208082882
4902,2025-03-12,2555.2635903637683,2142.0,135760.8256711926
4903,2025-03-13,2512.7416428275733,2142.0,138273.56731402018
4904,2025-03-14,2466.701269077768,2142.0,140740.26858309793
4905,2025-03-15,730.2492684409581,2142.0,141470.5178515389
4906,2025-03-16,681.5122700974761,2142.0,142152.03012163637
4907,2025-03-17,2317.8837130520787,2142.0,144469.91383468846
4908,2025-03-18,2268.1909535731575,2142.0,146738.1047882616
4909,2025-03-19,2220.1099506785545,2142.0,148958.21473894015
4910,2025-03-20,2174.5357614539425,2142.0,151132.75050039412
4911,2025-03-21,2132.2709383094516,2142.0,153265.02143870355
4912,2025-03-22,414.6187368645277,2142.0,153679.64017556809
4913,2025-03-23,382.15636794580706,2142.0,154061.7965435139
4914,2025-03-24,2031.673237101225,2142.0,156093.46978061512
4915,2025-03-25,2008.3587669684962,2142.0,158101.8285475836
4916,2025-03-26,1990.5665923845554,2142.0,160092.39513996817
4917,2025-03-27,1978.3475691846495,2142.0,162070.7427091528
4918,2025-03-28,1971.628065932027,2142.0,164042.37077508486
4919,2025-03-29,299.3621900582357,2142.0,164341.73296514308
4920,2025-03-30,304.19004184668574,2142.0,164645.92300698976
4921,2025-03-31,1982.0712052119354,2142.0,166627.9942122017
4922,2025-04-01,1994.4925828802227,2142.0,168622.48679508193
4923,2025-04-02,2010.576863276844,2142.0,170633.06365835876
4924,2025-04-03,2029.7685556408642,2142.0,172662.83221399965
4925,2025-04-04,2051.4888435958665,2142.0,174714.3210575955
4926,2025-04-05,412.8301585603106,2142.0,175127.15121615582
4927,2025-04-06,439.0800198082857,2142.0,175566.2312359641
4928,2025-04-07,2126.0282761195544,2142.0,177692.25951208366
4929,2025-04-08,2152.172075410831,2142.0,179844.43158749447
4930,2025-04-09,2178.1450776359898,2142.0,182022.57666513047
4931,2025-04-10,2203.5330752842665,2142.0,184226.10974041474
4932,2025-04-11,2227.98276447327,2142.0,186454.09250488802
4933,2025-04-12,597.4174881437042,2142.0,187051.5099930317
4934,2025-04-13,620.4075605508118,2142.0,187671.91755358252
4935,2025-04-14,2293.13476439529,2142.0,189965.05231797782
4936,2025-04-15,2311.5810027326556,2142.0,192276.63332071048
4937,2025-04-16,2328.268180717211,2142.0,194604.90150142767
4938,2025-04-17,2300.718166767475,2142.0,196905.61966819514
4939,2025-04-18,2313.667513363971,2142.0,199219.28718155914
4940,2025-04-19,722.7125489072175,2142.0,199941.99973046634
4941,2025-04-20,712.7936989809053,2142.0,200654.79342944725
4942,2025-04-21,2368.8447552043885,2142.0,203023.63818465165
4943,2025-04-22,2393.661312277751,2142.0,205417.2994969294
4944,2025-04-23,2399.5531945043517,2142.0,207816.85269143374
4945,2025-04-24,2404.2452268341904,2142.0,210221.09791826794
4946,2025-04-25,2407.7908789333915,2142.0,212628.88879720133
4947,2025-04-26,773.4992497294857,2142.0,213402.3880469308
4948,2025-04-27,776.024806566597,2142.0,214178.4128534974
4949,2025-04-28,2411.679003693854,2142.0,216590.09185719126
4950,2025-04-29,2410.6237813809457,2142.0,219000.7156385722
4951,2025-04-30,2408.2737123840557,2142.0,221408.98935095625
4952,2025-05-01,2362.1564571679237,2142.0,223771.1458081242
4953,2025-05-02,2399.254774249258,2142.0,226170.40058237343
4954,2025-05-03,764.1572336142076,2142.0,226934.55781598765
4955,2025-05-04,756.6939360990771,2142.0,227691.2517520867
4956,2025-05-05,2373.0946996053885,2142.0,230064.3464516921
4957,2025-05-06,2360.5582402940827,2142.0,232424.9046919862
4958,2025-05-07,2345.9874945016836,2142.0,234770.89218648788
4959,2025-05-08,2329.3600289954998,2142.0,237100.25221548337
4960,2025-05-09,2310.70040695611,2142.0,239410.95262243948
4961,2025-05-10,670.4378402694763,2142.0,240081.39046270898
4962,2025-05-11,649.2265685134721,2142.0,240730.61703122244
4963,2025-05-12,2243.607800503863,2142.0,242974.22483172631
4964,2025-05-13,2218.2031679371157,2142.0,245192.42799966343
4965,2025-05-14,2191.7663643682617,2142.0,247384.1943640317
4966,2025-05-15,2164.679825269984,2142.0,249548.87418930166
4967,2025-05-16,2137.3788018391615,2142.0,251686.25299114082
4968,2025-05-17,511.3448644911611,2142.0,252197.597855632
4969,2025-05-18,474.1936813114209,2142.0,252671.7915369434
4970,2025-05-19,2059.153214534875,2142.0,254730.9447514783
4971,2025-05-20,2036.084752456757,2142.0,256767.02950393505
4972,2025-05-21,2015.4271072272531,2142.0,258782.45661116228
4973,2025-05-22,1997.7043412816772,2142.0,260780.16095244396
4974,2025-05-23,1983.4055414133998,2142.0,262763.56649385736
4975,2025-05-24,370.38991024272497,2142.0,263133.9564041001
4976,2025-05-25,365.41051396766125,2142.0,263499.36691806774
4977,2025-05-26,1965.1060870889264,2142.0,265464.4730051567
4978,2025-05-27,1968.1816961837073,2142.0,267432.65470134036
4979,2025-05-28,1976.1054988009225,2142.0,269408.7602001413
4980,2025-05-29,2012.157001352885,2142.0,271420.9172014942
4981,2025-05-30,2006.3915853053018,2142.0,273427.3087867995
4982,2025-05-31,434.3767790909524,2142.0,273861.68556589045
4983,2025-01-01,0.0,2157.0,0.0
4984,2025-01-02,0.0,2157.0,0.0
4985,2025-01-03,0.0,2157.0,0.0
4986,2025-01-04,0.0,2157.0,0.0
4987,2025-01-05,0.0,2157.0,0.0
4988,2025-01-06,0.0,2157.0,0.0
4989,2025-01-07,0.0,2157.0,0.0
4990,2025-01-08,0.0,2157.0,0.0
4991,2025-01-09,0.0,2157.0,0.0
4992,2025-01-10,0.0,2157.0,0.0
4993,2025-01-11,0.0,2157.0,0.0
4994,2025-01-12,0.0,2157.0,0.0
4995,2025-01-13,0.0,2157.0,0.0
4996,2025-01-14,0.0,2157.0,0.0
4997,2025-01-15,0.0,2157.0,0.0
4998,2025-01-16,0.0,2157.0,0.0
4999,2025-01-17,0.0,2157.0,0.0
5000,2025-01-18,0.0,2157.0,0.0
5001,2025-01-19,0.0,2157.0,0.0
5002,2025-01-20,0.0,2157.0,0.0
5003,2025-01-21,0.0,2157.0,0.0
5004,2025-01-22,0.0,2157.0,0.0
5005,2025-01-23,0.0,2157.0,0.0
5006,2025-01-24,0.0,2157.0,0.0
5007,2025-01-25,0.0,2157.0,0.0
5008,2025-01-26,0.0,2157.0,0.0
5009,2025-01-27,0.0,2157.0,0.0
5010,2025-01-28,0.0,2157.0,0.0
5011,2025-01-29,0.0,2157.0,0.0
5012,2025-01-30,0.0,2157.0,0.0
5013,2025-01-31,0.0,2157.0,0.0
5014,2025-02-01,0.0,2157.0,0.0
5015,2025-02-02,0.0,2157.0,0.0
5016,2025-02-03,0.0,2157.0,0.0
5017,2025-02-04,0.0,2157.0,0.0
5018,2025-02-05,0.0,2157.0,0.0
5019,2025-02-06,0.0,2157.0,0.0
5020,2025-02-07,0.0,2157.0,0.0
5021,2025-02-08,0.0,2157.0,0.0
5022,2025-02-09,0.0,2157.0,0.0
5023,2025-02-10,0.0,2157.0,0.0
5024,2025-02-11,0.0,2157.0,0.0
5025,2025-02-12,0.0,2157.0,0.0
5026,2025-02-13,0.0,2157.0,0.0
5027,2025-02-14,0.0,2157.0,0.0
5028,2025-02-15,0.0,2157.0,0.0
5029,2025-02-16,0.0,2157.0,0.0
5030,2025-02-17,0.0,2157.0,0.0
5031,2025-02-18,0.0,2157.0,0.0
5032,2025-02-19,0.0,2157.0,0.0
5033,2025-02-20,0.0,2157.0,0.0
5034,2025-02-21,0.0,2157.0,0.0
5035,2025-02-22,0.0,2157.0,0.0
5036,2025-02-23,0.0,2157.0,0.0
5037,2025-02-24,0.0,2157.0,0.0
5038,2025-02-25,0.0,2157.0,0.0
5039,2025-02-26,0.0,2157.0,0.0
5040,2025-02-27,0.0,2157.0,0.0
5041,2025-02-28,0.0,2157.0,0.0
5042,2025-03-01,0.0,2157.0,0.0
5043,2025-03-02,0.0,2157.0,0.0
5044,2025-03-03,0.0,2157.0,0.0
5045,2025-03-04,0.0,2157.0,0.0
5046,2025-03-05,0.0,2157.0,0.0
5047,2025-03-06,0.0,2157.0,0.0
5048,2025-03-07,0.0,2157.0,0.0
5049,2025-03-08,0.0,2157.0,0.0
5050,2025-03-09,0.0,2157.0,0.0
5051,2025-03-10,0.0,2157.0,0.0
5052,2025-03-11,0.0,2157.0,0.0
5053,2025-03-12,0.0,2157.0,0.0
5054,2025-03-13,0.0,2157.0,0.0
5055,2025-03-14,0.0,2157.0,0.0
5056,2025-03-15,0.0,2157.0,0.0
5057,2025-03-16,0.0,2157.0,0.0
5058,2025-03-17,0.0,2157.0,0.0
5059,2025-03-18,0.0,2157.0,0.0
5060,2025-03-19,0.0,2157.0,0.0
5061,2025-03-20,0.0,2157.0,0.0
5062,2025-03-21,0.0,2157.0,0.0
5063,2025-03-22,0.0,2157.0,0.0
5064,2025-03-23,0.0,2157.0,0.0
5065,2025-03-24,0.0,2157.0,0.0
5066,2025-03-25,0.0,2157.0,0.0
5067,2025-03-26,0.0,2157.0,0.0
5068,2025-03-27,0.0,2157.0,0.0
5069,2025-03-28,0.0,2157.0,0.0
5070,2025-03-29,0.0,2157.0,0.0
5071,2025-03-30,0.0,2157.0,0.0
5072,2025-03-31,0.0,2157.0,0.0
5073,2025-04-01,0.0,2157.0,0.0
5074,2025-04-02,0.0,2157.0,0.0
5075,2025-04-03,0.0,2157.0,0.0
5076,2025-04-04,0.0,2157.0,0.0
5077,2025-04-05,0.0,2157.0,0.0
5078,2025-04-06,0.0,2157.0,0.0
5079,2025-04-07,0.0,2157.0,0.0
5080,2025-04-08,0.0,2157.0,0.0
5081,2025-04-09,0.0,2157.0,0.0
5082,2025-04-10,0.0,2157.0,0.0
5083,2025-04-11,0.0,2157.0,0.0
5084,2025-04-12,0.0,2157.0,0.0
5085,2025-04-13,0.0,2157.0,0.0
5086,2025-04-14,0.0,2157.0,0.0
5087,2025-04-15,0.0,2157.0,0.0
5088,2025-04-16,0.0,2157.0,0.0
5089,2025-04-17,0.0,2157.0,0.0
5090,2025-04-18,0.0,2157.0,0.0
5091,2025-04-19,0.0,2157.0,0.0
5092,2025-04-20,0.0,2157.0,0.0
5093,2025-04-21,0.0,2157.0,0.0
5094,2025-04-22,0.0,2157.0,0.0
5095,2025-04-23,0.0,2157.0,0.0
5096,2025-04-24,0.0,2157.0,0.0
5097,2025-04-25,0.0,2157.0,0.0
5098,2025-04-26,0.0,2157.0,0.0
5099,2025-04-27,0.0,2157.0,0.0
5100,2025-04-28,0.0,2157.0,0.0
5101,2025-04-29,0.0,2157.0,0.0
5102,2025-04-30,0.0,2157.0,0.0
5103,2025-05-01,0.0,2157.0,0.0
5104,2025-05-02,0.0,2157.0,0.0
5105,2025-05-03,0.0,2157.0,0.0
5106,2025-05-04,0.0,2157.0,0.0
5107,2025-05-05,0.0,2157.0,0.0
5108,2025-05-06,0.0,2157.0,0.0
5109,2025-05-07,0.0,2157.0,0.0
5110,2025-05-08,0.0,2157.0,0.0
5111,2025-05-09,0.0,2157.0,0.0
5112,2025-05-10,0.0,2157.0,0.0
5113,2025-05-11,0.0,2157.0,0.0
5114,2025-05-12,0.0,2157.0,0.0
5115,2025-05-13,0.0,2157.0,0.0
5116,2025-05-14,0.0,2157.0,0.0
5117,2025-05-15,0.0,2157.0,0.0
5118,2025-05-16,0.0,2157.0,0.0
5119,2025-05-17,0.0,2157.0,0.0
5120,2025-05-18,0.0,2157.0,0.0
5121,2025-05-19,0.0,2157.0,0.0
5122,2025-05-20,0.0,2157.0,0.0
5123,2025-05-21,0.0,2157.0,0.0
5124,2025-05-22,0.0,2157.0,0.0
5125,2025-05-23,0.0,2157.0,0.0
5126,2025-05-24,0.0,2157.0,0.0
5127,2025-05-25,0.0,2157.0,0.0
5128,2025-05-26,0.0,2157.0,0.0
5129,2025-05-27,0.0,2157.0,0.0
5130,2025-05-28,0.0,2157.0,0.0
5131,2025-05-29,0.0,2157.0,0.0
5132,2025-05-30,0.0,2157.0,0.0
5133,2025-05-31,0.0,2157.0,0.0
5134,2025-01-01,11858.717874210466,2130.0,11858.717874210466
5135,2025-01-02,12415.403747440167,2130.0,24274.121621650633
5136,2025-01-03,12648.125466478841,2130.0,36922.24708812947
5137,2025-01-04,0.0,2130.0,36922.24708812947
5138,2025-01-05,0.0,2130.0,36922.24708812947
5139,2025-01-06,13862.846653517903,2130.0,50785.093741647375
5140,2025-01-07,14420.03839946562,2130.0,65205.132141113
5141,2025-01-08,15040.265919678783,2130.0,80245.39806079178
5142,2025-01-09,15714.043299510391,2130.0,95959.44136030217
5143,2025-01-10,16431.029162251598,2130.0,112390.47052255378
5144,2025-01-11,0.0,2130.0,112390.47052255378
5145,2025-01-12,0.0,2130.0,112390.47052255378
5146,2025-01-13,18729.046316023374,2130.0,131119.51683857714
5147,2025-01-14,19505.22156731839,2130.0,150624.73840589554
5148,2025-01-15,20267.10018147398,2130.0,170891.8385873695
5149,2025-01-16,21003.545206756226,2130.0,191895.38379412575
5150,2025-01-17,21704.048670130924,2130.0,213599.43246425665
5151,2025-01-18,4531.0686127808785,2130.0,218130.50107703754
5152,2025-01-19,5159.840595670164,2130.0,223290.3416727077
5153,2025-01-20,23498.342786338482,2130.0,246788.68445904617
5154,2025-01-21,23969.195276348142,2130.0,270757.8797353943
5155,2025-01-22,24367.32123720126,2130.0,295125.2009725956
5156,2025-01-23,24689.453703825657,2130.0,319814.65467642125
5157,2025-01-24,24933.867471909824,2130.0,344748.52214833105
5158,2025-01-25,7469.761263594274,2130.0,352218.28341192537
5159,2025-01-26,7587.9282393434105,2130.0,359806.21165126876
5160,2025-01-27,25206.67242587169,2130.0,385012.8840771404
5161,2025-01-28,25153.482968429194,2130.0,410166.36704556964
5162,2025-01-29,25036.29907464957,2130.0,435202.6661202192
5163,2025-01-30,24861.72856896337,2130.0,460064.3946891826
5164,2025-01-31,24637.331087489143,2130.0,484701.7257766717
5165,2025-02-01,6938.033100200203,2130.0,491639.7588768719
5166,2025-02-02,6667.680791636386,2130.0,498307.4396685083
5167,2025-02-03,23750.96655471874,2130.0,522058.40622322704
5168,2025-02-04,23414.97109645323,2130.0,545473.3773196803
5169,2025-02-05,23074.157239161766,2130.0,568547.5345588421
5170,2025-02-06,22737.454591945698,2130.0,591284.9891507877
5171,2025-02-07,22413.274026467825,2130.0,613698.2631772555
5172,2025-02-08,4873.156858377105,2130.0,618571.4200356327
5173,2025-02-09,4624.427829107929,2130.0,623195.8478647406
5174,2025-02-10,21588.36048731626,2130.0,644784.2083520569
5175,2025-02-11,21381.821404762544,2130.0,666166.0297568194
5176,2025-02-12,21216.22670278646,2130.0,687382.2564596059
5177,2025-02-13,21093.720477189865,2130.0,708475.9769367957
5178,2025-02-14,21015.136251060376,2130.0,729491.1131878562
5179,2025-02-15,3941.0786465791093,2130.0,733432.1918344352
5180,2025-02-16,3975.8524367541363,2130.0,737408.0442711894
5181,2025-02-17,21032.015984399663,2130.0,758440.060255589
5182,2025-02-18,21112.246182213396,2130.0,779552.3064378024
5183,2025-02-19,21222.342786681984,2130.0,800774.6492244843
5184,2025-02-20,21356.550033106996,2130.0,822131.1992575914
5185,2025-02-21,21508.47766373718,2130.0,843639.6769213285
5186,2025-02-22,4829.590611661456,2130.0,848469.2675329901
5187,2025-02-23,5024.353292758005,2130.0,853493.6208257481
5188,2025-02-24,22001.07559252338,2130.0,875494.6964182714
5189,2025-02-25,22153.8709156009,2130.0,897648.5673338723
5190,2025-02-26,22289.55201873581,2130.0,919938.1193526081
5191,2025-02-27,22401.914972077968,2130.0,942340.034324686
5192,2025-02-28,22485.419178166394,2130.0,964825.4535028525
5193,2025-03-01,5890.87004696938,2130.0,970716.3235498219
5194,2025-03-02,5931.5547427964175,2130.0,976647.8782926183
5195,2025-03-03,22520.15405799863,2130.0,999168.0323506169
5196,2025-03-04,22450.56998288175,2130.0,1021618.6023334987
5197,2025-03-05,22338.498368045457,2130.0,1043957.1007015441
5198,2025-03-06,22184.47507258394,2130.0,1066141.575774128
5199,2025-03-07,21990.134509402593,2130.0,1088131.7102835306
5200,2025-03-08,5310.929181627993,2130.0,1093442.6394651586
5201,2025-03-09,5073.1290608529935,2130.0,1098515.7685260116
5202,2025-03-10,21196.70302778605,2130.0,1119712.4715537976
5203,2025-03-11,20876.953485811453,2130.0,1140589.4250396092
5204,2025-03-12,20538.738639792966,2130.0,1161128.163679402
5205,2025-03-13,20188.28934817331,2130.0,1181316.4530275755
5206,2025-03-14,19832.089943785115,2130.0,1201148.5429713605
5207,2025-03-15,3226.712168100154,2130.0,1204375.2551394608
5208,2025-03-16,2906.787155495935,2130.0,1207282.0422949565
5209,2025-03-17,18793.993667874493,2130.0,1226076.0359628312
5210,2025-03-18,18478.661298866726,2130.0,1244554.6972616978
5211,2025-03-19,18187.82366771997,2130.0,1262742.5209294178
5212,2025-03-20,17926.00194895447,2130.0,1280668.5228783723
5213,2025-03-21,17696.91317385958,2130.0,1298365.4360522318
5214,2025-03-22,1450.627339871537,2130.0,1299816.0633921034
5215,2025-03-23,1322.7186313167906,2130.0,1301138.78202342
5216,2025-03-24,17229.559310837292,2130.0,1318368.3413342575
5217,2025-03-25,17150.07724087198,2130.0,1335518.4185751295
5218,2025-03-26,17107.807613615216,2130.0,1352626.2261887447
5219,2025-03-27,17100.788238126806,2130.0,1369727.0144268714
5220,2025-03-28,17126.214079623598,2130.0,1386853.228506495
5221,2025-03-29,1325.0069513663384,2130.0,1388178.2354578613
5222,2025-03-30,1432.2038369366326,2130.0,1389610.439294798
5223,2025-03-31,17358.581458827808,2130.0,1406969.0207536258
5224,2025-04-01,17472.559911802815,2130.0,1424441.5806654287
5225,2025-04-02,17596.212042813324,2130.0,1442037.792708242
5226,2025-04-03,17724.198379177284,2130.0,1459761.9910874192
5227,2025-04-04,17851.26686871347,2130.0,1477613.2579561328
5228,2025-04-05,2314.108295431964,2130.0,1479927.3662515648
5229,2025-04-06,2452.832819311923,2130.0,1482380.1990708767
5230,2025-04-07,18178.758695580273,2130.0,1500558.957766457
5231,2025-04-08,18256.28269370359,2130.0,1518815.2404601604
5232,2025-04-09,18312.660164547367,2130.0,1537127.9006247078
5233,2025-04-10,18345.790346923128,2130.0,1555473.690971631
5234,2025-04-11,18354.375103914874,2130.0,1573828.066075546
5235,2025-04-12,2876.8821442882195,2130.0,1576704.9482198341
5236,2025-04-13,2863.945099886903,2130.0,1579568.893319721
5237,2025-04-14,18232.16949090915,2130.0,1597801.06281063
5238,2025-04-15,18145.844797180333,2130.0,1615946.9076078106
5239,2025-04-16,18040.395196313108,2130.0,1633987.3028041236
5240,2025-04-17,17028.39909400045,2130.0,1651015.701898124
5241,2025-04-18,16894.466217052726,2130.0,1667910.1681151767
5242,2025-04-19,2378.943523168406,2130.0,1670289.111638345
5243,2025-04-20,2030.6095080484267,2130.0,1672319.7211463936
5244,2025-04-21,16939.704419244124,2130.0,1689259.4255656376
5245,2025-04-22,17207.201278758443,2130.0,1706466.626844396
5246,2025-04-23,17073.134542398402,2130.0,1723539.7613867945
5247,2025-04-24,16951.14942869005,2130.0,1740490.9108154846
5248,2025-04-25,16844.622057181215,2130.0,1757335.532872666
5249,2025-04-26,1689.8362537383985,2130.0,1759025.3691264042
5250,2025-04-27,1650.433762743184,2130.0,1760675.8028891473
5251,2025-04-28,16643.521938162732,2130.0,1777319.3248273102
5252,2025-04-29,16621.39219497648,2130.0,1793940.7170222867
5253,2025-04-30,16622.681135427578,2130.0,1810563.3981577142
5254,2025-05-01,15949.595031076173,2130.0,1826512.9931887903
5255,2025-05-02,16692.838815585605,2130.0,1843205.832004376
5256,2025-05-03,1889.3129307813263,2130.0,1845095.1449351574
5257,2025-05-04,2000.7627257707543,2130.0,1847095.907660928
5258,2025-05-05,16939.70413666972,2130.0,1864035.6117975977
5259,2025-05-06,17048.579407182136,2130.0,1881084.19120478
5260,2025-05-07,17164.87786533155,2130.0,1898249.0690701115
5261,2025-05-08,17284.71040502001,2130.0,1915533.7794751315
5262,2025-05-09,17404.108872489716,2130.0,1932937.888347621
5263,2025-05-10,2847.0262554952765,2130.0,1935784.9146031165
5264,2025-05-11,2982.119067281397,2130.0,1938767.033670398
5265,2025-05-12,17721.37200801422,2130.0,1956488.4056784122
5266,2025-05-13,17801.965488562084,2130.0,1974290.371166974
5267,2025-05-14,17865.213690022225,2130.0,1992155.5848569963
5268,2025-05-15,17909.037150519893,2130.0,2010064.6220075162
5269,2025-05-16,17931.96855291966,2130.0,2027996.590560436
5270,2025-05-17,3553.53429340981,2130.0,2031550.1248538457
5271,2025-05-18,3465.863660954275,2130.0,2035015.9885148
5272,2025-05-19,17870.648096637626,2130.0,2052886.6366114377
5273,2025-05-20,17808.604872675667,2130.0,2070695.2414841133
5274,2025-05-21,17728.25262412269,2130.0,2088423.494108236
5275,2025-05-22,17631.95495774342,2130.0,2106055.4490659796
5276,2025-05-23,17522.556354100478,2130.0,2123578.00542008
5277,2025-05-24,3125.6381640304385,2130.0,2126703.6435841103
5278,2025-05-25,3028.2087896826533,2130.0,2129731.852373793
5279,2025-05-26,17149.442418707527,2130.0,2146881.2947925003
5280,2025-05-27,17022.32615042525,2130.0,2163903.6209429256
5281,2025-05-28,16900.049852295328,2130.0,2180803.670795221
5282,2025-05-29,16912.618720222592,2130.0,2197716.2895154436
5283,2025-05-30,16683.910750569186,2130.0,2214400.200266013
5284,2025-05-31,2515.776882341757,2130.0,2216915.9771483545
5285,2025-01-01,998.411356213399,2135.0,998.411356213399
5286,2025-01-02,1025.5960963985074,2135.0,2024.0074526119065
5287,2025-01-03,1045.719108861079,2135.0,3069.726561472985
5288,2025-01-04,0.0,2135.0,3069.726561472985
5289,2025-01-05,0.0,2135.0,3069.726561472985
5290,2025-01-06,1144.1940586555888,2135.0,4213.920620128574
5291,2025-01-07,1188.7684391039445,2135.0,5402.689059232518
5292,2025-01-08,1238.5385184739832,2135.0,6641.2275777065015
5293,2025-01-09,1292.9811987645871,2135.0,7934.208776471089
5294,2025-01-10,1351.5028128125289,2135.0,9285.711589283617
5295,2025-01-11,110.08099048857387,2135.0,9395.792579772191
5296,2025-01-12,175.13745977828745,2135.0,9570.93003955048
5297,2025-01-13,1544.6938678101315,2135.0,11115.62390736061
5298,2025-01-14,1612.4420879608865,2135.0,12728.065995321496
5299,2025-01-15,1680.5195705815852,2135.0,14408.585565903082
5300,2025-01-16,1748.092880809957,2135.0,16156.678446713038
5301,2025-01-17,1814.329622958828,2135.0,17971.00806967187
5302,2025-01-18,577.8892454977674,2135.0,18548.897315169634
5303,2025-01-19,639.4342975356841,2135.0,19188.33161270532
5304,2025-01-20,1997.0000623707438,2135.0,21185.331675076064
5305,2025-01-21,2050.0677973401357,2135.0,23235.399472416197
5306,2025-01-22,2098.131980796617,2135.0,25333.531453212814
5307,2025-01-23,2140.6506392233878,2135.0,27474.182092436204
5308,2025-01-24,2177.1728240825237,2135.0,29651.354916518725
5309,2025-01-25,909.6667234350164,2135.0,30561.021639953742
5310,2025-01-26,933.6569684884993,2135.0,31494.678608442242
5311,2025-01-27,2247.7951756935604,2135.0,33742.4737841358
5312,2025-01-28,2257.9230187938,2135.0,36000.3968029296
5313,2025-01-29,2261.4183968526786,2135.0,38261.81519978228
5314,2025-01-30,2258.5000339957555,2135.0,40520.315233778034
5315,2025-01-31,2249.4987858443983,2135.0,42769.814019622434
5316,2025-02-01,940.012456539559,2135.0,43709.826476161994
5317,2025-02-02,920.6599865399687,2135.0,44630.48646270196
5318,2025-02-03,2190.84545119295,2135.0,46821.331913894915
5319,2025-02-04,2162.805478604231,2135.0,48984.13739249914
5320,2025-02-05,2131.7310234744537,2135.0,51115.8684159736
5321,2025-02-06,2098.425250197623,2135.0,53214.29366617122
5322,2025-02-07,2063.7201039772262,2135.0,55278.01377014845
5323,2025-02-08,736.4617302986318,2135.0,56014.47550044708
5324,2025-02-09,701.8878770037214,2135.0,56716.3633774508
5325,2025-02-10,1959.5940278262472,2135.0,58675.95740527705
5326,2025-02-11,1927.5760357805998,2135.0,60603.53344105765
5327,2025-02-12,1898.140348346357,2135.0,62501.673789404005
5328,2025-02-13,1871.9297232313975,2135.0,64373.6035126354
5329,2025-02-14,1849.5009945624447,2135.0,66223.10450719784
5330,2025-02-15,542.1580406227355,2135.0,66765.26254782059
5331,2025-02-16,528.9699617906252,2135.0,67294.2325096112
5332,2025-02-17,1808.957102849394,2135.0,69103.1896124606
5333,2025-02-18,1805.1464114376645,2135.0,70908.33602389827
5334,2025-02-19,1806.2869419160943,2135.0,72714.62296581436
5335,2025-02-20,1812.2591212592622,2135.0,74526.88208707362
5336,2025-02-21,1822.827912164116,2135.0,76349.70999923773
5337,2025-02-22,551.3356426401956,2135.0,76901.04564187794
5338,2025-02-23,570.3710560721204,2135.0,77471.41669795006
5339,2025-02-24,1878.1828251389677,2135.0,79349.59952308903
5340,2025-02-25,1902.752529675077,2135.0,81252.3520527641
5341,2025-02-26,1929.3174775555071,2135.0,83181.6695303196
5342,2025-02-27,1957.1626277699909,2135.0,85138.8321580896
5343,2025-02-28,1985.5453260036716,2135.0,87124.37748409327
5344,2025-03-01,730.2413157360149,2135.0,87854.61879982929
5345,2025-03-02,757.8552743178861,2135.0,88612.47407414718
5346,2025-03-03,2066.4499479363667,2135.0,90678.92402208353
5347,2025-03-04,2089.6226810399003,2135.0,92768.54670312343
5348,2025-03-05,2109.8196349772857,2135.0,94878.36633810072
5349,2025-03-06,2126.492993318013,2135.0,97004.85933141873
5350,2025-03-07,2139.1788746566785,2135.0,99144.03820607542
5351,2025-03-08,866.8775732569244,2135.0,100010.91577933234
5352,2025-03-09,870.9865520429455,2135.0,100881.90233137528
5353,2025-03-10,2150.126575200444,2135.0,103032.02890657572
5354,2025-03-11,2144.204044621351,2135.0,105176.23295119707
5355,2025-03-12,2133.5002014559523,2135.0,107309.73315265303
5356,2025-03-13,2118.1789448986533,2135.0,109427.91209755169
5357,2025-03-14,2098.505370158947,2135.0,111526.41746771063
5358,2025-03-15,797.0501182532871,2135.0,112323.46758596392
5359,2025-03-16,770.2373878832601,2135.0,113093.70497384718
5360,2025-03-17,2017.3634897082095,2135.0,115111.06846355539
5361,2025-03-18,1984.6433797649202,2135.0,117095.71184332031
5362,2025-03-19,1950.0762250515884,2135.0,119045.7880683719
5363,2025-03-20,1914.308154092836,2135.0,120960.09622246474
5364,2025-03-21,1877.998543977937,2135.0,122838.09476644266
5365,2025-03-22,566.8582032485875,2135.0,123404.95296969125
5366,2025-03-23,531.8244529294958,2135.0,123936.77742262075
5367,2025-03-24,1772.2861447700457,2135.0,125709.0635673908
5368,2025-03-25,1740.1300403913867,2135.0,127449.19360778219
5369,2025-03-26,1710.3995699523784,2135.0,129159.59317773457
5370,2025-03-27,1683.5300688823104,2135.0,130843.12324661687
5371,2025-03-28,1659.8806225232936,2135.0,132503.00386914017
5372,2025-03-29,367.62367036095645,2135.0,132870.62753950112
5373,2025-03-30,351.56405951787366,2135.0,133222.191599019
5374,2025-03-31,1610.5863031980405,2135.0,134832.77790221703
5375,2025-04-01,1601.7150471451776,2135.0,136434.4929493622
5376,2025-04-02,1596.5793663449736,2135.0,138031.0723157072
5377,2025-04-03,1595.0306295888458,2135.0,139626.10294529604
5378,2025-04-04,1596.847596875661,2135.0,141222.9505421717
5379,2025-04-05,332.48252014819445,2135.0,141555.43306231988
5380,2025-04-06,340.5265250037547,2135.0,141895.95958732365
5381,2025-04-07,1619.378722515136,2135.0,143515.3383098388
5382,2025-04-08,1631.3176867217355,2135.0,145146.65599656053
5383,2025-04-09,1644.7656509269066,2135.0,146791.4216474874
5384,2025-04-10,1659.2809967393441,2135.0,148450.70264422678
5385,2025-04-11,1674.4264969795834,2135.0,150125.12914120636
5386,2025-04-12,423.3600186176099,2135.0,150548.48915982395
5387,2025-04-13,438.9329144934838,2135.0,150987.42207431744
5388,2025-04-14,1719.5666451293612,2135.0,152706.98871944682
5389,2025-04-15,1733.3203212445408,2135.0,154440.30904069135
5390,2025-04-16,1745.9396851052404,2135.0,156186.24872579658
5391,2025-04-17,1732.720675385783,2135.0,157918.96940118237
5392,2025-04-18,1742.5141656230587,2135.0,159661.48356680543
5393,2025-04-19,511.54108087583535,2135.0,160173.02464768128
5394,2025-04-20,504.9502904172914,2135.0,160677.97493809854
5395,2025-04-21,1785.1606475710546,2135.0,162463.1355856696
5396,2025-04-22,1789.7039064517078,2135.0,164252.8394921213
5397,2025-04-23,1791.4612385962603,2135.0,166044.30073071757
5398,2025-04-24,1791.8647628429628,2135.0,167836.16549356055
5399,2025-04-25,1791.082692008147,2135.0,169627.2481855687
5400,2025-04-26,528.5682429058595,2135.0,170155.81642847456
5401,2025-04-27,526.4043760025243,2135.0,170682.22080447708
5402,2025-04-28,1783.5813838705874,2135.0,172465.80218834765
5403,2025-04-29,1780.0484268043176,2135.0,174245.85061515198
5404,2025-04-30,1776.329982404475,2135.0,176022.18059755646
5405,2025-05-01,1750.0783603620966,2135.0,177772.25895791856
5406,2025-05-02,1769.0143348336508,2135.0,179541.2732927522
5407,2025-05-03,507.7956352089849,2135.0,180049.0689279612
5408,2025-05-04,505.23080323409573,2135.0,180554.2997311953
5409,2025-05-05,1760.1565571770445,2135.0,182314.4562883723
5410,2025-05-06,1758.0200246693769,2135.0,184072.4763130417
5411,2025-05-07,1756.2943579146754,2135.0,185828.77067095638
5412,2025-05-08,1754.9309734184858,2135.0,187583.70164437487
5413,2025-05-09,1753.8519208255093,2135.0,189337.55356520036
5414,2025-05-10,497.9013729258536,2135.0,189835.45493812623
5415,2025-05-11,497.4694865077703,2135.0,190332.924424634
5416,2025-05-12,1751.2034322832812,2135.0,192084.12785691727
5417,2025-05-13,1750.0740728777146,2135.0,193834.201929795
5418,2025-05-14,1748.5887325960482,2135.0,195582.79066239105
5419,2025-05-15,1746.6159689672122,2135.0,197329.40663135826
5420,2025-05-16,1744.0396327041085,2135.0,199073.44626406237
5421,2025-05-17,483.98814334208225,2135.0,199557.43440740445
5422,2025-05-18,484.9209568794386,2135.0,200042.35536428387
5423,2025-05-19,1731.8876274507209,2135.0,201774.24299173462
5424,2025-05-20,1726.2510115634389,2135.0,203500.49400329805
5425,2025-05-21,1719.856096324059,2135.0,205220.3500996221
5426,2025-05-22,1712.7820110034859,2135.0,206933.1321106256
5427,2025-05-23,1705.1468490667896,2135.0,208638.27895969237
5428,2025-05-24,447.7364445124181,2135.0,209086.01540420478
5429,2025-05-25,439.88451705268585,2135.0,209525.89992125749
5430,2025-05-26,1680.5913803253918,2135.0,211206.49130158286
5431,2025-05-27,1672.5779576106338,2135.0,212879.0692591935
5432,2025-05-28,1665.065973963062,2135.0,214544.13523315656
5433,2025-05-29,1650.6570101613866,2135.0,216194.79224331796
5434,2025-05-30,1652.6166775498161,2135.0,217847.40892086778
5435,2025-05-31,401.6806650612732,2135.0,218249.08958592903
5436,2025-01-01,0.0,2152.0,0.0
5437,2025-01-02,0.0,2152.0,0.0
5438,2025-01-03,0.0,2152.0,0.0
5439,2025-01-04,0.0,2152.0,0.0
5440,2025-01-05,0.0,2152.0,0.0
5441,2025-01-06,0.0,2152.0,0.0
5442,2025-01-07,0.0,2152.0,0.0
5443,2025-01-08,0.0,2152.0,0.0
5444,2025-01-09,0.0,2152.0,0.0
5445,2025-01-10,0.0,2152.0,0.0
5446,2025-01-11,0.0,2152.0,0.0
5447,2025-01-12,0.0,2152.0,0.0
5448,2025-01-13,0.0,2152.0,0.0
5449,2025-01-14,0.0,2152.0,0.0
5450,2025-01-15,0.0,2152.0,0.0
5451,2025-01-16,0.0,2152.0,0.0
5452,2025-01-17,0.0,2152.0,0.0
5453,2025-01-18,0.0,2152.0,0.0
5454,2025-01-19,0.0,2152.0,0.0
5455,2025-01-20,0.0,2152.0,0.0
5456,2025-01-21,0.0,2152.0,0.0
5457,2025-01-22,0.0,2152.0,0.0
5458,2025-01-23,0.0,2152.0,0.0
5459,2025-01-24,0.0,2152.0,0.0
5460,2025-01-25,0.0,2152.0,0.0
5461,2025-01-26,0.0,2152.0,0.0
5462,2025-01-27,0.0,2152.0,0.0
5463,2025-01-28,0.0,2152.0,0.0
5464,2025-01-29,0.0,2152.0,0.0
5465,2025-01-30,0.0,2152.0,0.0
5466,2025-01-31,0.0,2152.0,0.0
5467,2025-02-01,0.0,2152.0,0.0
5468,2025-02-02,0.0,2152.0,0.0
5469,2025-02-03,0.0,2152.0,0.0
5470,2025-02-04,0.0,2152.0,0.0
5471,2025-02-05,0.0,2152.0,0.0
5472,2025-02-06,0.0,2152.0,0.0
5473,2025-02-07,0.0,2152.0,0.0
5474,2025-02-08,0.0,2152.0,0.0
5475,2025-02-09,0.0,2152.0,0.0
5476,2025-02-10,0.0,2152.0,0.0
5477,2025-02-11,0.0,2152.0,0.0
5478,2025-02-12,0.0,2152.0,0.0
5479,2025-02-13,0.0,2152.0,0.0
5480,2025-02-14,0.0,2152.0,0.0
5481,2025-02-15,0.0,2152.0,0.0
5482,2025-02-16,0.0,2152.0,0.0
5483,2025-02-17,0.0,2152.0,0.0
5484,2025-02-18,0.0,2152.0,0.0
5485,2025-02-19,0.0,2152.0,0.0
5486,2025-02-20,0.0,2152.0,0.0
5487,2025-02-21,0.0,2152.0,0.0
5488,2025-02-22,0.0,2152.0,0.0
5489,2025-02-23,0.0,2152.0,0.0
5490,2025-02-24,0.0,2152.0,0.0
5491,2025-02-25,0.0,2152.0,0.0
5492,2025-02-26,0.0,2152.0,0.0
5493,2025-02-27,0.0,2152.0,0.0
5494,2025-02-28,0.0,2152.0,0.0
5495,2025-03-01,0.0,2152.0,0.0
5496,2025-03-02,0.0,2152.0,0.0
5497,2025-03-03,0.0,2152.0,0.0
5498,2025-03-04,0.0,2152.0,0.0
5499,2025-03-05,0.0,2152.0,0.0
5500,2025-03-06,0.0,2152.0,0.0
5501,2025-03-07,0.0,2152.0,0.0
5502,2025-03-08,0.0,2152.0,0.0
5503,2025-03-09,0.0,2152.0,0.0
5504,2025-03-10,0.0,2152.0,0.0
5505,2025-03-11,0.0,2152.0,0.0
5506,2025-03-12,0.0,2152.0,0.0
5507,2025-03-13,0.0,2152.0,0.0
5508,2025-03-14,0.0,2152.0,0.0
5509,2025-03-15,0.0,2152.0,0.0
5510,2025-03-16,0.0,2152.0,0.0
5511,2025-03-17,0.0,2152.0,0.0
5512,2025-03-18,0.0,2152.0,0.0
5513,2025-03-19,0.0,2152.0,0.0
5514,2025-03-20,0.0,2152.0,0.0
5515,2025-03-21,0.0,2152.0,0.0
5516,2025-03-22,0.0,2152.0,0.0
5517,2025-03-23,0.0,2152.0,0.0
5518,2025-03-24,0.0,2152.0,0.0
5519,2025-03-25,0.0,2152.0,0.0
5520,2025-03-26,0.0,2152.0,0.0
5521,2025-03-27,0.0,2152.0,0.0
5522,2025-03-28,0.0,2152.0,0.0
5523,2025-03-29,0.0,2152.0,0.0
5524,2025-03-30,0.0,2152.0,0.0
5525,2025-03-31,0.0,2152.0,0.0
5526,2025-04-01,0.0,2152.0,0.0
5527,2025-04-02,0.0,2152.0,0.0
5528,2025-04-03,0.0,2152.0,0.0
5529,2025-04-04,0.0,2152.0,0.0
5530,2025-04-05,0.0,2152.0,0.0
5531,2025-04-06,0.0,2152.0,0.0
5532,2025-04-07,0.0,2152.0,0.0
5533,2025-04-08,0.0,2152.0,0.0
5534,2025-04-09,0.0,2152.0,0.0
5535,2025-04-10,0.0,2152.0,0.0
5536,2025-04-11,0.0,2152.0,0.0
5537,2025-04-12,0.0,2152.0,0.0
5538,2025-04-13,0.0,2152.0,0.0
5539,2025-04-14,0.0,2152.0,0.0
5540,2025-04-15,0.0,2152.0,0.0
5541,2025-04-16,0.0,2152.0,0.0
5542,2025-04-17,0.0,2152.0,0.0
5543,2025-04-18,0.0,2152.0,0.0
5544,2025-04-19,0.0,2152.0,0.0
5545,2025-04-20,0.0,2152.0,0.0
5546,2025-04-21,0.0,2152.0,0.0
5547,2025-04-22,0.0,2152.0,0.0
5548,2025-04-23,0.0,2152.0,0.0
5549,2025-04-24,0.0,2152.0,0.0
5550,2025-04-25,0.0,2152.0,0.0
5551,2025-04-26,0.0,2152.0,0.0
5552,2025-04-27,0.0,2152.0,0.0
5553,2025-04-28,0.0,2152.0,0.0
5554,2025-04-29,0.0,2152.0,0.0
5555,2025-04-30,0.0,2152.0,0.0
5556,2025-05-01,0.0,2152.0,0.0
5557,2025-05-02,0.0,2152.0,0.0
5558,2025-05-03,0.0,2152.0,0.0
5559,2025-05-04,0.0,2152.0,0.0
5560,2025-05-05,0.0,2152.0,0.0
5561,2025-05-06,0.0,2152.0,0.0
5562,2025-05-07,0.0,2152.0,0.0
5563,2025-05-08,0.0,2152.0,0.0
5564,2025-05-09,0.0,2152.0,0.0
5565,2025-05-10,0.0,2152.0,0.0
5566,2025-05-11,0.0,2152.0,0.0
5567,2025-05-12,0.0,2152.0,0.0
5568,2025-05-13,0.0,2152.0,0.0
5569,2025-05-14,0.0,2152.0,0.0
5570,2025-05-15,0.0,2152.0,0.0
5571,2025-05-16,0.0,2152.0,0.0
5572,2025-05-17,0.0,2152.0,0.0
5573,2025-05-18,0.0,2152.0,0.0
5574,2025-05-19,0.0,2152.0,0.0
5575,2025-05-20,0.0,2152.0,0.0
5576,2025-05-21,0.0,2152.0,0.0
5577,2025-05-22,0.0,2152.0,0.0
5578,2025-05-23,0.0,2152.0,0.0
5579,2025-05-24,0.0,2152.0,0.0
5580,2025-05-25,0.0,2152.0,0.0
5581,2025-05-26,0.0,2152.0,0.0
5582,2025-05-27,0.0,2152.0,0.0
5583,2025-05-28,0.0,2152.0,0.0
5584,2025-05-29,0.0,2152.0,0.0
5585,2025-05-30,0.0,2152.0,0.0
5586,2025-05-31,0.0,2152.0,0.0
5587,2025-01-01,0.0,2151.0,0.0
5588,2025-01-02,0.0,2151.0,0.0
5589,2025-01-03,0.0,2151.0,0.0
5590,2025-01-04,0.0,2151.0,0.0
5591,2025-01-05,0.0,2151.0,0.0
5592,2025-01-06,0.0,2151.0,0.0
5593,2025-01-07,0.0,2151.0,0.0
5594,2025-01-08,0.0,2151.0,0.0
5595,2025-01-09,0.0,2151.0,0.0
5596,2025-01-10,0.0,2151.0,0.0
5597,2025-01-11,0.0,2151.0,0.0
5598,2025-01-12,0.0,2151.0,0.0
5599,2025-01-13,0.0,2151.0,0.0
5600,2025-01-14,0.0,2151.0,0.0
5601,2025-01-15,0.0,2151.0,0.0
5602,2025-01-16,0.0,2151.0,0.0
5603,2025-01-17,0.0,2151.0,0.0
5604,2025-01-18,0.0,2151.0,0.0
5605,2025-01-19,0.0,2151.0,0.0
5606,2025-01-20,0.0,2151.0,0.0
5607,2025-01-21,0.0,2151.0,0.0
5608,2025-01-22,0.0,2151.0,0.0
5609,2025-01-23,0.0,2151.0,0.0
5610,2025-01-24,0.0,2151.0,0.0
5611,2025-01-25,0.0,2151.0,0.0
5612,2025-01-26,0.0,2151.0,0.0
5613,2025-01-27,0.0,2151.0,0.0
5614,2025-01-28,0.0,2151.0,0.0
5615,2025-01-29,0.0,2151.0,0.0
5616,2025-01-30,0.0,2151.0,0.0
5617,2025-01-31,0.0,2151.0,0.0
5618,2025-02-01,0.0,2151.0,0.0
5619,2025-02-02,0.0,2151.0,0.0
5620,2025-02-03,0.0,2151.0,0.0
5621,2025-02-04,0.0,2151.0,0.0
5622,2025-02-05,0.0,2151.0,0.0
5623,2025-02-06,0.0,2151.0,0.0
5624,2025-02-07,0.0,2151.0,0.0
5625,2025-02-08,0.0,2151.0,0.0
5626,2025-02-09,0.0,2151.0,0.0
5627,2025-02-10,0.0,2151.0,0.0
5628,2025-02-11,0.0,2151.0,0.0
5629,2025-02-12,0.0,2151.0,0.0
5630,2025-02-13,0.0,2151.0,0.0
5631,2025-02-14,0.0,2151.0,0.0
5632,2025-02-15,0.0,2151.0,0.0
5633,2025-02-16,0.0,2151.0,0.0
5634,2025-02-17,0.0,2151.0,0.0
5635,2025-02-18,0.0,2151.0,0.0
5636,2025-02-19,0.0,2151.0,0.0
5637,2025-02-20,0.0,2151.0,0.0
5638,2025-02-21,0.0,2151.0,0.0
5639,2025-02-22,0.0,2151.0,0.0
5640,2025-02-23,0.0,2151.0,0.0
5641,2025-02-24,0.0,2151.0,0.0
5642,2025-02-25,0.0,2151.0,0.0
5643,2025-02-26,0.0,2151.0,0.0
5644,2025-02-27,0.0,2151.0,0.0
5645,2025-02-28,0.0,2151.0,0.0
5646,2025-03-01,0.0,2151.0,0.0
5647,2025-03-02,0.0,2151.0,0.0
5648,2025-03-03,0.0,2151.0,0.0
5649,2025-03-04,0.0,2151.0,0.0
5650,2025-03-05,0.0,2151.0,0.0
5651,2025-03-06,0.0,2151.0,0.0
5652,2025-03-07,0.0,2151.0,0.0
5653,2025-03-08,0.0,2151.0,0.0
5654,2025-03-09,0.0,2151.0,0.0
5655,2025-03-10,0.0,2151.0,0.0
5656,2025-03-11,0.0,2151.0,0.0
5657,2025-03-12,0.0,2151.0,0.0
5658,2025-03-13,0.0,2151.0,0.0
5659,2025-03-14,0.0,2151.0,0.0
5660,2025-03-15,0.0,2151.0,0.0
5661,2025-03-16,0.0,2151.0,0.0
5662,2025-03-17,0.0,2151.0,0.0
5663,2025-03-18,0.0,2151.0,0.0
5664,2025-03-19,0.0,2151.0,0.0
5665,2025-03-20,0.0,2151.0,0.0
5666,2025-03-21,0.0,2151.0,0.0
5667,2025-03-22,0.0,2151.0,0.0
5668,2025-03-23,0.0,2151.0,0.0
5669,2025-03-24,0.0,2151.0,0.0
5670,2025-03-25,0.0,2151.0,0.0
5671,2025-03-26,0.0,2151.0,0.0
5672,2025-03-27,0.0,2151.0,0.0
5673,2025-03-28,0.0,2151.0,0.0
5674,2025-03-29,0.0,2151.0,0.0
5675,2025-03-30,0.0,2151.0,0.0
5676,2025-03-31,0.0,2151.0,0.0
5677,2025-04-01,0.0,2151.0,0.0
5678,2025-04-02,0.0,2151.0,0.0
5679,2025-04-03,0.0,2151.0,0.0
5680,2025-04-04,0.0,2151.0,0.0
5681,2025-04-05,0.0,2151.0,0.0
5682,2025-04-06,0.0,2151.0,0.0
5683,2025-04-07,0.0,2151.0,0.0
5684,2025-04-08,0.0,2151.0,0.0
5685,2025-04-09,0.0,2151.0,0.0
5686,2025-04-10,0.0,2151.0,0.0
5687,2025-04-11,0.0,2151.0,0.0
5688,2025-04-12,0.0,2151.0,0.0
5689,2025-04-13,0.0,2151.0,0.0
5690,2025-04-14,0.0,2151.0,0.0
5691,2025-04-15,0.0,2151.0,0.0
5692,2025-04-16,0.0,2151.0,0.0
5693,2025-04-17,0.0,2151.0,0.0
5694,2025-04-18,0.0,2151.0,0.0
5695,2025-04-19,0.0,2151.0,0.0
5696,2025-04-20,0.0,2151.0,0.0
5697,2025-04-21,0.0,2151.0,0.0
5698,2025-04-22,0.0,2151.0,0.0
5699,2025-04-23,0.0,2151.0,0.0
5700,2025-04-24,0.0,2151.0,0.0
5701,2025-04-25,0.0,2151.0,0.0
5702,2025-04-26,0.0,2151.0,0.0
5703,2025-04-27,0.0,2151.0,0.0
5704,2025-04-28,0.0,2151.0,0.0
5705,2025-04-29,0.0,2151.0,0.0
5706,2025-04-30,0.0,2151.0,0.0
5707,2025-05-01,0.0,2151.0,0.0
5708,2025-05-02,0.0,2151.0,0.0
5709,2025-05-03,0.0,2151.0,0.0
5710,2025-05-04,0.0,2151.0,0.0
5711,2025-05-05,0.0,2151.0,0.0
5712,2025-05-06,0.0,2151.0,0.0
5713,2025-05-07,0.0,2151.0,0.0
5714,2025-05-08,0.0,2151.0,0.0
5715,2025-05-09,0.0,2151.0,0.0
5716,2025-05-10,0.0,2151.0,0.0
5717,2025-05-11,0.0,2151.0,0.0
5718,2025-05-12,0.0,2151.0,0.0
5719,2025-05-13,0.0,2151.0,0.0
5720,2025-05-14,0.0,2151.0,0.0
5721,2025-05-15,0.0,2151.0,0.0
5722,2025-05-16,0.0,2151.0,0.0
5723,2025-05-17,0.0,2151.0,0.0
5724,2025-05-18,0.0,2151.0,0.0
5725,2025-05-19,0.0,2151.0,0.0
5726,2025-05-20,0.0,2151.0,0.0
5727,2025-05-21,0.0,2151.0,0.0
5728,2025-05-22,0.0,2151.0,0.0
5729,2025-05-23,0.0,2151.0,0.0
5730,2025-05-24,0.0,2151.0,0.0
5731,2025-05-25,0.0,2151.0,0.0
5732,2025-05-26,0.0,2151.0,0.0
5733,2025-05-27,0.0,2151.0,0.0
5734,2025-05-28,0.0,2151.0,0.0
5735,2025-05-29,0.0,2151.0,0.0
5736,2025-05-30,0.0,2151.0,0.0
5737,2025-05-31,0.0,2151.0,0.0
5738,2025-01-01,0.0,2155.0,0.0
5739,2025-01-02,0.0,2155.0,0.0
5740,2025-01-03,0.0,2155.0,0.0
5741,2025-01-04,0.0,2155.0,0.0
5742,2025-01-05,0.0,2155.0,0.0
5743,2025-01-06,0.0,2155.0,0.0
5744,2025-01-07,0.0,2155.0,0.0
5745,2025-01-08,0.0,2155.0,0.0
5746,2025-01-09,0.0,2155.0,0.0
5747,2025-01-10,0.0,2155.0,0.0
5748,2025-01-11,0.0,2155.0,0.0
5749,2025-01-12,0.0,2155.0,0.0
5750,2025-01-13,0.0,2155.0,0.0
5751,2025-01-14,0.0,2155.0,0.0
5752,2025-01-15,0.0,2155.0,0.0
5753,2025-01-16,0.0,2155.0,0.0
5754,2025-01-17,0.0,2155.0,0.0
5755,2025-01-18,0.0,2155.0,0.0
5756,2025-01-19,0.0,2155.0,0.0
5757,2025-01-20,0.0,2155.0,0.0
5758,2025-01-21,0.0,2155.0,0.0
5759,2025-01-22,0.0,2155.0,0.0
5760,2025-01-23,0.0,2155.0,0.0
5761,2025-01-24,0.0,2155.0,0.0
5762,2025-01-25,0.0,2155.0,0.0
5763,2025-01-26,0.0,2155.0,0.0
5764,2025-01-27,0.0,2155.0,0.0
5765,2025-01-28,0.0,2155.0,0.0
5766,2025-01-29,0.0,2155.0,0.0
5767,2025-01-30,0.0,2155.0,0.0
5768,2025-01-31,0.0,2155.0,0.0
5769,2025-02-01,0.0,2155.0,0.0
5770,2025-02-02,0.0,2155.0,0.0
5771,2025-02-03,0.0,2155.0,0.0
5772,2025-02-04,0.0,2155.0,0.0
5773,2025-02-05,0.0,2155.0,0.0
5774,2025-02-06,0.0,2155.0,0.0
5775,2025-02-07,0.0,2155.0,0.0
5776,2025-02-08,0.0,2155.0,0.0
5777,2025-02-09,0.0,2155.0,0.0
5778,2025-02-10,0.0,2155.0,0.0
5779,2025-02-11,0.0,2155.0,0.0
5780,2025-02-12,0.0,2155.0,0.0
5781,2025-02-13,0.0,2155.0,0.0
5782,2025-02-14,0.0,2155.0,0.0
5783,2025-02-15,0.0,2155.0,0.0
5784,2025-02-16,0.0,2155.0,0.0
5785,2025-02-17,0.0,2155.0,0.0
5786,2025-02-18,0.0,2155.0,0.0
5787,2025-02-19,0.0,2155.0,0.0
5788,2025-02-20,0.0,2155.0,0.0
5789,2025-02-21,0.0,2155.0,0.0
5790,2025-02-22,0.0,2155.0,0.0
5791,2025-02-23,0.0,2155.0,0.0
5792,2025-02-24,0.0,2155.0,0.0
5793,2025-02-25,0.0,2155.0,0.0
5794,2025-02-26,0.0,2155.0,0.0
5795,2025-02-27,0.0,2155.0,0.0
5796,2025-02-28,0.0,2155.0,0.0
5797,2025-03-01,0.0,2155.0,0.0
5798,2025-03-02,0.0,2155.0,0.0
5799,2025-03-03,0.0,2155.0,0.0
5800,2025-03-04,0.0,2155.0,0.0
5801,2025-03-05,0.0,2155.0,0.0
5802,2025-03-06,0.0,2155.0,0.0
5803,2025-03-07,0.0,2155.0,0.0
5804,2025-03-08,0.0,2155.0,0.0
5805,2025-03-09,0.0,2155.0,0.0
5806,2025-03-10,0.0,2155.0,0.0
5807,2025-03-11,0.0,2155.0,0.0
5808,2025-03-12,0.0,2155.0,0.0
5809,2025-03-13,0.0,2155.0,0.0
5810,2025-03-14,0.0,2155.0,0.0
5811,2025-03-15,0.0,2155.0,0.0
5812,2025-03-16,0.0,2155.0,0.0
5813,2025-03-17,0.0,2155.0,0.0
5814,2025-03-18,0.0,2155.0,0.0
5815,2025-03-19,0.0,2155.0,0.0
5816,2025-03-20,0.0,2155.0,0.0
5817,2025-03-21,0.0,2155.0,0.0
5818,2025-03-22,0.0,2155.0,0.0
5819,2025-03-23,0.0,2155.0,0.0
5820,2025-03-24,0.0,2155.0,0.0
5821,2025-03-25,0.0,2155.0,0.0
5822,2025-03-26,0.0,2155.0,0.0
5823,2025-03-27,0.0,2155.0,0.0
5824,2025-03-28,0.0,2155.0,0.0
5825,2025-03-29,0.0,2155.0,0.0
5826,2025-03-30,0.0,2155.0,0.0
5827,2025-03-31,0.0,2155.0,0.0
5828,2025-04-01,0.0,2155.0,0.0
5829,2025-04-02,0.0,2155.0,0.0
5830,2025-04-03,0.0,2155.0,0.0
5831,2025-04-04,0.0,2155.0,0.0
5832,2025-04-05,0.0,2155.0,0.0
5833,2025-04-06,0.0,2155.0,0.0
5834,2025-04-07,0.0,2155.0,0.0
5835,2025-04-08,0.0,2155.0,0.0
5836,2025-04-09,0.0,2155.0,0.0
5837,2025-04-10,0.0,2155.0,0.0
5838,2025-04-11,0.0,2155.0,0.0
5839,2025-04-12,0.0,2155.0,0.0
5840,2025-04-13,0.0,2155.0,0.0
5841,2025-04-14,0.0,2155.0,0.0
5842,2025-04-15,0.0,2155.0,0.0
5843,2025-04-16,0.0,2155.0,0.0
5844,2025-04-17,0.0,2155.0,0.0
5845,2025-04-18,0.0,2155.0,0.0
5846,2025-04-19,0.0,2155.0,0.0
5847,2025-04-20,0.0,2155.0,0.0
5848,2025-04-21,0.0,2155.0,0.0
5849,2025-04-22,0.0,2155.0,0.0
5850,2025-04-23,0.0,2155.0,0.0
5851,2025-04-24,0.0,2155.0,0.0
5852,2025-04-25,0.0,2155.0,0.0
5853,2025-04-26,0.0,2155.0,0.0
5854,2025-04-27,0.0,2155.0,0.0
5855,2025-04-28,0.0,2155.0,0.0
5856,2025-04-29,0.0,2155.0,0.0
5857,2025-04-30,0.0,2155.0,0.0
5858,2025-05-01,0.0,2155.0,0.0
5859,2025-05-02,0.0,2155.0,0.0
5860,2025-05-03,0.0,2155.0,0.0
5861,2025-05-04,0.0,2155.0,0.0
5862,2025-05-05,0.0,2155.0,0.0
5863,2025-05-06,0.0,2155.0,0.0
5864,2025-05-07,0.0,2155.0,0.0
5865,2025-05-08,0.0,2155.0,0.0
5866,2025-05-09,0.0,2155.0,0.0
5867,2025-05-10,0.0,2155.0,0.0
5868,2025-05-11,0.0,2155.0,0.0
5869,2025-05-12,0.0,2155.0,0.0
5870,2025-05-13,0.0,2155.0,0.0
5871,2025-05-14,0.0,2155.0,0.0
5872,2025-05-15,0.0,2155.0,0.0
5873,2025-05-16,0.0,2155.0,0.0
5874,2025-05-17,0.0,2155.0,0.0
5875,2025-05-18,0.0,2155.0,0.0
5876,2025-05-19,0.0,2155.0,0.0
5877,2025-05-20,0.0,2155.0,0.0
5878,2025-05-21,0.0,2155.0,0.0
5879,2025-05-22,0.0,2155.0,0.0
5880,2025-05-23,0.0,2155.0,0.0
5881,2025-05-24,0.0,2155.0,0.0
5882,2025-05-25,0.0,2155.0,0.0
5883,2025-05-26,0.0,2155.0,0.0
5884,2025-05-27,0.0,2155.0,0.0
5885,2025-05-28,0.0,2155.0,0.0
5886,2025-05-29,0.0,2155.0,0.0
5887,2025-05-30,0.0,2155.0,0.0
5888,2025-05-31,0.0,2155.0,0.0
5889,2025-01-01,1662.8416495507363,2134.0,1662.8416495507363
5890,2025-01-02,1658.5042191655064,2134.0,3321.345868716243
5891,2025-01-03,1653.0651524323825,2134.0,4974.411021148625
5892,2025-01-04,0.0,2134.0,4974.411021148625
5893,2025-01-05,0.0,2134.0,4974.411021148625
5894,2025-01-06,1761.1562811756291,2134.0,6735.567302324254
5895,2025-01-07,1838.2580065298941,2134.0,8573.825308854148
5896,2025-01-08,1934.760969900599,2134.0,10508.586278754748
5897,2025-01-09,2049.4303531946225,2134.0,12558.01663194937
5898,2025-01-10,2180.682328699934,2134.0,14738.698960649304
5899,2025-01-11,0.0,2134.0,14738.698960649304
5900,2025-01-12,132.6087984849274,2134.0,14871.307759134232
5901,2025-01-13,2653.4507468485685,2134.0,17524.758505982798
5902,2025-01-14,2829.2668668584133,2134.0,20354.025372841214
5903,2025-01-15,3009.661235041884,2134.0,23363.686607883097
5904,2025-01-16,3191.736178228425,2134.0,26555.42278611152
5905,2025-01-17,3372.556880248191,2134.0,29927.979666359715
5906,2025-01-18,1196.475528352018,2134.0,31124.455194711732
5907,2025-01-19,1366.0796318318291,2134.0,32490.53482654356
5908,2025-01-20,3878.8462735949815,2134.0,36369.38110013854
5909,2025-01-21,4026.6482309679996,2134.0,40396.02933110654
5910,2025-01-22,4160.034346196267,2134.0,44556.06367730281
5911,2025-01-23,4277.057621522875,2134.0,48833.12129882568
5912,2025-01-24,4376.1057158960075,2134.0,53209.22701472169
5913,2025-01-25,2102.8126129538778,2134.0,55312.03962767557
5914,2025-01-26,2162.5099234452514,2134.0,57474.54955112082
5915,2025-01-27,4554.914013772813,2134.0,62029.46356489363
5916,2025-01-28,4573.582343105435,2134.0,66603.04590799907
5917,2025-01-29,4572.062593777963,2134.0,71175.10850177702
5918,2025-01-30,4551.123001177603,2134.0,75726.23150295463
5919,2025-01-31,4511.906414514427,2134.0,80238.13791746907
5920,2025-02-01,2102.3951618187366,2134.0,82340.5330792878
5921,2025-02-02,2031.3399214468157,2134.0,84371.87300073462
5922,2025-02-03,4300.9639002776685,2134.0,88672.83690101228
5923,2025-02-04,4206.363574814507,2134.0,92879.20047582679
5924,2025-02-05,4103.530949535991,2134.0,96982.73142536278
5925,2025-02-06,3995.000568024401,2134.0,100977.73199338718
5926,2025-02-07,3883.35129551649,2134.0,104861.08328890367
5927,2025-02-08,1417.257627153796,2134.0,106278.34091605747
5928,2025-02-09,1306.9376014454529,2134.0,107585.27851750291
5929,2025-02-10,3554.9226496769393,2134.0,111140.20116717985
5930,2025-02-11,3455.4572462855085,2134.0,114595.65841346537
5931,2025-02-12,3364.453266336094,2134.0,117960.11167980146
5932,2025-02-13,3283.6155826251497,2134.0,121243.7272624266
5933,2025-02-14,3214.3548029226663,2134.0,124458.08206534927
5934,2025-02-15,803.4879475912206,2134.0,125261.5700129405
5935,2025-02-16,760.266403948006,2134.0,126021.8364168885
5936,2025-02-17,3085.2689565796295,2134.0,129107.10537346813
5937,2025-02-18,3069.8529057085993,2134.0,132176.95827917673
5938,2025-02-19,3068.0868092962905,2134.0,135245.045088473
5939,2025-02-20,3079.393530873833,2134.0,138324.43861934685
5940,2025-02-21,3102.9044329417075,2134.0,141427.34305228858
5941,2025-02-22,782.830849122277,2134.0,142210.17390141083
5942,2025-02-23,827.0839628878651,2134.0,143037.2578642987
5943,2025-02-24,3234.293153970379,2134.0,146271.5510182691
5944,2025-02-25,3293.3010278385873,2134.0,149564.85204610767
5945,2025-02-26,3357.0576091733315,2134.0,152921.909655281
5946,2025-02-27,3423.755095493385,2134.0,156345.6647507744
5947,2025-02-28,3491.58974648707,2134.0,159837.25449726146
5948,2025-03-01,1203.763379580631,2134.0,161041.0178768421
5949,2025-03-02,1268.6485741593322,2134.0,162309.66645100142
5950,2025-03-03,3684.8812352366667,2134.0,165994.54768623807
5951,2025-03-04,3740.845369808517,2134.0,169735.3930560466
5952,2025-03-05,3790.4730028072454,2134.0,173525.86605885386
5953,2025-03-06,3832.8148677689105,2134.0,177358.68092662276
5954,2025-03-07,3867.155689796877,2134.0,181225.83661641963
5955,2025-03-08,1537.5943149253249,2134.0,182763.43093134498
5956,2025-03-09,1554.7071093972534,2134.0,184318.13804074223
5957,2025-03-10,3918.6730796383895,2134.0,188236.81112038062
5958,2025-03-11,3918.7132457925327,2134.0,192155.52436617314
5959,2025-03-12,3910.768487694182,2134.0,196066.29285386731
5960,2025-03-13,3895.486366011784,2134.0,199961.7792198791
5961,2025-03-14,3873.6783744158256,2134.0,203835.45759429492
5962,2025-03-15,1490.4758158613165,2134.0,205325.93341015626
5963,2025-03-16,1458.4969607332057,2134.0,206784.43037088946
5964,2025-03-17,3779.018413951907,2134.0,210563.44878484137
5965,2025-03-18,3741.390355244099,2134.0,214304.83914008545
5966,2025-03-19,3702.620408999906,2134.0,218007.45954908535
5967,2025-03-20,3663.8105777512023,2134.0,221671.27012683658
5968,2025-03-21,3625.995244378543,2134.0,225297.26537121512
5969,2025-03-22,1233.915166716526,2134.0,226531.18053793162
5970,2025-03-23,1200.7330651365908,2134.0,227731.9136030682
5971,2025-03-24,3527.2968705619933,2134.0,231259.21047363023
5972,2025-03-25,3501.5760872199194,2134.0,234760.78656085013
5973,2025-03-26,3480.1952566539485,2134.0,238240.9818175041
5974,2025-03-27,3463.361652285254,2134.0,241704.34346978934
5975,2025-03-28,3451.1206294073454,2134.0,245155.4640991967
5976,2025-03-29,1086.779293577276,2134.0,246242.24339277396
5977,2025-03-30,1083.1962049904753,2134.0,247325.43959776443
5978,2025-03-31,3440.1556883650414,2134.0,250765.59528612948
5979,2025-04-01,3443.8375583283078,2134.0,254209.4328444578
5980,2025-04-02,3450.3052565053113,2134.0,257659.7381009631
5981,2025-04-03,3458.9222221057585,2134.0,261118.66032306885
5982,2025-04-04,3469.0155527943575,2134.0,264587.67587586323
5983,2025-04-05,1122.9337758803283,2134.0,265710.60965174355
5984,2025-04-06,1133.8891726989195,2134.0,266844.49882444245
5985,2025-04-07,3501.4165057404202,2134.0,270345.9153301829
5986,2025-04-08,3510.8452362948856,2134.0,273856.7605664778
5987,2025-04-09,3518.7082749672845,2134.0,277375.46884144505
5988,2025-04-10,3524.610897450278,2134.0,280900.07973889535
5989,2025-04-11,3528.2656788983436,2134.0,284428.34541779367
5990,2025-04-12,1172.1475993031818,2134.0,285600.49301709683
5991,2025-04-13,1170.8536378069753,2134.0,286771.34665490384
5992,2025-04-14,3524.6130750141097,2134.0,290295.95972991793
5993,2025-04-15,3518.7328651538546,2134.0,293814.6925950718
5994,2025-04-16,3510.9020401664984,2134.0,297325.5946352383
5995,2025-04-17,3458.998704565379,2134.0,300784.5933398037
5996,2025-04-18,3448.4617210542174,2134.0,304233.0550608579
5997,2025-04-19,1122.0557427555373,2134.0,305355.11080361344
5998,2025-04-20,1083.6801323958978,2134.0,306438.7909360093
5999,2025-04-21,3497.612619062886,2134.0,309936.4035550722
6000,2025-04-22,3448.056829759847,2134.0,313384.46038483205
6001,2025-04-23,3439.8856581224095,2134.0,316824.3460429545
6002,2025-04-24,3433.7539498101874,2134.0,320258.09999276465
6003,2025-04-25,3430.07619249822,2134.0,323688.17618526286
6004,2025-04-26,1071.063281478182,2134.0,324759.23946674104
6005,2025-04-27,1073.1435353115528,2134.0,325832.3830020526
6006,2025-04-28,3436.6167926684657,2134.0,329268.9997947211
6007,2025-04-29,3445.0989938607004,2134.0,332714.0987885818
6008,2025-04-30,3456.6811638417657,2134.0,336170.77995242353
6009,2025-05-01,3432.695104736909,2134.0,339603.4750571604
6010,2025-05-02,3488.2603811109684,2134.0,343091.7354382714
6011,2025-05-03,1149.0599000058878,2134.0,344240.7953382773
6012,2025-05-04,1170.0534531451578,2134.0,345410.84879142244
6013,2025-05-05,3550.8702125913364,2134.0,348961.7190040138
6014,2025-05-06,3573.750466887958,2134.0,352535.46947090176
6015,2025-05-07,3596.650563945603,2134.0,356132.12003484735
6016,2025-05-08,3618.961658508195,2134.0,359751.0816933556
6017,2025-05-09,3640.0934749296066,2134.0,363391.17516828515
6018,2025-05-10,1300.6039856316265,2134.0,364691.7791539168
6019,2025-05-11,1317.73158081658,2134.0,366009.51073473337
6020,2025-05-12,3691.2296337690013,2134.0,369700.7403685024
6021,2025-05-13,3702.8327046303184,2134.0,373403.57307313266
6022,2025-05-14,3711.2775253713844,2134.0,377114.85059850407
6023,2025-05-15,3716.4704433736656,2134.0,380831.32104187773
6024,2025-05-16,3718.439320600491,2134.0,384549.7603624782
6025,2025-05-17,1418.6018348672762,2134.0,385968.36219734553
6026,2025-05-18,1354.094491248223,2134.0,387322.4566885937
6027,2025-05-19,3707.0949543452084,2134.0,391029.5516429389
6028,2025-05-20,3698.8235925331537,2134.0,394728.3752354721
6029,2025-05-21,3689.1788764649464,2134.0,398417.55411193706
6030,2025-05-22,3678.7944650266218,2134.0,402096.34857696365
6031,2025-05-23,3668.349433529018,2134.0,405764.69801049266
6032,2025-05-24,1298.8838199085371,2134.0,407063.5818304012
6033,2025-05-25,1290.363961114256,2134.0,408353.94579151546
6034,2025-05-26,3643.626211433933,2134.0,411997.5720029494
6035,2025-05-27,3639.802587377009,2134.0,415637.3745903264
6036,2025-05-28,3639.1528881536474,2134.0,419276.5274784801
6037,2025-05-29,3657.4271317605844,2134.0,422933.95461024065
6038,2025-05-30,3649.0443618307736,2134.0,426582.9989720714
6039,2025-05-31,1300.0682030281946,2134.0,427883.0671750996
6040,2025-01-01,0.0,2149.0,0.0
6041,2025-01-02,0.0,2149.0,0.0
6042,2025-01-03,0.0,2149.0,0.0
6043,2025-01-04,0.0,2149.0,0.0
6044,2025-01-05,0.0,2149.0,0.0
6045,2025-01-06,0.0,2149.0,0.0
6046,2025-01-07,0.0,2149.0,0.0
6047,2025-01-08,0.0,2149.0,0.0
6048,2025-01-09,0.0,2149.0,0.0
6049,2025-01-10,0.0,2149.0,0.0
6050,2025-01-11,0.0,2149.0,0.0
6051,2025-01-12,0.0,2149.0,0.0
6052,2025-01-13,0.0,2149.0,0.0
6053,2025-01-14,0.0,2149.0,0.0
6054,2025-01-15,0.0,2149.0,0.0
6055,2025-01-16,0.0,2149.0,0.0
6056,2025-01-17,0.0,2149.0,0.0
6057,2025-01-18,0.0,2149.0,0.0
6058,2025-01-19,0.0,2149.0,0.0
6059,2025-01-20,0.0,2149.0,0.0
6060,2025-01-21,0.0,2149.0,0.0
6061,2025-01-22,0.0,2149.0,0.0
6062,2025-01-23,0.0,2149.0,0.0
6063,2025-01-24,0.0,2149.0,0.0
6064,2025-01-25,0.0,2149.0,0.0
6065,2025-01-26,0.0,2149.0,0.0
6066,2025-01-27,0.0,2149.0,0.0
6067,2025-01-28,0.0,2149.0,0.0
6068,2025-01-29,0.0,2149.0,0.0
6069,2025-01-30,0.0,2149.0,0.0
6070,2025-01-31,0.0,2149.0,0.0
6071,2025-02-01,0.0,2149.0,0.0
6072,2025-02-02,0.0,2149.0,0.0
6073,2025-02-03,0.0,2149.0,0.0
6074,2025-02-04,0.0,2149.0,0.0
6075,2025-02-05,0.0,2149.0,0.0
6076,2025-02-06,0.0,2149.0,0.0
6077,2025-02-07,0.0,2149.0,0.0
6078,2025-02-08,0.0,2149.0,0.0
6079,2025-02-09,0.0,2149.0,0.0
6080,2025-02-10,0.0,2149.0,0.0
6081,2025-02-11,0.0,2149.0,0.0
6082,2025-02-12,0.0,2149.0,0.0
6083,2025-02-13,0.0,2149.0,0.0
6084,2025-02-14,0.0,2149.0,0.0
6085,2025-02-15,0.0,2149.0,0.0
6086,2025-02-16,0.0,2149.0,0.0
6087,2025-02-17,0.0,2149.0,0.0
6088,2025-02-18,0.0,2149.0,0.0
6089,2025-02-19,0.0,2149.0,0.0
6090,2025-02-20,0.0,2149.0,0.0
6091,2025-02-21,0.0,2149.0,0.0
6092,2025-02-22,0.0,2149.0,0.0
6093,2025-02-23,0.0,2149.0,0.0
6094,2025-02-24,0.0,2149.0,0.0
6095,2025-02-25,0.0,2149.0,0.0
6096,2025-02-26,0.0,2149.0,0.0
6097,2025-02-27,0.0,2149.0,0.0
6098,2025-02-28,0.0,2149.0,0.0
6099,2025-03-01,0.0,2149.0,0.0
6100,2025-03-02,0.0,2149.0,0.0
6101,2025-03-03,0.0,2149.0,0.0
6102,2025-03-04,0.0,2149.0,0.0
6103,2025-03-05,0.0,2149.0,0.0
6104,2025-03-06,0.0,2149.0,0.0
6105,2025-03-07,0.0,2149.0,0.0
6106,2025-03-08,0.0,2149.0,0.0
6107,2025-03-09,0.0,2149.0,0.0
6108,2025-03-10,0.0,2149.0,0.0
6109,2025-03-11,0.0,2149.0,0.0
6110,2025-03-12,0.0,2149.0,0.0
6111,2025-03-13,0.0,2149.0,0.0
6112,2025-03-14,0.0,2149.0,0.0
6113,2025-03-15,0.0,2149.0,0.0
6114,2025-03-16,0.0,2149.0,0.0
6115,2025-03-17,0.0,2149.0,0.0
6116,2025-03-18,0.0,2149.0,0.0
6117,2025-03-19,0.0,2149.0,0.0
6118,2025-03-20,0.0,2149.0,0.0
6119,2025-03-21,0.0,2149.0,0.0
6120,2025-03-22,0.0,2149.0,0.0
6121,2025-03-23,0.0,2149.0,0.0
6122,2025-03-24,0.0,2149.0,0.0
6123,2025-03-25,0.0,2149.0,0.0
6124,2025-03-26,0.0,2149.0,0.0
6125,2025-03-27,0.0,2149.0,0.0
6126,2025-03-28,0.0,2149.0,0.0
6127,2025-03-29,0.0,2149.0,0.0
6128,2025-03-30,0.0,2149.0,0.0
6129,2025-03-31,0.0,2149.0,0.0
6130,2025-04-01,0.0,2149.0,0.0
6131,2025-04-02,0.0,2149.0,0.0
6132,2025-04-03,0.0,2149.0,0.0
6133,2025-04-04,0.0,2149.0,0.0
6134,2025-04-05,0.0,2149.0,0.0
6135,2025-04-06,0.0,2149.0,0.0
6136,2025-04-07,0.0,2149.0,0.0
6137,2025-04-08,0.0,2149.0,0.0
6138,2025-04-09,0.0,2149.0,0.0
6139,2025-04-10,0.0,2149.0,0.0
6140,2025-04-11,0.0,2149.0,0.0
6141,2025-04-12,0.0,2149.0,0.0
6142,2025-04-13,0.0,2149.0,0.0
6143,2025-04-14,0.0,2149.0,0.0
6144,2025-04-15,0.0,2149.0,0.0
6145,2025-04-16,0.0,2149.0,0.0
6146,2025-04-17,0.0,2149.0,0.0
6147,2025-04-18,0.0,2149.0,0.0
6148,2025-04-19,0.0,2149.0,0.0
6149,2025-04-20,0.0,2149.0,0.0
6150,2025-04-21,0.0,2149.0,0.0
6151,2025-04-22,0.0,2149.0,0.0
6152,2025-04-23,0.0,2149.0,0.0
6153,2025-04-24,0.0,2149.0,0.0
6154,2025-04-25,0.0,2149.0,0.0
6155,2025-04-26,0.0,2149.0,0.0
6156,2025-04-27,0.0,2149.0,0.0
6157,2025-04-28,0.0,2149.0,0.0
6158,2025-04-29,0.0,2149.0,0.0
6159,2025-04-30,0.0,2149.0,0.0
6160,2025-05-01,0.0,2149.0,0.0
6161,2025-05-02,0.0,2149.0,0.0
6162,2025-05-03,0.0,2149.0,0.0
6163,2025-05-04,0.0,2149.0,0.0
6164,2025-05-05,0.0,2149.0,0.0
6165,2025-05-06,0.0,2149.0,0.0
6166,2025-05-07,0.0,2149.0,0.0
6167,2025-05-08,0.0,2149.0,0.0
6168,2025-05-09,0.0,2149.0,0.0
6169,2025-05-10,0.0,2149.0,0.0
6170,2025-05-11,0.0,2149.0,0.0
6171,2025-05-12,0.0,2149.0,0.0
6172,2025-05-13,0.0,2149.0,0.0
6173,2025-05-14,0.0,2149.0,0.0
6174,2025-05-15,0.0,2149.0,0.0
6175,2025-05-16,0.0,2149.0,0.0
6176,2025-05-17,0.0,2149.0,0.0
6177,2025-05-18,0.0,2149.0,0.0
6178,2025-05-19,0.0,2149.0,0.0
6179,2025-05-20,0.0,2149.0,0.0
6180,2025-05-21,0.0,2149.0,0.0
6181,2025-05-22,0.0,2149.0,0.0
6182,2025-05-23,0.0,2149.0,0.0
6183,2025-05-24,0.0,2149.0,0.0
6184,2025-05-25,0.0,2149.0,0.0
6185,2025-05-26,0.0,2149.0,0.0
6186,2025-05-27,0.0,2149.0,0.0
6187,2025-05-28,0.0,2149.0,0.0
6188,2025-05-29,0.0,2149.0,0.0
6189,2025-05-30,0.0,2149.0,0.0
6190,2025-05-31,0.0,2149.0,0.0
6191,2025-01-01,754.6033387731349,2144.0,754.6033387731349
6192,2025-01-02,784.4581766428682,2144.0,1539.0615154160032
6193,2025-01-03,812.2646436266594,2144.0,2351.3261590426628
6194,2025-01-04,139.96053145380782,2144.0,2491.2866904964703
6195,2025-01-05,180.15595158517814,2144.0,2671.4426420816485
6196,2025-01-06,931.4239612802603,2144.0,3602.866603361909
6197,2025-01-07,980.6983210085541,2144.0,4583.564924370463
6198,2025-01-08,1033.319328527003,2144.0,5616.884252897466
6199,2025-01-09,1088.3137801483053,2144.0,6705.198033045772
6200,2025-01-10,1144.6594575947677,2144.0,7849.857490640539
6201,2025-01-11,496.4925826094073,2144.0,8346.350073249947
6202,2025-01-12,552.6244100197616,2144.0,8898.974483269707
6203,2025-01-13,1311.301733214032,2144.0,10210.27621648374
6204,2025-01-14,1362.6127134407695,2144.0,11572.88892992451
6205,2025-01-15,1410.1944666958507,2144.0,12983.08339662036
6206,2025-01-16,1453.1888527347123,2144.0,14436.272249355072
6207,2025-01-17,1490.836269941546,2144.0,15927.108519296618
6208,2025-01-18,819.3461946070896,2144.0,16746.45471390371
6209,2025-01-19,844.7304815662303,2144.0,17591.185195469938
6210,2025-01-20,1565.8949350201187,2144.0,19157.080130490056
6211,2025-01-21,1577.0303023193521,2144.0,20734.110432809408
6212,2025-01-22,1580.9594749210517,2144.0,22315.06990773046
6213,2025-01-23,1577.7482919367849,2144.0,23892.818199667247
6214,2025-01-24,1567.6096815964095,2144.0,25460.427881263655
6215,2025-01-25,849.4206571545152,2144.0,26309.84853841817
6216,2025-01-26,826.8584544532787,2144.0,27136.706992871448
6217,2025-01-27,1499.8124097969487,2144.0,28636.519402668397
6218,2025-01-28,1466.7527485394683,2144.0,30103.272151207868
6219,2025-01-29,1429.7136090438796,2144.0,31532.985760251744
6220,2025-01-30,1389.5587467279126,2144.0,32922.544506979655
6221,2025-01-31,1347.199589121459,2144.0,34269.744096101116
6222,2025-02-01,603.765845709727,2144.0,34873.509941810844
6223,2025-02-02,560.0550467993128,2144.0,35433.56498861016
6224,2025-02-03,1216.2784288644827,2144.0,36649.84341747464
6225,2025-02-04,1174.4240026688756,2144.0,37824.267420143515
6226,2025-02-05,1134.8942460966155,2144.0,38959.16166624013
6227,2025-02-06,1098.447432295279,2144.0,40057.60909853541
6228,2025-02-07,1065.7516688285762,2144.0,41123.360767363985
6229,2025-02-08,339.23197471032125,2144.0,41462.59274207431
6230,2025-02-09,315.8562741047479,2144.0,41778.44901617905
6231,2025-02-10,995.2379576105204,2144.0,42773.686973789576
6232,2025-02-11,982.0149406522522,2144.0,43755.70191444183
6233,2025-02-12,974.1622333409798,2144.0,44729.864147782806
6234,2025-02-13,971.6270956547719,2144.0,45701.49124343758
6235,2025-02-14,974.2348111639772,2144.0,46675.72605460156
6236,2025-02-15,285.22514908457117,2144.0,46960.95120368613
6237,2025-02-16,297.38459466307637,2144.0,47258.3357983492
6238,2025-02-17,1009.5120134873115,2144.0,48267.84781183652
6239,2025-02-18,1028.8166435843705,2144.0,49296.66445542088
6240,2025-02-19,1050.9049659927125,2144.0,50347.5694214136
6241,2025-02-20,1075.1056479293359,2144.0,51422.675069342935
6242,2025-02-21,1100.7196972642387,2144.0,52523.394766607176
6243,2025-02-22,432.23587522945337,2144.0,52955.63064183663
6244,2025-02-23,458.79596208592733,2144.0,53414.426603922555
6245,2025-02-24,1179.0079396746655,2144.0,54593.43454359722
6246,2025-02-25,1203.3453918597802,2144.0,55796.779935457
6247,2025-02-26,1225.7896993036497,2144.0,57022.56963476065
6248,2025-02-27,1245.824865270829,2144.0,58268.39450003148
6249,2025-02-28,1263.0117573060832,2144.0,59531.40625733756
6250,2025-03-01,583.862332892575,2144.0,60115.26859023014
6251,2025-03-02,594.6184910591957,2144.0,60709.88708128933
6252,2025-03-03,1294.3945187132097,2144.0,62004.28160000254
6253,2025-03-04,1297.5613067454165,2144.0,63301.84290674796
6254,2025-03-05,1297.0293529370063,2144.0,64598.87225968496
6255,2025-03-06,1292.9013828795312,2144.0,65891.7736425645
6256,2025-03-07,1285.361299903191,2144.0,67177.13494246769
6257,2025-03-08,583.2007545085518,2144.0,67760.33569697624
6258,2025-03-09,569.9081402645573,2144.0,68330.24383724079
6259,2025-03-10,1245.1399218575896,2144.0,69575.38375909839
6260,2025-03-11,1227.09229092748,2144.0,70802.47605002587
6261,2025-03-12,1207.4304709578016,2144.0,72009.90652098367
6262,2025-03-13,1186.6072826066825,2144.0,73196.51380359035
6263,2025-03-14,1165.077321389661,2144.0,74361.59112498001
6264,2025-03-15,453.4884134813594,2144.0,74815.07953846137
6265,2025-03-16,432.0949232943788,2144.0,75247.17446175576
6266,2025-03-17,1100.5733179813287,2144.0,76347.74777973708
6267,2025-03-18,1080.397341532085,2144.0,77428.14512126916
6268,2025-03-19,1061.4299479523652,2144.0,78489.57506922152
6269,2025-03-20,1043.9239104596518,2144.0,79533.49897968119
6270,2025-03-21,1028.0766399624588,2144.0,80561.57561964364
6271,2025-03-22,325.90082245223186,2144.0,80887.47644209587
6272,2025-03-23,313.97482453403364,2144.0,81201.4512666299
6273,2025-03-24,991.6134316998725,2144.0,82193.06469832978
6274,2025-03-25,983.2553493878963,2144.0,83176.32004771767
6275,2025-03-26,976.7242325933397,2144.0,84153.044280311
6276,2025-03-27,971.9153276054807,2144.0,85124.95960791649
6277,2025-03-28,968.6923777260293,2144.0,86093.65198564253
6278,2025-03-29,280.4363606858712,2144.0,86374.0883463284
6279,2025-03-30,280.1294723401964,2144.0,86654.21781866859
6280,2025-03-31,966.8752423943396,2144.0,87621.09306106293
6281,2025-04-01,968.2905174353979,2144.0,88589.38357849832
6282,2025-04-02,970.4259796908475,2144.0,89559.80955818917
6283,2025-04-03,973.1277872998189,2144.0,90532.937345489
6284,2025-04-04,976.26448062589,2144.0,91509.20182611488
6285,2025-04-05,294.9410812467306,2144.0,91804.14290736162
6286,2025-04-06,298.90367870511994,2144.0,92103.04658606673
6287,2025-04-07,987.3961286102739,2144.0,93090.442714677
6288,2025-04-08,991.5443081304468,2144.0,94081.98702280746
6289,2025-04-09,995.9248820541957,2144.0,95077.91190486166
6290,2025-04-10,1000.5920146338551,2144.0,96078.5039194955
6291,2025-04-11,1005.62596640123,2144.0,97084.12988589673
6292,2025-04-12,328.0061094161361,2144.0,97412.13599531287
6293,2025-04-13,334.3317231438721,2144.0,97746.46771845674
6294,2025-04-14,1024.0130524567646,2144.0,98770.4807709135
6295,2025-04-15,1031.647834849267,2144.0,99802.12860576277
6296,2025-04-16,1040.2405142362231,2144.0,100842.369119999
6297,2025-04-17,1037.165008206618,2144.0,101879.53412820562
6298,2025-04-18,1047.939360067391,2144.0,102927.47348827301
6299,2025-04-19,391.2750853808223,2144.0,103318.74857365384
6300,2025-04-20,396.97776859258255,2144.0,103715.72634224642
6301,2025-04-21,1087.8407734419916,2144.0,104803.5671156884
6302,2025-04-22,1116.127916619809,2144.0,105919.69503230821
6303,2025-04-23,1132.862112133786,2144.0,107052.557144442
6304,2025-04-24,1150.532907838626,2144.0,108203.09005228062
6305,2025-04-25,1168.956699835678,2144.0,109372.04675211631
6306,2025-04-26,508.1242146985483,2144.0,109880.17096681485
6307,2025-04-27,527.5822763386806,2144.0,110407.75324315354
6308,2025-04-28,1226.3230053828797,2144.0,111634.07624853641
6309,2025-04-29,1245.174197477103,2144.0,112879.25044601351
6310,2025-04-30,1263.3476480803868,2144.0,114142.5980940939
6311,2025-05-01,1266.0629908614576,2144.0,115408.66108495535
6312,2025-05-02,1296.289441051919,2144.0,116704.95052600728
6313,2025-05-03,632.2671059279909,2144.0,117337.21763193527
6314,2025-05-04,644.5920246299736,2144.0,117981.80965656524
6315,2025-05-05,1332.2664220138433,2144.0,119314.07607857909
6316,2025-05-06,1339.5284808060376,2144.0,120653.60455938513
6317,2025-05-07,1344.057881490481,2144.0,121997.6624408756
6318,2025-05-08,1345.7095765250153,2144.0,123343.37201740062
6319,2025-05-09,1344.397255962677,2144.0,124687.7692733633
6320,2025-05-10,663.6497660885938,2144.0,125351.4190394519
6321,2025-05-11,656.6424288872596,2144.0,126008.06146833915
6322,2025-05-12,1322.7675628370494,2144.0,127330.8290311762
6323,2025-05-13,1310.0169655636312,2144.0,128640.84599673984
6324,2025-05-14,1294.8333112670218,2144.0,129935.67930800686
6325,2025-05-15,1277.5065842203435,2144.0,131213.1858922272
6326,2025-05-16,1258.3768144885137,2144.0,132471.56270671572
6327,2025-05-17,564.4247218872113,2144.0,133035.9874286029
6328,2025-05-18,541.7282985088692,2144.0,133577.7157271118
6329,2025-05-19,1194.1425625672075,2144.0,134771.858289679
6330,2025-05-20,1171.8949808741381,2144.0,135943.75327055313
6331,2025-05-21,1149.9738884341668,2144.0,137093.7271589873
6332,2025-05-22,1128.8147959296837,2144.0,138222.541954917
6333,2025-05-23,1108.829553680453,2144.0,139331.37150859743
6334,2025-05-24,417.28498615828886,2144.0,139748.65649475573
6335,2025-05-25,400.9728851176179,2144.0,140149.62937987334
6336,2025-05-26,1059.457140986057,2144.0,141209.0865208594
6337,2025-05-27,1047.450023182562,2144.0,142256.53654404197
6338,2025-05-28,1037.9747915017313,2144.0,143294.5113355437
6339,2025-05-29,1033.7435653070913,2144.0,144328.2549008508
6340,2025-05-30,1026.8694307551355,2144.0,145355.1243316059
6341,2025-05-31,353.74082853228725,2144.0,145708.8651601382
6342,2025-01-01,0.0,2150.0,0.0
6343,2025-01-02,0.0,2150.0,0.0
6344,2025-01-03,0.0,2150.0,0.0
6345,2025-01-04,0.0,2150.0,0.0
6346,2025-01-05,0.0,2150.0,0.0
6347,2025-01-06,0.0,2150.0,0.0
6348,2025-01-07,0.0,2150.0,0.0
6349,2025-01-08,0.0,2150.0,0.0
6350,2025-01-09,0.0,2150.0,0.0
6351,2025-01-10,0.0,2150.0,0.0
6352,2025-01-11,0.0,2150.0,0.0
6353,2025-01-12,0.0,2150.0,0.0
6354,2025-01-13,0.0,2150.0,0.0
6355,2025-01-14,0.0,2150.0,0.0
6356,2025-01-15,0.0,2150.0,0.0
6357,2025-01-16,0.0,2150.0,0.0
6358,2025-01-17,0.0,2150.0,0.0
6359,2025-01-18,0.0,2150.0,0.0
6360,2025-01-19,0.0,2150.0,0.0
6361,2025-01-20,0.0,2150.0,0.0
6362,2025-01-21,0.0,2150.0,0.0
6363,2025-01-22,0.0,2150.0,0.0
6364,2025-01-23,0.0,2150.0,0.0
6365,2025-01-24,0.0,2150.0,0.0
6366,2025-01-25,0.0,2150.0,0.0
6367,2025-01-26,0.0,2150.0,0.0
6368,2025-01-27,0.0,2150.0,0.0
6369,2025-01-28,0.0,2150.0,0.0
6370,2025-01-29,0.0,2150.0,0.0
6371,2025-01-30,0.0,2150.0,0.0
6372,2025-01-31,0.0,2150.0,0.0
6373,2025-02-01,0.0,2150.0,0.0
6374,2025-02-02,0.0,2150.0,0.0
6375,2025-02-03,0.0,2150.0,0.0
6376,2025-02-04,0.0,2150.0,0.0
6377,2025-02-05,0.0,2150.0,0.0
6378,2025-02-06,0.0,2150.0,0.0
6379,2025-02-07,0.0,2150.0,0.0
6380,2025-02-08,0.0,2150.0,0.0
6381,2025-02-09,0.0,2150.0,0.0
6382,2025-02-10,0.0,2150.0,0.0
6383,2025-02-11,0.0,2150.0,0.0
6384,2025-02-12,0.0,2150.0,0.0
6385,2025-02-13,0.0,2150.0,0.0
6386,2025-02-14,0.0,2150.0,0.0
6387,2025-02-15,0.0,2150.0,0.0
6388,2025-02-16,0.0,2150.0,0.0
6389,2025-02-17,0.0,2150.0,0.0
6390,2025-02-18,0.0,2150.0,0.0
6391,2025-02-19,0.0,2150.0,0.0
6392,2025-02-20,0.0,2150.0,0.0
6393,2025-02-21,0.0,2150.0,0.0
6394,2025-02-22,0.0,2150.0,0.0
6395,2025-02-23,0.0,2150.0,0.0
6396,2025-02-24,0.0,2150.0,0.0
6397,2025-02-25,0.0,2150.0,0.0
6398,2025-02-26,0.0,2150.0,0.0
6399,2025-02-27,0.0,2150.0,0.0
6400,2025-02-28,0.0,2150.0,0.0
6401,2025-03-01,0.0,2150.0,0.0
6402,2025-03-02,0.0,2150.0,0.0
6403,2025-03-03,0.0,2150.0,0.0
6404,2025-03-04,0.0,2150.0,0.0
6405,2025-03-05,0.0,2150.0,0.0
6406,2025-03-06,0.0,2150.0,0.0
6407,2025-03-07,0.0,2150.0,0.0
6408,2025-03-08,0.0,2150.0,0.0
6409,2025-03-09,0.0,2150.0,0.0
6410,2025-03-10,0.0,2150.0,0.0
6411,2025-03-11,0.0,2150.0,0.0
6412,2025-03-12,0.0,2150.0,0.0
6413,2025-03-13,0.0,2150.0,0.0
6414,2025-03-14,0.0,2150.0,0.0
6415,2025-03-15,0.0,2150.0,0.0
6416,2025-03-16,0.0,2150.0,0.0
6417,2025-03-17,0.0,2150.0,0.0
6418,2025-03-18,0.0,2150.0,0.0
6419,2025-03-19,0.0,2150.0,0.0
6420,2025-03-20,0.0,2150.0,0.0
6421,2025-03-21,0.0,2150.0,0.0
6422,2025-03-22,0.0,2150.0,0.0
6423,2025-03-23,0.0,2150.0,0.0
6424,2025-03-24,0.0,2150.0,0.0
6425,2025-03-25,0.0,2150.0,0.0
6426,2025-03-26,0.0,2150.0,0.0
6427,2025-03-27,0.0,2150.0,0.0
6428,2025-03-28,0.0,2150.0,0.0
6429,2025-03-29,0.0,2150.0,0.0
6430,2025-03-30,0.0,2150.0,0.0
6431,2025-03-31,0.0,2150.0,0.0
6432,2025-04-01,0.0,2150.0,0.0
6433,2025-04-02,0.0,2150.0,0.0
6434,2025-04-03,0.0,2150.0,0.0
6435,2025-04-04,0.0,2150.0,0.0
6436,2025-04-05,0.0,2150.0,0.0
6437,2025-04-06,0.0,2150.0,0.0
6438,2025-04-07,0.0,2150.0,0.0
6439,2025-04-08,0.0,2150.0,0.0
6440,2025-04-09,0.0,2150.0,0.0
6441,2025-04-10,0.0,2150.0,0.0
6442,2025-04-11,0.0,2150.0,0.0
6443,2025-04-12,0.0,2150.0,0.0
6444,2025-04-13,0.0,2150.0,0.0
6445,2025-04-14,0.0,2150.0,0.0
6446,2025-04-15,0.0,2150.0,0.0
6447,2025-04-16,0.0,2150.0,0.0
6448,2025-04-17,0.0,2150.0,0.0
6449,2025-04-18,0.0,2150.0,0.0
6450,2025-04-19,0.0,2150.0,0.0
6451,2025-04-20,0.0,2150.0,0.0
6452,2025-04-21,0.0,2150.0,0.0
6453,2025-04-22,0.0,2150.0,0.0
6454,2025-04-23,0.0,2150.0,0.0
6455,2025-04-24,0.0,2150.0,0.0
6456,2025-04-25,0.0,2150.0,0.0
6457,2025-04-26,0.0,2150.0,0.0
6458,2025-04-27,0.0,2150.0,0.0
6459,2025-04-28,0.0,2150.0,0.0
6460,2025-04-29,0.0,2150.0,0.0
6461,2025-04-30,0.0,2150.0,0.0
6462,2025-05-01,0.0,2150.0,0.0
6463,2025-05-02,0.0,2150.0,0.0
6464,2025-05-03,0.0,2150.0,0.0
6465,2025-05-04,0.0,2150.0,0.0
6466,2025-05-05,0.0,2150.0,0.0
6467,2025-05-06,0.0,2150.0,0.0
6468,2025-05-07,0.0,2150.0,0.0
6469,2025-05-08,0.0,2150.0,0.0
6470,2025-05-09,0.0,2150.0,0.0
6471,2025-05-10,0.0,2150.0,0.0
6472,2025-05-11,0.0,2150.0,0.0
6473,2025-05-12,0.0,2150.0,0.0
6474,2025-05-13,0.0,2150.0,0.0
6475,2025-05-14,0.0,2150.0,0.0
6476,2025-05-15,0.0,2150.0,0.0
6477,2025-05-16,0.0,2150.0,0.0
6478,2025-05-17,0.0,2150.0,0.0
6479,2025-05-18,0.0,2150.0,0.0
6480,2025-05-19,0.0,2150.0,0.0
6481,2025-05-20,0.0,2150.0,0.0
6482,2025-05-21,0.0,2150.0,0.0
6483,2025-05-22,0.0,2150.0,0.0
6484,2025-05-23,0.0,2150.0,0.0
6485,2025-05-24,0.0,2150.0,0.0
6486,2025-05-25,0.0,2150.0,0.0
6487,2025-05-26,0.0,2150.0,0.0
6488,2025-05-27,0.0,2150.0,0.0
6489,2025-05-28,0.0,2150.0,0.0
6490,2025-05-29,0.0,2150.0,0.0
6491,2025-05-30,0.0,2150.0,0.0
6492,2025-05-31,0.0,2150.0,0.0
6493,2025-01-01,93.10039459566408,2125.0,93.10039459566408
6494,2025-01-02,100.15338943372109,2125.0,193.25378402938517
6495,2025-01-03,107.15255792578117,2125.0,300.40634195516634
6496,2025-01-04,66.13519703670357,2125.0,366.5415389918699
6497,2025-01-05,73.8504408147691,2125.0,440.39197980663903
6498,2025-01-06,130.13707121174028,2125.0,570.5290510183793
6499,2025-01-07,137.97608135808437,2125.0,708.5051323764636
6500,2025-01-08,145.6631177793898,2125.0,854.1682501558535
6501,2025-01-09,153.06128841857486,2125.0,1007.2295385744283
6502,2025-01-10,160.04286250297616,2125.0,1167.2724010774045
6503,2025-01-11,118.0827856952532,2125.0,1285.3551867726576
6504,2025-01-12,123.90264326695876,2125.0,1409.2578300396165
6505,2025-01-13,177.40220623874265,2125.0,1586.660036278359
6506,2025-01-14,181.710481852631,2125.0,1768.3705181309901
6507,2025-01-15,185.18333810681955,2125.0,1953.5538562378097
6508,2025-01-16,187.79233772596623,2125.0,2141.346193963776
6509,2025-01-17,189.52926174704123,2125.0,2330.8754557108173
6510,2025-01-18,142.03136025759736,2125.0,2472.9068159684143
6511,2025-01-19,142.08398139987685,2125.0,2614.990797368291
6512,2025-01-20,189.72188858404337,2125.0,2804.7126859523346
6513,2025-01-21,188.27716133015235,2125.0,2992.989847282487
6514,2025-01-22,186.2008255823657,2125.0,3179.190672864853
6515,2025-01-23,183.58702513114727,2125.0,3362.777697996
6516,2025-01-24,180.5401839622367,2125.0,3543.3178819582367
6517,2025-01-25,128.8323140304668,2125.0,3672.1501959887037
6518,2025-01-26,125.26512812706027,2125.0,3797.4153241157637
6519,2025-01-27,169.94242055841173,2125.0,3967.3577446741756
6520,2025-01-28,166.3165510796933,2125.0,4133.674295753869
6521,2025-01-29,162.83620910671235,2125.0,4296.510504860581
6522,2025-01-30,159.60839145005676,2125.0,4456.118896310638
6523,2025-01-31,156.73095008421652,2125.0,4612.8498463948545
6524,2025-02-01,105.98491181556653,2125.0,4718.834758210421
6525,2025-02-02,104.05916363237759,2125.0,4822.893921842799
6526,2025-02-03,150.9970418676218,2125.0,4973.890963710421
6527,2025-02-04,150.24452234959816,2125.0,5124.135486060019
6528,2025-02-05,150.1271425261412,2125.0,5274.26262858616
6529,2025-02-06,150.6526362393502,2125.0,5424.915264825509
6530,2025-02-07,151.81147510157777,2125.0,5576.726739927088
6531,2025-02-08,105.30650310487799,2125.0,5682.033243031966
6532,2025-02-09,107.6421379784365,2125.0,5789.675381010402
6533,2025-02-10,158.7467080002466,2125.0,5948.422089010649
6534,2025-02-11,162.02344895447058,2125.0,6110.445537965119
6535,2025-02-12,165.6572233798611,2125.0,6276.1027613449805
6536,2025-02-13,169.55797931891814,2125.0,6445.660740663899
6537,2025-02-14,173.62898113370963,2125.0,6619.289721797608
6538,2025-02-15,129.53299690335894,2125.0,6748.822718700967
6539,2025-02-16,133.64482025054937,2125.0,6882.467538951517
6540,2025-02-17,185.847761222397,2125.0,7068.315300173914
6541,2025-02-18,189.5855034989653,2125.0,7257.900803672879
6542,2025-02-19,192.99637476010406,2125.0,7450.897178432982
6543,2025-02-20,195.9951444647942,2125.0,7646.892322897777
6544,2025-02-21,198.50628608336206,2125.0,7845.398608981139
6545,2025-02-22,152.2639556233376,2125.0,7997.662564604477
6546,2025-02-23,153.62503981613187,2125.0,8151.287604420609
6547,2025-02-24,202.53704557716517,2125.0,8353.824649997774
6548,2025-02-25,202.5881697014218,2125.0,8556.412819699195
6549,2025-02-26,201.96664568833404,2125.0,8758.37946538753
6550,2025-02-27,200.67863899408565,2125.0,8959.058104381615
6551,2025-02-28,198.74458535730832,2125.0,9157.802689738923
6552,2025-03-01,148.031336337352,2125.0,9305.834026076276
6553,2025-03-02,144.9244767096803,2125.0,9450.758502785957
6554,2025-03-03,189.46674805417194,2125.0,9640.225250840127
6555,2025-03-04,185.40587437734516,2125.0,9825.631125217473
6556,2025-03-05,180.97894112607818,2125.0,10006.610066343552
6557,2025-03-06,176.26674959228365,2125.0,10182.876815935835
6558,2025-03-07,171.35398220444216,2125.0,10354.230798140277
6559,2025-03-08,118.19462857775297,2125.0,10472.42542671803
6560,2025-03-09,113.14501271793618,2125.0,10585.570439435965
6561,2025-03-10,156.27447503251366,2125.0,10741.84491446848
6562,2025-03-11,151.4129118540188,2125.0,10893.257826322499
6563,2025-03-12,146.76232310031858,2125.0,11040.020149422817
6564,2025-03-13,142.38988194007257,2125.0,11182.41003136289
6565,2025-03-14,138.35424195673173,2125.0,11320.76427331962
6566,2025-03-15,86.60655618718904,2125.0,11407.37082950681
6567,2025-03-16,83.38646420760202,2125.0,11490.757293714412
6568,2025-03-17,128.7071630853063,2125.0,11619.464456799718
6569,2025-03-18,126.40461890193522,2125.0,11745.869075701654
6570,2025-03-19,124.57802149138526,2125.0,11870.447097193039
6571,2025-03-20,123.22304764907355,2125.0,11993.670144842114
6572,2025-03-21,122.32549554234735,2125.0,12115.99564038446
6573,2025-03-22,73.79876488724702,2125.0,12189.794405271707
6574,2025-03-23,73.74333945774235,2125.0,12263.53774472945
6575,2025-03-24,122.10644369642432,2125.0,12385.644188425875
6576,2025-03-25,122.73278706750754,2125.0,12508.376975493382
6577,2025-03-26,123.63346263884982,2125.0,12632.01043813223
6578,2025-03-27,124.7586367513295,2125.0,12756.769074883561
6579,2025-03-28,126.05746762628777,2125.0,12882.826542509849
6580,2025-03-29,79.45076231012798,2125.0,12962.277304819976
6581,2025-03-30,80.95246924214159,2125.0,13043.229774062118
6582,2025-03-31,130.50227895985557,2125.0,13173.732053021973
6583,2025-04-01,132.01615147502514,2125.0,13305.748204496998
6584,2025-04-02,133.48185039723643,2125.0,13439.230054894235
6585,2025-04-03,134.86924241157308,2125.0,13574.09929730581
6586,2025-04-04,136.15472425694952,2125.0,13710.254021562758
6587,2025-04-05,89.32736832094166,2125.0,13799.581389883699
6588,2025-04-06,90.37086822226186,2125.0,13889.952258105961
6589,2025-04-07,139.26769638307442,2125.0,14029.219954489035
6590,2025-04-08,140.04823018237255,2125.0,14169.268184671408
6591,2025-04-09,140.71196716740312,2125.0,14309.980151838812
6592,2025-04-10,141.2747295456443,2125.0,14451.254881384455
6593,2025-04-11,141.75715694178766,2125.0,14593.012038326244
6594,2025-04-12,94.22416530029287,2125.0,14687.236203626537
6595,2025-04-13,94.62743498192964,2125.0,14781.863638608465
6596,2025-04-14,142.9814699302654,2125.0,14924.845108538731
6597,2025-04-15,143.41190617652612,2125.0,15068.257014715258
6598,2025-04-16,143.90320803313142,2125.0,15212.160222748389
6599,2025-04-17,143.89018964895473,2125.0,15356.050412397344
6600,2025-04-18,144.58465186787134,2125.0,15500.635064265214
6601,2025-04-19,98.0883934233437,2125.0,15598.723457688558
6602,2025-04-20,98.26674522097392,2125.0,15696.990202909532
6603,2025-04-21,149.52887161885613,2125.0,15846.519074528389
6604,2025-04-22,149.50567609120287,2125.0,15996.024750619592
6605,2025-04-23,151.02860006033825,2125.0,16147.05335067993
6606,2025-04-24,152.73124047266734,2125.0,16299.784591152596
6607,2025-04-25,154.6050745501372,2125.0,16454.389665702733
6608,2025-04-26,108.74541931295849,2125.0,16563.135085015692
6609,2025-04-27,110.91858284255055,2125.0,16674.053667858243
6610,2025-04-28,161.0852101489785,2125.0,16835.138878007223
6611,2025-04-29,163.4502518971328,2125.0,16998.589129904354
6612,2025-04-30,165.86664452335228,2125.0,17164.455774427708
6613,2025-05-01,167.62274849651496,2125.0,17332.07852292422
6614,2025-05-02,170.7093266160363,2125.0,17502.78784954026
6615,2025-05-03,125.20334281150802,2125.0,17627.991192351765
6616,2025-05-04,127.45860502381322,2125.0,17755.44979737558
6617,2025-05-05,177.42187780507777,2125.0,17932.871675180657
6618,2025-05-06,179.35928281454275,2125.0,18112.2309579952
6619,2025-05-07,181.0872388155834,2125.0,18293.318196810782
6620,2025-05-08,182.57432843134168,2125.0,18475.892525242125
6621,2025-05-09,183.79294375065,2125.0,18659.685468992775
6622,2025-05-10,136.89855090309342,2125.0,18796.58401989587
6623,2025-05-11,137.52039277761008,2125.0,18934.104412673478
6624,2025-05-12,185.63053919039973,2125.0,19119.734951863877
6625,2025-05-13,185.59351959817621,2125.0,19305.328471462053
6626,2025-05-14,185.22364344591526,2125.0,19490.55211490797
6627,2025-05-15,184.5243995092749,2125.0,19675.076514417244
6628,2025-05-16,183.50470680332933,2125.0,19858.581221220575
6629,2025-05-17,140.1510030268944,2125.0,19998.73222424747
6630,2025-05-18,132.78344958139644,2125.0,20131.515673828864
6631,2025-05-19,178.6878164291933,2125.0,20310.20349025806
6632,2025-05-20,176.57364502865414,2125.0,20486.777135286713
6633,2025-05-21,174.2533642247919,2125.0,20661.030499511504
6634,2025-05-22,171.76033353151013,2125.0,20832.790833043015
6635,2025-05-23,169.13000623760865,2125.0,21001.92083928062
6636,2025-05-24,118.64711097490559,2125.0,21120.56795025553
6637,2025-05-25,115.85859539748411,2125.0,21236.426545653012
6638,2025-05-26,160.78746637222906,2125.0,21397.21401202524
6639,2025-05-27,157.98157564959635,2125.0,21555.19558767484
6640,2025-05-28,155.22446833081665,2125.0,21710.420056005656
6641,2025-05-29,151.90714166204793,2125.0,21862.327197667702
6642,2025-05-30,149.99356614658768,2125.0,22012.320763814292
6643,2025-05-31,99.86514017828853,2125.0,22112.18590399258
6644,2025-01-01,0.0,2153.0,0.0
6645,2025-01-02,0.0,2153.0,0.0
6646,2025-01-03,0.0,2153.0,0.0
6647,2025-01-04,0.0,2153.0,0.0
6648,2025-01-05,0.0,2153.0,0.0
6649,2025-01-06,0.0,2153.0,0.0
6650,2025-01-07,0.0,2153.0,0.0
6651,2025-01-08,0.0,2153.0,0.0
6652,2025-01-09,0.0,2153.0,0.0
6653,2025-01-10,0.0,2153.0,0.0
6654,2025-01-11,0.0,2153.0,0.0
6655,2025-01-12,0.0,2153.0,0.0
6656,2025-01-13,0.0,2153.0,0.0
6657,2025-01-14,0.0,2153.0,0.0
6658,2025-01-15,0.0,2153.0,0.0
6659,2025-01-16,0.0,2153.0,0.0
6660,2025-01-17,0.0,2153.0,0.0
6661,2025-01-18,0.0,2153.0,0.0
6662,2025-01-19,0.0,2153.0,0.0
6663,2025-01-20,0.0,2153.0,0.0
6664,2025-01-21,0.0,2153.0,0.0
6665,2025-01-22,0.0,2153.0,0.0
6666,2025-01-23,0.0,2153.0,0.0
6667,2025-01-24,0.0,2153.0,0.0
6668,2025-01-25,0.0,2153.0,0.0
6669,2025-01-26,0.0,2153.0,0.0
6670,2025-01-27,0.0,2153.0,0.0
6671,2025-01-28,0.0,2153.0,0.0
6672,2025-01-29,0.0,2153.0,0.0
6673,2025-01-30,0.0,2153.0,0.0
6674,2025-01-31,0.0,2153.0,0.0
6675,2025-02-01,0.0,2153.0,0.0
6676,2025-02-02,0.0,2153.0,0.0
6677,2025-02-03,0.0,2153.0,0.0
6678,2025-02-04,0.0,2153.0,0.0
6679,2025-02-05,0.0,2153.0,0.0
6680,2025-02-06,0.0,2153.0,0.0
6681,2025-02-07,0.0,2153.0,0.0
6682,2025-02-08,0.0,2153.0,0.0
6683,2025-02-09,0.0,2153.0,0.0
6684,2025-02-10,0.0,2153.0,0.0
6685,2025-02-11,0.0,2153.0,0.0
6686,2025-02-12,0.0,2153.0,0.0
6687,2025-02-13,0.0,2153.0,0.0
6688,2025-02-14,0.0,2153.0,0.0
6689,2025-02-15,0.0,2153.0,0.0
6690,2025-02-16,0.0,2153.0,0.0
6691,2025-02-17,0.0,2153.0,0.0
6692,2025-02-18,0.0,2153.0,0.0
6693,2025-02-19,0.0,2153.0,0.0
6694,2025-02-20,0.0,2153.0,0.0
6695,2025-02-21,0.0,2153.0,0.0
6696,2025-02-22,0.0,2153.0,0.0
6697,2025-02-23,0.0,2153.0,0.0
6698,2025-02-24,0.0,2153.0,0.0
6699,2025-02-25,0.0,2153.0,0.0
6700,2025-02-26,0.0,2153.0,0.0
6701,2025-02-27,0.0,2153.0,0.0
6702,2025-02-28,0.0,2153.0,0.0
6703,2025-03-01,0.0,2153.0,0.0
6704,2025-03-02,0.0,2153.0,0.0
6705,2025-03-03,0.0,2153.0,0.0
6706,2025-03-04,0.0,2153.0,0.0
6707,2025-03-05,0.0,2153.0,0.0
6708,2025-03-06,0.0,2153.0,0.0
6709,2025-03-07,0.0,2153.0,0.0
6710,2025-03-08,0.0,2153.0,0.0
6711,2025-03-09,0.0,2153.0,0.0
6712,2025-03-10,0.0,2153.0,0.0
6713,2025-03-11,0.0,2153.0,0.0
6714,2025-03-12,0.0,2153.0,0.0
6715,2025-03-13,0.0,2153.0,0.0
6716,2025-03-14,0.0,2153.0,0.0
6717,2025-03-15,0.0,2153.0,0.0
6718,2025-03-16,0.0,2153.0,0.0
6719,2025-03-17,0.0,2153.0,0.0
6720,2025-03-18,0.0,2153.0,0.0
6721,2025-03-19,0.0,2153.0,0.0
6722,2025-03-20,0.0,2153.0,0.0
6723,2025-03-21,0.0,2153.0,0.0
6724,2025-03-22,0.0,2153.0,0.0
6725,2025-03-23,0.0,2153.0,0.0
6726,2025-03-24,0.0,2153.0,0.0
6727,2025-03-25,0.0,2153.0,0.0
6728,2025-03-26,0.0,2153.0,0.0
6729,2025-03-27,0.0,2153.0,0.0
6730,2025-03-28,0.0,2153.0,0.0
6731,2025-03-29,0.0,2153.0,0.0
6732,2025-03-30,0.0,2153.0,0.0
6733,2025-03-31,0.0,2153.0,0.0
6734,2025-04-01,0.0,2153.0,0.0
6735,2025-04-02,0.0,2153.0,0.0
6736,2025-04-03,0.0,2153.0,0.0
6737,2025-04-04,0.0,2153.0,0.0
6738,2025-04-05,0.0,2153.0,0.0
6739,2025-04-06,0.0,2153.0,0.0
6740,2025-04-07,0.0,2153.0,0.0
6741,2025-04-08,0.0,2153.0,0.0
6742,2025-04-09,0.0,2153.0,0.0
6743,2025-04-10,0.0,2153.0,0.0
6744,2025-04-11,0.0,2153.0,0.0
6745,2025-04-12,0.0,2153.0,0.0
6746,2025-04-13,0.0,2153.0,0.0
6747,2025-04-14,0.0,2153.0,0.0
6748,2025-04-15,0.0,2153.0,0.0
6749,2025-04-16,0.0,2153.0,0.0
6750,2025-04-17,0.0,2153.0,0.0
6751,2025-04-18,0.0,2153.0,0.0
6752,2025-04-19,0.0,2153.0,0.0
6753,2025-04-20,0.0,2153.0,0.0
6754,2025-04-21,0.0,2153.0,0.0
6755,2025-04-22,0.0,2153.0,0.0
6756,2025-04-23,0.0,2153.0,0.0
6757,2025-04-24,0.0,2153.0,0.0
6758,2025-04-25,0.0,2153.0,0.0
6759,2025-04-26,0.0,2153.0,0.0
6760,2025-04-27,0.0,2153.0,0.0
6761,2025-04-28,0.0,2153.0,0.0
6762,2025-04-29,0.0,2153.0,0.0
6763,2025-04-30,0.0,2153.0,0.0
6764,2025-05-01,0.0,2153.0,0.0
6765,2025-05-02,0.0,2153.0,0.0
6766,2025-05-03,0.0,2153.0,0.0
6767,2025-05-04,0.0,2153.0,0.0
6768,2025-05-05,0.0,2153.0,0.0
6769,2025-05-06,0.0,2153.0,0.0
6770,2025-05-07,0.0,2153.0,0.0
6771,2025-05-08,0.0,2153.0,0.0
6772,2025-05-09,0.0,2153.0,0.0
6773,2025-05-10,0.0,2153.0,0.0
6774,2025-05-11,0.0,2153.0,0.0
6775,2025-05-12,0.0,2153.0,0.0
6776,2025-05-13,0.0,2153.0,0.0
6777,2025-05-14,0.0,2153.0,0.0
6778,2025-05-15,0.0,2153.0,0.0
6779,2025-05-16,0.0,2153.0,0.0
6780,2025-05-17,0.0,2153.0,0.0
6781,2025-05-18,0.0,2153.0,0.0
6782,2025-05-19,0.0,2153.0,0.0
6783,2025-05-20,0.0,2153.0,0.0
6784,2025-05-21,0.0,2153.0,0.0
6785,2025-05-22,0.0,2153.0,0.0
6786,2025-05-23,0.0,2153.0,0.0
6787,2025-05-24,0.0,2153.0,0.0
6788,2025-05-25,0.0,2153.0,0.0
6789,2025-05-26,0.0,2153.0,0.0
6790,2025-05-27,0.0,2153.0,0.0
6791,2025-05-28,0.0,2153.0,0.0
6792,2025-05-29,0.0,2153.0,0.0
6793,2025-05-30,0.0,2153.0,0.0
6794,2025-05-31,0.0,2153.0,0.0
6795,2025-01-01,0.0,2127.0,0.0
6796,2025-01-02,0.0,2127.0,0.0
6797,2025-01-03,0.0,2127.0,0.0
6798,2025-01-04,0.0,2127.0,0.0
6799,2025-01-05,0.0,2127.0,0.0
6800,2025-01-06,0.0,2127.0,0.0
6801,2025-01-07,0.0,2127.0,0.0
6802,2025-01-08,0.0,2127.0,0.0
6803,2025-01-09,0.0,2127.0,0.0
6804,2025-01-10,0.0,2127.0,0.0
6805,2025-01-11,0.0,2127.0,0.0
6806,2025-01-12,0.0,2127.0,0.0
6807,2025-01-13,0.0,2127.0,0.0
6808,2025-01-14,0.0,2127.0,0.0
6809,2025-01-15,0.0,2127.0,0.0
6810,2025-01-16,0.0,2127.0,0.0
6811,2025-01-17,0.0,2127.0,0.0
6812,2025-01-18,0.0,2127.0,0.0
6813,2025-01-19,0.0,2127.0,0.0
6814,2025-01-20,0.0,2127.0,0.0
6815,2025-01-21,0.0,2127.0,0.0
6816,2025-01-22,0.0,2127.0,0.0
6817,2025-01-23,0.0,2127.0,0.0
6818,2025-01-24,0.0,2127.0,0.0
6819,2025-01-25,0.0,2127.0,0.0
6820,2025-01-26,0.0,2127.0,0.0
6821,2025-01-27,0.0,2127.0,0.0
6822,2025-01-28,0.0,2127.0,0.0
6823,2025-01-29,0.0,2127.0,0.0
6824,2025-01-30,0.0,2127.0,0.0
6825,2025-01-31,0.0,2127.0,0.0
6826,2025-02-01,0.0,2127.0,0.0
6827,2025-02-02,0.0,2127.0,0.0
6828,2025-02-03,0.0,2127.0,0.0
6829,2025-02-04,0.0,2127.0,0.0
6830,2025-02-05,0.0,2127.0,0.0
6831,2025-02-06,0.0,2127.0,0.0
6832,2025-02-07,0.0,2127.0,0.0
6833,2025-02-08,0.0,2127.0,0.0
6834,2025-02-09,0.0,2127.0,0.0
6835,2025-02-10,0.0,2127.0,0.0
6836,2025-02-11,0.0,2127.0,0.0
6837,2025-02-12,0.0,2127.0,0.0
6838,2025-02-13,0.0,2127.0,0.0
6839,2025-02-14,0.0,2127.0,0.0
6840,2025-02-15,0.0,2127.0,0.0
6841,2025-02-16,0.0,2127.0,0.0
6842,2025-02-17,0.0,2127.0,0.0
6843,2025-02-18,0.0,2127.0,0.0
6844,2025-02-19,0.0,2127.0,0.0
6845,2025-02-20,0.0,2127.0,0.0
6846,2025-02-21,0.0,2127.0,0.0
6847,2025-02-22,0.0,2127.0,0.0
6848,2025-02-23,0.0,2127.0,0.0
6849,2025-02-24,0.0,2127.0,0.0
6850,2025-02-25,0.0,2127.0,0.0
6851,2025-02-26,0.0,2127.0,0.0
6852,2025-02-27,0.0,2127.0,0.0
6853,2025-02-28,0.0,2127.0,0.0
6854,2025-03-01,0.0,2127.0,0.0
6855,2025-03-02,0.0,2127.0,0.0
6856,2025-03-03,0.0,2127.0,0.0
6857,2025-03-04,0.0,2127.0,0.0
6858,2025-03-05,0.0,2127.0,0.0
6859,2025-03-06,0.0,2127.0,0.0
6860,2025-03-07,0.0,2127.0,0.0
6861,2025-03-08,0.0,2127.0,0.0
6862,2025-03-09,0.0,2127.0,0.0
6863,2025-03-10,0.0,2127.0,0.0
6864,2025-03-11,0.0,2127.0,0.0
6865,2025-03-12,0.0,2127.0,0.0
6866,2025-03-13,0.0,2127.0,0.0
6867,2025-03-14,0.0,2127.0,0.0
6868,2025-03-15,0.0,2127.0,0.0
6869,2025-03-16,0.0,2127.0,0.0
6870,2025-03-17,0.0,2127.0,0.0
6871,2025-03-18,0.0,2127.0,0.0
6872,2025-03-19,0.0,2127.0,0.0
6873,2025-03-20,0.0,2127.0,0.0
6874,2025-03-21,0.0,2127.0,0.0
6875,2025-03-22,0.0,2127.0,0.0
6876,2025-03-23,0.0,2127.0,0.0
6877,2025-03-24,0.0,2127.0,0.0
6878,2025-03-25,0.0,2127.0,0.0
6879,2025-03-26,0.0,2127.0,0.0
6880,2025-03-27,0.0,2127.0,0.0
6881,2025-03-28,0.0,2127.0,0.0
6882,2025-03-29,0.0,2127.0,0.0
6883,2025-03-30,0.0,2127.0,0.0
6884,2025-03-31,0.0,2127.0,0.0
6885,2025-04-01,0.0,2127.0,0.0
6886,2025-04-02,0.0,2127.0,0.0
6887,2025-04-03,0.0,2127.0,0.0
6888,2025-04-04,0.0,2127.0,0.0
6889,2025-04-05,0.0,2127.0,0.0
6890,2025-04-06,0.0,2127.0,0.0
6891,2025-04-07,0.0,2127.0,0.0
6892,2025-04-08,0.0,2127.0,0.0
6893,2025-04-09,0.0,2127.0,0.0
6894,2025-04-10,0.0,2127.0,0.0
6895,2025-04-11,0.0,2127.0,0.0
6896,2025-04-12,0.0,2127.0,0.0
6897,2025-04-13,0.0,2127.0,0.0
6898,2025-04-14,0.0,2127.0,0.0
6899,2025-04-15,0.0,2127.0,0.0
6900,2025-04-16,0.0,2127.0,0.0
6901,2025-04-17,0.0,2127.0,0.0
6902,2025-04-18,0.0,2127.0,0.0
6903,2025-04-19,0.0,2127.0,0.0
6904,2025-04-20,0.0,2127.0,0.0
6905,2025-04-21,0.0,2127.0,0.0
6906,2025-04-22,0.0,2127.0,0.0
6907,2025-04-23,0.0,2127.0,0.0
6908,2025-04-24,0.0,2127.0,0.0
6909,2025-04-25,0.0,2127.0,0.0
6910,2025-04-26,0.0,2127.0,0.0
6911,2025-04-27,0.0,2127.0,0.0
6912,2025-04-28,0.0,2127.0,0.0
6913,2025-04-29,0.0,2127.0,0.0
6914,2025-04-30,0.0,2127.0,0.0
6915,2025-05-01,0.0,2127.0,0.0
6916,2025-05-02,0.0,2127.0,0.0
6917,2025-05-03,0.0,2127.0,0.0
6918,2025-05-04,0.0,2127.0,0.0
6919,2025-05-05,0.0,2127.0,0.0
6920,2025-05-06,0.0,2127.0,0.0
6921,2025-05-07,0.0,2127.0,0.0
6922,2025-05-08,0.0,2127.0,0.0
6923,2025-05-09,0.0,2127.0,0.0
6924,2025-05-10,0.0,2127.0,0.0
6925,2025-05-11,0.0,2127.0,0.0
6926,2025-05-12,0.0,2127.0,0.0
6927,2025-05-13,0.0,2127.0,0.0
6928,2025-05-14,0.0,2127.0,0.0
6929,2025-05-15,0.0,2127.0,0.0
6930,2025-05-16,0.0,2127.0,0.0
6931,2025-05-17,0.0,2127.0,0.0
6932,2025-05-18,0.0,2127.0,0.0
6933,2025-05-19,0.0,2127.0,0.0
6934,2025-05-20,0.0,2127.0,0.0
6935,2025-05-21,0.0,2127.0,0.0
6936,2025-05-22,0.0,2127.0,0.0
6937,2025-05-23,0.0,2127.0,0.0
6938,2025-05-24,0.0,2127.0,0.0
6939,2025-05-25,0.0,2127.0,0.0
6940,2025-05-26,0.0,2127.0,0.0
6941,2025-05-27,0.0,2127.0,0.0
6942,2025-05-28,0.0,2127.0,0.0
6943,2025-05-29,0.0,2127.0,0.0
6944,2025-05-30,0.0,2127.0,0.0
6945,2025-05-31,0.0,2127.0,0.0
6946,2025-01-01,0.0,2124.0,0.0
6947,2025-01-02,0.0,2124.0,0.0
6948,2025-01-03,0.0,2124.0,0.0
6949,2025-01-04,0.0,2124.0,0.0
6950,2025-01-05,0.0,2124.0,0.0
6951,2025-01-06,0.0,2124.0,0.0
6952,2025-01-07,0.0,2124.0,0.0
6953,2025-01-08,0.0,2124.0,0.0
6954,2025-01-09,0.0,2124.0,0.0
6955,2025-01-10,0.0,2124.0,0.0
6956,2025-01-11,0.0,2124.0,0.0
6957,2025-01-12,0.0,2124.0,0.0
6958,2025-01-13,0.0,2124.0,0.0
6959,2025-01-14,0.0,2124.0,0.0
6960,2025-01-15,0.0,2124.0,0.0
6961,2025-01-16,0.0,2124.0,0.0
6962,2025-01-17,0.0,2124.0,0.0
6963,2025-01-18,0.0,2124.0,0.0
6964,2025-01-19,0.0,2124.0,0.0
6965,2025-01-20,0.0,2124.0,0.0
6966,2025-01-21,0.0,2124.0,0.0
6967,2025-01-22,0.0,2124.0,0.0
6968,2025-01-23,0.0,2124.0,0.0
6969,2025-01-24,0.0,2124.0,0.0
6970,2025-01-25,0.0,2124.0,0.0
6971,2025-01-26,0.0,2124.0,0.0
6972,2025-01-27,0.0,2124.0,0.0
6973,2025-01-28,0.0,2124.0,0.0
6974,2025-01-29,0.0,2124.0,0.0
6975,2025-01-30,0.0,2124.0,0.0
6976,2025-01-31,0.0,2124.0,0.0
6977,2025-02-01,0.0,2124.0,0.0
6978,2025-02-02,0.0,2124.0,0.0
6979,2025-02-03,0.0,2124.0,0.0
6980,2025-02-04,0.0,2124.0,0.0
6981,2025-02-05,0.0,2124.0,0.0
6982,2025-02-06,0.0,2124.0,0.0
6983,2025-02-07,0.0,2124.0,0.0
6984,2025-02-08,0.0,2124.0,0.0
6985,2025-02-09,0.0,2124.0,0.0
6986,2025-02-10,0.0,2124.0,0.0
6987,2025-02-11,0.0,2124.0,0.0
6988,2025-02-12,0.0,2124.0,0.0
6989,2025-02-13,0.0,2124.0,0.0
6990,2025-02-14,0.0,2124.0,0.0
6991,2025-02-15,0.0,2124.0,0.0
6992,2025-02-16,0.0,2124.0,0.0
6993,2025-02-17,0.0,2124.0,0.0
6994,2025-02-18,0.0,2124.0,0.0
6995,2025-02-19,0.0,2124.0,0.0
6996,2025-02-20,0.0,2124.0,0.0
6997,2025-02-21,0.0,2124.0,0.0
6998,2025-02-22,0.0,2124.0,0.0
6999,2025-02-23,0.0,2124.0,0.0
7000,2025-02-24,0.0,2124.0,0.0
7001,2025-02-25,0.0,2124.0,0.0
7002,2025-02-26,0.0,2124.0,0.0
7003,2025-02-27,0.0,2124.0,0.0
7004,2025-02-28,0.0,2124.0,0.0
7005,2025-03-01,0.0,2124.0,0.0
7006,2025-03-02,0.0,2124.0,0.0
7007,2025-03-03,0.0,2124.0,0.0
7008,2025-03-04,0.0,2124.0,0.0
7009,2025-03-05,0.0,2124.0,0.0
7010,2025-03-06,0.0,2124.0,0.0
7011,2025-03-07,0.0,2124.0,0.0
7012,2025-03-08,0.0,2124.0,0.0
7013,2025-03-09,0.0,2124.0,0.0
7014,2025-03-10,0.0,2124.0,0.0
7015,2025-03-11,0.0,2124.0,0.0
7016,2025-03-12,0.0,2124.0,0.0
7017,2025-03-13,0.0,2124.0,0.0
7018,2025-03-14,0.0,2124.0,0.0
7019,2025-03-15,0.0,2124.0,0.0
7020,2025-03-16,0.0,2124.0,0.0
7021,2025-03-17,0.0,2124.0,0.0
7022,2025-03-18,0.0,2124.0,0.0
7023,2025-03-19,0.0,2124.0,0.0
7024,2025-03-20,0.0,2124.0,0.0
7025,2025-03-21,0.0,2124.0,0.0
7026,2025-03-22,0.0,2124.0,0.0
7027,2025-03-23,0.0,2124.0,0.0
7028,2025-03-24,0.0,2124.0,0.0
7029,2025-03-25,0.0,2124.0,0.0
7030,2025-03-26,0.0,2124.0,0.0
7031,2025-03-27,0.0,2124.0,0.0
7032,2025-03-28,0.0,2124.0,0.0
7033,2025-03-29,0.0,2124.0,0.0
7034,2025-03-30,0.0,2124.0,0.0
7035,2025-03-31,0.0,2124.0,0.0
7036,2025-04-01,0.0,2124.0,0.0
7037,2025-04-02,0.0,2124.0,0.0
7038,2025-04-03,0.0,2124.0,0.0
7039,2025-04-04,0.0,2124.0,0.0
7040,2025-04-05,0.0,2124.0,0.0
7041,2025-04-06,0.0,2124.0,0.0
7042,2025-04-07,0.0,2124.0,0.0
7043,2025-04-08,0.0,2124.0,0.0
7044,2025-04-09,0.0,2124.0,0.0
7045,2025-04-10,0.0,2124.0,0.0
7046,2025-04-11,0.0,2124.0,0.0
7047,2025-04-12,0.0,2124.0,0.0
7048,2025-04-13,0.0,2124.0,0.0
7049,2025-04-14,0.0,2124.0,0.0
7050,2025-04-15,0.0,2124.0,0.0
7051,2025-04-16,0.0,2124.0,0.0
7052,2025-04-17,0.0,2124.0,0.0
7053,2025-04-18,0.0,2124.0,0.0
7054,2025-04-19,0.0,2124.0,0.0
7055,2025-04-20,0.0,2124.0,0.0
7056,2025-04-21,0.0,2124.0,0.0
7057,2025-04-22,0.0,2124.0,0.0
7058,2025-04-23,0.0,2124.0,0.0
7059,2025-04-24,0.0,2124.0,0.0
7060,2025-04-25,0.0,2124.0,0.0
7061,2025-04-26,0.0,2124.0,0.0
7062,2025-04-27,0.0,2124.0,0.0
7063,2025-04-28,0.0,2124.0,0.0
7064,2025-04-29,0.0,2124.0,0.0
7065,2025-04-30,0.0,2124.0,0.0
7066,2025-05-01,0.0,2124.0,0.0
7067,2025-05-02,0.0,2124.0,0.0
7068,2025-05-03,0.0,2124.0,0.0
7069,2025-05-04,0.0,2124.0,0.0
7070,2025-05-05,0.0,2124.0,0.0
7071,2025-05-06,0.0,2124.0,0.0
7072,2025-05-07,0.0,2124.0,0.0
7073,2025-05-08,0.0,2124.0,0.0
7074,2025-05-09,0.0,2124.0,0.0
7075,2025-05-10,0.0,2124.0,0.0
7076,2025-05-11,0.0,2124.0,0.0
7077,2025-05-12,0.0,2124.0,0.0
7078,2025-05-13,0.0,2124.0,0.0
7079,2025-05-14,0.0,2124.0,0.0
7080,2025-05-15,0.0,2124.0,0.0
7081,2025-05-16,0.0,2124.0,0.0
7082,2025-05-17,0.0,2124.0,0.0
7083,2025-05-18,0.0,2124.0,0.0
7084,2025-05-19,0.0,2124.0,0.0
7085,2025-05-20,0.0,2124.0,0.0
7086,2025-05-21,0.0,2124.0,0.0
7087,2025-05-22,0.0,2124.0,0.0
7088,2025-05-23,0.0,2124.0,0.0
7089,2025-05-24,0.0,2124.0,0.0
7090,2025-05-25,0.0,2124.0,0.0
7091,2025-05-26,0.0,2124.0,0.0
7092,2025-05-27,0.0,2124.0,0.0
7093,2025-05-28,0.0,2124.0,0.0
7094,2025-05-29,0.0,2124.0,0.0
7095,2025-05-30,0.0,2124.0,0.0
7096,2025-05-31,0.0,2124.0,0.0
7097,2025-01-01,82.93740440004454,2133.0,82.93740440004454
7098,2025-01-02,83.78646917328818,2133.0,166.72387357333272
7099,2025-01-03,84.47112797863986,2133.0,251.19500155197258
7100,2025-01-04,0.0,2133.0,251.19500155197258
7101,2025-01-05,0.0,2133.0,251.19500155197258
7102,2025-01-06,93.59536514089791,2133.0,344.7903666928705
7103,2025-01-07,98.91657152456573,2133.0,443.70693821743623
7104,2025-01-08,105.28774560910975,2133.0,548.994683826546
7105,2025-01-09,112.62552885432363,2133.0,661.6202126808696
7106,2025-01-10,120.82873176103746,2133.0,782.4489444419071
7107,2025-01-11,8.628960440168285,2133.0,791.0779048820754
7108,2025-01-12,18.193197965342705,2133.0,809.2711028474181
7109,2025-01-13,149.39152835003713,2133.0,958.6626311974552
7110,2025-01-14,159.7576542073704,2133.0,1118.4202854048256
7111,2025-01-15,170.2898149655263,2133.0,1288.710100370352
7112,2025-01-16,180.82807808787942,2133.0,1469.5381784582314
7113,2025-01-17,191.21283716549894,2133.0,1660.7510156237302
7114,2025-01-18,80.10723307362582,2133.0,1740.858248697356
7115,2025-01-19,89.71877789129728,2133.0,1830.5770265886533
7116,2025-01-20,219.91988665265282,2133.0,2050.496913241306
7117,2025-01-21,228.20841539279004,2133.0,2278.705328634096
7118,2025-01-22,235.65581005152805,2133.0,2514.361138685624
7119,2025-01-23,242.16538676082342,2133.0,2756.5265254464475
7120,2025-01-24,247.65905592763843,2133.0,3004.1855813740863
7121,2025-01-25,130.86850463949966,2133.0,3135.0540860135857
7122,2025-01-26,134.17288477533734,2133.0,3269.226970788923
7123,2025-01-27,257.56929785821177,2133.0,3526.7962686471346
7124,2025-01-28,258.6306885711122,2133.0,3785.426957218247
7125,2025-01-29,258.5988109635004,2133.0,4044.0257681817475
7126,2025-01-30,257.52139194814015,2133.0,4301.547160129888
7127,2025-01-31,255.4653319063612,2133.0,4557.012492036249
7128,2025-02-01,131.27529580494556,2133.0,4688.287787841195
7129,2025-02-02,127.52654112068387,2133.0,4815.814328961878
7130,2025-02-03,244.34488073745337,2133.0,5060.159209699332
7131,2025-02-04,239.36191676816298,2133.0,5299.5211264674945
7132,2025-02-05,233.953268523195,2133.0,5533.47439499069
7133,2025-02-06,228.2555121911859,2133.0,5761.729907181875
7134,2025-02-07,222.40717778713338,2133.0,5984.137084969009
7135,2025-02-08,95.2764639458725,2133.0,6079.413548914881
7136,2025-02-09,89.53127481569179,2133.0,6168.944823730573
7137,2025-02-10,205.31103514039168,2133.0,6374.255858870964
7138,2025-02-11,200.18188726287335,2133.0,6574.437746133838
7139,2025-02-12,195.52299054464984,2133.0,6769.960736678488
7140,2025-02-13,191.4261676539774,2133.0,6961.386904332466
7141,2025-02-14,187.96768038575973,2133.0,7149.354584718225
7142,2025-02-15,63.90803325628768,2133.0,7213.262617974513
7143,2025-02-16,61.88209837979625,2133.0,7275.144716354309
7144,2025-02-17,181.92550939203957,2133.0,7457.070225746349
7145,2025-02-18,181.43233374042111,2133.0,7638.502559486769
7146,2025-02-19,181.6916844476945,2133.0,7820.194243934464
7147,2025-02-20,182.67199290357482,2133.0,8002.866236838039
7148,2025-02-21,184.32512070736675,2133.0,8187.1913575454055
7149,2025-02-22,65.25941371783522,2133.0,8252.45077126324
7150,2025-02-23,68.0506580417876,2133.0,8320.501429305028
7151,2025-02-24,192.6233645857973,2133.0,8513.124793890825
7152,2025-02-25,196.21079469702644,2133.0,8709.335588587852
7153,2025-02-26,200.04133663823288,2133.0,8909.376925226084
7154,2025-02-27,204.0064496934171,2133.0,9113.383374919502
7155,2025-02-28,207.995777005168,2133.0,9321.37915192467
7156,2025-03-01,90.54177173375568,2133.0,9411.920923658427
7157,2025-03-02,94.24950683413931,2133.0,9506.170430492566
7158,2025-03-03,219.03062492306046,2133.0,9725.201055415626
7159,2025-03-04,222.06330027898795,2133.0,9947.264355694613
7160,2025-03-05,224.6258315458745,2133.0,10171.890187240488
7161,2025-03-06,226.64563971735745,2133.0,10398.535826957846
7162,2025-03-07,228.0627588968912,2133.0,10626.598585854737
7163,2025-03-08,107.44346838123533,2133.0,10734.042054235972
7164,2025-03-09,107.52650712441758,2133.0,10841.56856136039
7165,2025-03-10,228.3074133108251,2133.0,11069.875974671215
7166,2025-03-11,226.99637187456142,2133.0,11296.872346545777
7167,2025-03-12,224.99724230792646,2133.0,11521.869588853702
7168,2025-03-13,222.33613670545063,2133.0,11744.205725559154
7169,2025-03-14,219.0521513422311,2133.0,11963.257876901385
7170,2025-03-15,93.7792249131085,2133.0,12057.037101814492
7171,2025-03-16,89.40834670780733,2133.0,12146.4454485223
7172,2025-03-17,206.02224586387914,2133.0,12352.46769438618
7173,2025-03-18,200.85144828550165,2133.0,12553.31914267168
7174,2025-03-19,195.39941143317535,2133.0,12748.718554104857
7175,2025-03-20,189.75167807953616,2133.0,12938.470232184392
7176,2025-03-21,183.99513636079124,2133.0,13122.465368545183
7177,2025-03-22,56.76964544519435,2133.0,13179.235013990377
7178,2025-03-23,51.04798841082402,2133.0,13230.283002401202
7179,2025-03-24,166.92282369003863,2133.0,13397.205826091242
7180,2025-03-25,161.56297423202642,2133.0,13558.768800323267
7181,2025-03-26,156.48674963956196,2133.0,13715.255549962829
7182,2025-03-27,151.75376046937515,2133.0,13867.009310432204
7183,2025-03-28,147.41474412359838,2133.0,14014.424054555802
7184,2025-03-29,22.034898346267564,2133.0,14036.45895290207
7185,2025-03-30,18.59337638724729,2133.0,14055.052329289318
7186,2025-03-31,137.12411431769635,2133.0,14192.176443607013
7187,2025-04-01,134.67374684244598,2133.0,14326.85019044946
7188,2025-04-02,132.72426305625615,2133.0,14459.574453505717
7189,2025-04-03,131.26835768304431,2133.0,14590.84281118876
7190,2025-04-04,130.2904150993562,2133.0,14721.133226288117
7191,2025-04-05,8.261852344280479,2133.0,14729.395078632397
7192,2025-04-06,8.160168855848605,2133.0,14737.555247488246
7193,2025-04-07,129.9633812486943,2133.0,14867.51862873694
7194,2025-04-08,130.60903246753463,2133.0,14998.127661204475
7195,2025-04-09,131.5654052494502,2133.0,15129.693066453925
7196,2025-04-10,132.7894198314827,2133.0,15262.482486285408
7197,2025-04-11,134.23760398927337,2133.0,15396.72009027468
7198,2025-04-12,14.332128574029799,2133.0,15411.05221884871
7199,2025-04-13,16.097989524122337,2133.0,15427.150208372834
7200,2025-04-14,139.5095637079617,2133.0,15566.659772080795
7201,2025-04-15,141.4492026298897,2133.0,15708.108974710685
7202,2025-04-16,143.4255134862676,2133.0,15851.534488196952
7203,2025-04-17,143.16506458172992,2133.0,15994.699552778682
7204,2025-04-18,145.15129354111775,2133.0,16139.8508463198
7205,2025-04-19,27.773176628358108,2133.0,16167.624022948157
7206,2025-04-20,28.611138363984633,2133.0,16196.235161312143
7207,2025-04-21,150.89143432979856,2133.0,16347.126595641941
7208,2025-04-22,154.9360651417658,2133.0,16502.062660783708
7209,2025-04-23,156.7124353525979,2133.0,16658.775096136305
7210,2025-04-24,158.4505925746478,2133.0,16817.225688710954
7211,2025-04-25,160.15929455777243,2133.0,16977.384983268727
7212,2025-04-26,40.25540007469392,2133.0,17017.64038334342
7213,2025-04-27,41.93556411325349,2133.0,17059.575947456673
7214,2025-04-28,165.2258195060762,2133.0,17224.801766962748
7215,2025-04-29,166.9386718074491,2133.0,17391.740438770197
7216,2025-04-30,168.68539369590147,2133.0,17560.4258324661
7217,2025-05-01,168.10354786047844,2133.0,17728.529380326578
7218,2025-05-02,172.3254293034204,2133.0,17900.854809629996
7219,2025-05-03,52.61265732992176,2133.0,17953.46746695992
7220,2025-05-04,54.58758983579208,2133.0,18008.05505679571
7221,2025-05-05,178.26507579261363,2133.0,18186.320132588324
7222,2025-05-06,180.38423175023652,2133.0,18366.704364338562
7223,2025-05-07,182.56903499710842,2133.0,18549.27339933567
7224,2025-05-08,184.81252887670013,2133.0,18734.08592821237
7225,2025-05-09,187.1048951422669,2133.0,18921.19082335464
7226,2025-05-10,67.78048756990323,2133.0,18988.971310924542
7227,2025-05-11,70.12684353537914,2133.0,19059.09815445992
7228,2025-05-12,194.14007034785865,2133.0,19253.238224807777
7229,2025-05-13,196.4831145983034,2133.0,19449.721339406082
7230,2025-05-14,198.79456224267216,2133.0,19648.515901648752
7231,2025-05-15,201.0551656348293,2133.0,19849.571067283585
7232,2025-05-16,203.24580121795046,2133.0,20052.816868501533
7233,2025-05-17,85.83109389200501,2133.0,20138.647962393537
7234,2025-05-18,85.65729411141452,2133.0,20224.305256504955
7235,2025-05-19,209.21881426923107,2133.0,20433.524070774183
7236,2025-05-20,210.95761257314663,2133.0,20644.48168334733
7237,2025-05-21,212.54886244779408,2133.0,20857.030545795125
7238,2025-05-22,213.98318343274877,2133.0,21071.013729227874
7239,2025-05-23,215.2537667323871,2133.0,21286.267495960263
7240,2025-05-24,94.64415725946797,2133.0,21380.91165321973
7241,2025-05-25,95.5731816071817,2133.0,21476.48483482691
7242,2025-05-26,218.0545160981338,2133.0,21694.539350925046
7243,2025-05-27,218.65434500338552,2133.0,21913.19369592843
7244,2025-05-28,219.0947816772963,2133.0,22132.288477605725
7245,2025-05-29,218.88215027198333,2133.0,22351.17062787771
7246,2025-05-30,219.5292218804078,2133.0,22570.69984975812
7247,2025-05-31,97.80100782608956,2133.0,22668.500857584208
7248,2025-01-01,0.0,2159.0,0.0
7249,2025-01-02,0.0,2159.0,0.0
7250,2025-01-03,0.0,2159.0,0.0
7251,2025-01-04,0.0,2159.0,0.0
7252,2025-01-05,0.0,2159.0,0.0
7253,2025-01-06,0.0,2159.0,0.0
7254,2025-01-07,0.0,2159.0,0.0
7255,2025-01-08,0.0,2159.0,0.0
7256,2025-01-09,0.0,2159.0,0.0
7257,2025-01-10,0.0,2159.0,0.0
7258,2025-01-11,0.0,2159.0,0.0
7259,2025-01-12,0.0,2159.0,0.0
7260,2025-01-13,0.0,2159.0,0.0
7261,2025-01-14,0.0,2159.0,0.0
7262,2025-01-15,0.0,2159.0,0.0
7263,2025-01-16,0.0,2159.0,0.0
7264,2025-01-17,0.0,2159.0,0.0
7265,2025-01-18,0.0,2159.0,0.0
7266,2025-01-19,0.0,2159.0,0.0
7267,2025-01-20,0.0,2159.0,0.0
7268,2025-01-21,0.0,2159.0,0.0
7269,2025-01-22,0.0,2159.0,0.0
7270,2025-01-23,0.0,2159.0,0.0
7271,2025-01-24,0.0,2159.0,0.0
7272,2025-01-25,0.0,2159.0,0.0
7273,2025-01-26,0.0,2159.0,0.0
7274,2025-01-27,0.0,2159.0,0.0
7275,2025-01-28,0.0,2159.0,0.0
7276,2025-01-29,0.0,2159.0,0.0
7277,2025-01-30,0.0,2159.0,0.0
7278,2025-01-31,0.0,2159.0,0.0
7279,2025-02-01,0.0,2159.0,0.0
7280,2025-02-02,0.0,2159.0,0.0
7281,2025-02-03,0.0,2159.0,0.0
7282,2025-02-04,0.0,2159.0,0.0
7283,2025-02-05,0.0,2159.0,0.0
7284,2025-02-06,0.0,2159.0,0.0
7285,2025-02-07,0.0,2159.0,0.0
7286,2025-02-08,0.0,2159.0,0.0
7287,2025-02-09,0.0,2159.0,0.0
7288,2025-02-10,0.0,2159.0,0.0
7289,2025-02-11,0.0,2159.0,0.0
7290,2025-02-12,0.0,2159.0,0.0
7291,2025-02-13,0.0,2159.0,0.0
7292,2025-02-14,0.0,2159.0,0.0
7293,2025-02-15,0.0,2159.0,0.0
7294,2025-02-16,0.0,2159.0,0.0
7295,2025-02-17,0.0,2159.0,0.0
7296,2025-02-18,0.0,2159.0,0.0
7297,2025-02-19,0.0,2159.0,0.0
7298,2025-02-20,0.0,2159.0,0.0
7299,2025-02-21,0.0,2159.0,0.0
7300,2025-02-22,0.0,2159.0,0.0
7301,2025-02-23,0.0,2159.0,0.0
7302,2025-02-24,0.0,2159.0,0.0
7303,2025-02-25,0.0,2159.0,0.0
7304,2025-02-26,0.0,2159.0,0.0
7305,2025-02-27,0.0,2159.0,0.0
7306,2025-02-28,0.0,2159.0,0.0
7307,2025-03-01,0.0,2159.0,0.0
7308,2025-03-02,0.0,2159.0,0.0
7309,2025-03-03,0.0,2159.0,0.0
7310,2025-03-04,0.0,2159.0,0.0
7311,2025-03-05,0.0,2159.0,0.0
7312,2025-03-06,0.0,2159.0,0.0
7313,2025-03-07,0.0,2159.0,0.0
7314,2025-03-08,0.0,2159.0,0.0
7315,2025-03-09,0.0,2159.0,0.0
7316,2025-03-10,0.0,2159.0,0.0
7317,2025-03-11,0.0,2159.0,0.0
7318,2025-03-12,0.0,2159.0,0.0
7319,2025-03-13,0.0,2159.0,0.0
7320,2025-03-14,0.0,2159.0,0.0
7321,2025-03-15,0.0,2159.0,0.0
7322,2025-03-16,0.0,2159.0,0.0
7323,2025-03-17,0.0,2159.0,0.0
7324,2025-03-18,0.0,2159.0,0.0
7325,2025-03-19,0.0,2159.0,0.0
7326,2025-03-20,0.0,2159.0,0.0
7327,2025-03-21,0.0,2159.0,0.0
7328,2025-03-22,0.0,2159.0,0.0
7329,2025-03-23,0.0,2159.0,0.0
7330,2025-03-24,0.0,2159.0,0.0
7331,2025-03-25,0.0,2159.0,0.0
7332,2025-03-26,0.0,2159.0,0.0
7333,2025-03-27,0.0,2159.0,0.0
7334,2025-03-28,0.0,2159.0,0.0
7335,2025-03-29,0.0,2159.0,0.0
7336,2025-03-30,0.0,2159.0,0.0
7337,2025-03-31,0.0,2159.0,0.0
7338,2025-04-01,0.0,2159.0,0.0
7339,2025-04-02,0.0,2159.0,0.0
7340,2025-04-03,0.0,2159.0,0.0
7341,2025-04-04,0.0,2159.0,0.0
7342,2025-04-05,0.0,2159.0,0.0
7343,2025-04-06,0.0,2159.0,0.0
7344,2025-04-07,0.0,2159.0,0.0
7345,2025-04-08,0.0,2159.0,0.0
7346,2025-04-09,0.0,2159.0,0.0
7347,2025-04-10,0.0,2159.0,0.0
7348,2025-04-11,0.0,2159.0,0.0
7349,2025-04-12,0.0,2159.0,0.0
7350,2025-04-13,0.0,2159.0,0.0
7351,2025-04-14,0.0,2159.0,0.0
7352,2025-04-15,0.0,2159.0,0.0
7353,2025-04-16,0.0,2159.0,0.0
7354,2025-04-17,0.0,2159.0,0.0
7355,2025-04-18,0.0,2159.0,0.0
7356,2025-04-19,0.0,2159.0,0.0
7357,2025-04-20,0.0,2159.0,0.0
7358,2025-04-21,0.0,2159.0,0.0
7359,2025-04-22,0.0,2159.0,0.0
7360,2025-04-23,0.0,2159.0,0.0
7361,2025-04-24,0.0,2159.0,0.0
7362,2025-04-25,0.0,2159.0,0.0
7363,2025-04-26,0.0,2159.0,0.0
7364,2025-04-27,0.0,2159.0,0.0
7365,2025-04-28,0.0,2159.0,0.0
7366,2025-04-29,0.0,2159.0,0.0
7367,2025-04-30,0.0,2159.0,0.0
7368,2025-05-01,0.0,2159.0,0.0
7369,2025-05-02,0.0,2159.0,0.0
7370,2025-05-03,0.0,2159.0,0.0
7371,2025-05-04,0.0,2159.0,0.0
7372,2025-05-05,0.0,2159.0,0.0
7373,2025-05-06,0.0,2159.0,0.0
7374,2025-05-07,0.0,2159.0,0.0
7375,2025-05-08,0.0,2159.0,0.0
7376,2025-05-09,0.0,2159.0,0.0
7377,2025-05-10,0.0,2159.0,0.0
7378,2025-05-11,0.0,2159.0,0.0
7379,2025-05-12,0.0,2159.0,0.0
7380,2025-05-13,0.0,2159.0,0.0
7381,2025-05-14,0.0,2159.0,0.0
7382,2025-05-15,0.0,2159.0,0.0
7383,2025-05-16,0.0,2159.0,0.0
7384,2025-05-17,0.0,2159.0,0.0
7385,2025-05-18,0.0,2159.0,0.0
7386,2025-05-19,0.0,2159.0,0.0
7387,2025-05-20,0.0,2159.0,0.0
7388,2025-05-21,0.0,2159.0,0.0
7389,2025-05-22,0.0,2159.0,0.0
7390,2025-05-23,0.0,2159.0,0.0
7391,2025-05-24,0.0,2159.0,0.0
7392,2025-05-25,0.0,2159.0,0.0
7393,2025-05-26,0.0,2159.0,0.0
7394,2025-05-27,0.0,2159.0,0.0
7395,2025-05-28,0.0,2159.0,0.0
7396,2025-05-29,0.0,2159.0,0.0
7397,2025-05-30,0.0,2159.0,0.0
7398,2025-05-31,0.0,2159.0,0.0
7399,2025-01-01,0.0,2138.0,0.0
7400,2025-01-02,0.0,2138.0,0.0
7401,2025-01-03,0.0,2138.0,0.0
7402,2025-01-04,0.0,2138.0,0.0
7403,2025-01-05,0.0,2138.0,0.0
7404,2025-01-06,0.0,2138.0,0.0
7405,2025-01-07,0.0,2138.0,0.0
7406,2025-01-08,0.0,2138.0,0.0
7407,2025-01-09,0.0,2138.0,0.0
7408,2025-01-10,0.0,2138.0,0.0
7409,2025-01-11,0.0,2138.0,0.0
7410,2025-01-12,0.0,2138.0,0.0
7411,2025-01-13,0.0,2138.0,0.0
7412,2025-01-14,0.0,2138.0,0.0
7413,2025-01-15,0.0,2138.0,0.0
7414,2025-01-16,0.0,2138.0,0.0
7415,2025-01-17,0.0,2138.0,0.0
7416,2025-01-18,0.0,2138.0,0.0
7417,2025-01-19,0.0,2138.0,0.0
7418,2025-01-20,0.0,2138.0,0.0
7419,2025-01-21,0.0,2138.0,0.0
7420,2025-01-22,0.0,2138.0,0.0
7421,2025-01-23,0.0,2138.0,0.0
7422,2025-01-24,0.0,2138.0,0.0
7423,2025-01-25,0.0,2138.0,0.0
7424,2025-01-26,0.0,2138.0,0.0
7425,2025-01-27,0.0,2138.0,0.0
7426,2025-01-28,0.0,2138.0,0.0
7427,2025-01-29,0.0,2138.0,0.0
7428,2025-01-30,0.0,2138.0,0.0
7429,2025-01-31,0.0,2138.0,0.0
7430,2025-02-01,0.0,2138.0,0.0
7431,2025-02-02,0.0,2138.0,0.0
7432,2025-02-03,0.0,2138.0,0.0
7433,2025-02-04,0.0,2138.0,0.0
7434,2025-02-05,0.0,2138.0,0.0
7435,2025-02-06,0.0,2138.0,0.0
7436,2025-02-07,0.0,2138.0,0.0
7437,2025-02-08,0.0,2138.0,0.0
7438,2025-02-09,0.0,2138.0,0.0
7439,2025-02-10,0.0,2138.0,0.0
7440,2025-02-11,0.0,2138.0,0.0
7441,2025-02-12,0.0,2138.0,0.0
7442,2025-02-13,0.0,2138.0,0.0
7443,2025-02-14,0.0,2138.0,0.0
7444,2025-02-15,0.0,2138.0,0.0
7445,2025-02-16,0.0,2138.0,0.0
7446,2025-02-17,0.0,2138.0,0.0
7447,2025-02-18,0.0,2138.0,0.0
7448,2025-02-19,0.0,2138.0,0.0
7449,2025-02-20,0.0,2138.0,0.0
7450,2025-02-21,0.0,2138.0,0.0
7451,2025-02-22,0.0,2138.0,0.0
7452,2025-02-23,0.0,2138.0,0.0
7453,2025-02-24,0.0,2138.0,0.0
7454,2025-02-25,0.0,2138.0,0.0
7455,2025-02-26,0.0,2138.0,0.0
7456,2025-02-27,0.0,2138.0,0.0
7457,2025-02-28,0.0,2138.0,0.0
7458,2025-03-01,0.0,2138.0,0.0
7459,2025-03-02,0.0,2138.0,0.0
7460,2025-03-03,0.0,2138.0,0.0
7461,2025-03-04,0.0,2138.0,0.0
7462,2025-03-05,0.0,2138.0,0.0
7463,2025-03-06,0.0,2138.0,0.0
7464,2025-03-07,0.0,2138.0,0.0
7465,2025-03-08,0.0,2138.0,0.0
7466,2025-03-09,0.0,2138.0,0.0
7467,2025-03-10,0.0,2138.0,0.0
7468,2025-03-11,0.0,2138.0,0.0
7469,2025-03-12,0.0,2138.0,0.0
7470,2025-03-13,0.0,2138.0,0.0
7471,2025-03-14,0.0,2138.0,0.0
7472,2025-03-15,0.0,2138.0,0.0
7473,2025-03-16,0.0,2138.0,0.0
7474,2025-03-17,0.0,2138.0,0.0
7475,2025-03-18,0.0,2138.0,0.0
7476,2025-03-19,0.0,2138.0,0.0
7477,2025-03-20,0.0,2138.0,0.0
7478,2025-03-21,0.0,2138.0,0.0
7479,2025-03-22,0.0,2138.0,0.0
7480,2025-03-23,0.0,2138.0,0.0
7481,2025-03-24,0.0,2138.0,0.0
7482,2025-03-25,0.0,2138.0,0.0
7483,2025-03-26,0.0,2138.0,0.0
7484,2025-03-27,0.0,2138.0,0.0
7485,2025-03-28,0.0,2138.0,0.0
7486,2025-03-29,0.0,2138.0,0.0
7487,2025-03-30,0.0,2138.0,0.0
7488,2025-03-31,0.0,2138.0,0.0
7489,2025-04-01,0.0,2138.0,0.0
7490,2025-04-02,0.0,2138.0,0.0
7491,2025-04-03,0.0,2138.0,0.0
7492,2025-04-04,0.0,2138.0,0.0
7493,2025-04-05,0.0,2138.0,0.0
7494,2025-04-06,0.0,2138.0,0.0
7495,2025-04-07,0.0,2138.0,0.0
7496,2025-04-08,0.0,2138.0,0.0
7497,2025-04-09,0.0,2138.0,0.0
7498,2025-04-10,0.0,2138.0,0.0
7499,2025-04-11,0.0,2138.0,0.0
7500,2025-04-12,0.0,2138.0,0.0
7501,2025-04-13,0.0,2138.0,0.0
7502,2025-04-14,0.0,2138.0,0.0
7503,2025-04-15,0.0,2138.0,0.0
7504,2025-04-16,0.0,2138.0,0.0
7505,2025-04-17,0.0,2138.0,0.0
7506,2025-04-18,0.0,2138.0,0.0
7507,2025-04-19,0.0,2138.0,0.0
7508,2025-04-20,0.0,2138.0,0.0
7509,2025-04-21,0.0,2138.0,0.0
7510,2025-04-22,0.0,2138.0,0.0
7511,2025-04-23,0.0,2138.0,0.0
7512,2025-04-24,0.0,2138.0,0.0
7513,2025-04-25,0.0,2138.0,0.0
7514,2025-04-26,0.0,2138.0,0.0
7515,2025-04-27,0.0,2138.0,0.0
7516,2025-04-28,0.0,2138.0,0.0
7517,2025-04-29,0.0,2138.0,0.0
7518,2025-04-30,0.0,2138.0,0.0
7519,2025-05-01,0.0,2138.0,0.0
7520,2025-05-02,0.0,2138.0,0.0
7521,2025-05-03,0.0,2138.0,0.0
7522,2025-05-04,0.0,2138.0,0.0
7523,2025-05-05,0.0,2138.0,0.0
7524,2025-05-06,0.0,2138.0,0.0
7525,2025-05-07,0.0,2138.0,0.0
7526,2025-05-08,0.0,2138.0,0.0
7527,2025-05-09,0.0,2138.0,0.0
7528,2025-05-10,0.0,2138.0,0.0
7529,2025-05-11,0.0,2138.0,0.0
7530,2025-05-12,0.0,2138.0,0.0
7531,2025-05-13,0.0,2138.0,0.0
7532,2025-05-14,0.0,2138.0,0.0
7533,2025-05-15,0.0,2138.0,0.0
7534,2025-05-16,0.0,2138.0,0.0
7535,2025-05-17,0.0,2138.0,0.0
7536,2025-05-18,0.0,2138.0,0.0
7537,2025-05-19,0.0,2138.0,0.0
7538,2025-05-20,0.0,2138.0,0.0
7539,2025-05-21,0.0,2138.0,0.0
7540,2025-05-22,0.0,2138.0,0.0
7541,2025-05-23,0.0,2138.0,0.0
7542,2025-05-24,0.0,2138.0,0.0
7543,2025-05-25,0.0,2138.0,0.0
7544,2025-05-26,0.0,2138.0,0.0
7545,2025-05-27,0.0,2138.0,0.0
7546,2025-05-28,0.0,2138.0,0.0
7547,2025-05-29,0.0,2138.0,0.0
7548,2025-05-30,0.0,2138.0,0.0
7549,2025-05-31,0.0,2138.0,0.0
7550,2025-01-01,3.275857569718363,2161.0,3.275857569718363
7551,2025-01-02,3.3224606834141794,2161.0,6.598318253132542
7552,2025-01-03,3.3574951443579595,2161.0,9.955813397490502
7553,2025-01-04,10.51980856008131,2161.0,20.47562195757181
7554,2025-01-05,10.595427448637544,2161.0,31.071049406209355
7555,2025-01-06,3.5813223674935757,2161.0,34.65237177370293
7556,2025-01-07,3.690252879405975,2161.0,38.342624653108906
7557,2025-01-08,3.81250061051993,2161.0,42.15512526362884
7558,2025-01-09,3.945155479140594,2161.0,46.10028074276943
7559,2025-01-10,4.085011615496797,2161.0,50.185292358266224
7560,2025-01-11,11.33872277101329,2161.0,61.52401512927952
7561,2025-01-12,11.483112603053273,2161.0,73.00712773233279
7562,2025-01-13,4.513203828951737,2161.0,77.52033156128452
7563,2025-01-14,4.64712172798974,2161.0,82.16745328927426
7564,2025-01-15,4.771056541790697,2161.0,86.93850983106496
7565,2025-01-16,4.882023729469094,2161.0,91.82053356053406
7566,2025-01-17,4.9774025995067595,2161.0,96.79793616004082
7567,2025-01-18,12.168440450753785,2161.0,108.96637661079461
7568,2025-01-19,12.227080298098041,2161.0,121.19345690889264
7569,2025-01-20,5.150752203890132,2161.0,126.34420911278278
7570,2025-01-21,5.167209855378196,2161.0,131.51141896816097
7571,2025-01-22,5.162598782743032,2161.0,136.674017750904
7572,2025-01-23,5.137572649760419,2161.0,141.81159040066441
7573,2025-01-24,5.093365597752813,2161.0,146.90495599841725
7574,2025-01-25,12.148548324023118,2161.0,159.05350432244035
7575,2025-01-26,12.072291537894447,2161.0,171.1257958603348
7576,2025-01-27,4.865855298360496,2161.0,175.9916511586953
7577,2025-01-28,4.767313994971372,2161.0,180.75896515366668
7578,2025-01-29,4.662706615098574,2161.0,185.42167176876524
7579,2025-01-30,4.555507010800908,2161.0,189.97717877956615
7580,2025-01-31,4.4492497848618315,2161.0,194.426428564428
7581,2025-02-01,11.46757957257311,2161.0,205.8940081370011
7582,2025-02-02,11.374011852977091,2161.0,217.2680199899782
7583,2025-02-03,4.17020060409442,2161.0,221.43822059407262
7584,2025-02-04,4.1006484629512405,2161.0,225.53886905702385
7585,2025-02-05,4.04704957183954,2161.0,229.5859186288634
7586,2025-02-06,4.01123498308935,2161.0,233.59715361195273
7587,2025-02-07,3.994480435213624,2161.0,237.59163404716637
7588,2025-02-08,11.120980701506,2161.0,248.71261474867237
7589,2025-02-09,11.144239344350188,2161.0,259.85685409302255
7590,2025-02-10,4.062242198150193,2161.0,263.91909629117276
7591,2025-02-11,4.122272437463839,2161.0,268.0413687286366
7592,2025-02-12,4.1985544527756335,2161.0,272.2399231814122
7593,2025-02-13,4.288768375993607,2161.0,276.5286915574058
7594,2025-02-14,4.390116474027946,2161.0,280.91880803143374
7595,2025-02-15,11.626279731841796,2161.0,292.54508776327555
7596,2025-02-16,11.740472405783063,2161.0,304.2855601690586
7597,2025-02-17,4.727534731520969,2161.0,309.0130949005796
7598,2025-02-18,4.838843332642937,2161.0,313.85193823322254
7599,2025-02-19,4.943223745006477,2161.0,318.79516197822903
7600,2025-02-20,5.036979676736205,2161.0,323.8321416549652
7601,2025-02-21,5.116643071508591,2161.0,328.94878472647383
7602,2025-02-22,12.309319457557466,2161.0,341.25810418403125
7603,2025-02-23,12.352297892110565,2161.0,353.61040207614184
7604,2025-02-24,5.241940597080634,2161.0,358.8523426732225
7605,2025-02-25,5.2385569545888515,2161.0,364.0908996278113
7606,2025-02-26,5.210447189118031,2161.0,369.30134681692937
7607,2025-02-27,5.1573070334847575,2161.0,374.4586538504141
7608,2025-02-28,5.07952426444764,2161.0,379.53817811486175
7609,2025-03-01,12.111781676275173,2161.0,391.6499597911369
7610,2025-03-02,11.9891010992787,2161.0,403.63906089041564
7611,2025-03-03,4.71242197413626,2161.0,408.3514828645519
7612,2025-03-04,4.553347410719602,2161.0,412.9048302752715
7613,2025-03-05,4.381246650767633,2161.0,417.28607692603913
7614,2025-03-06,4.1999840548836485,2161.0,421.4860609809228
7615,2025-03-07,4.013733866095452,2161.0,425.4997948470182
7616,2025-03-08,10.963836308674106,2161.0,436.4636311556923
7617,2025-03-09,10.781295159509165,2161.0,447.2449263152015
7618,2025-03-10,3.4690882708402166,2161.0,450.7140145860417
7619,2025-03-11,3.306851116972738,2161.0,454.02086570301446
7620,2025-03-12,3.1611241214016688,2161.0,457.1819898244161
7621,2025-03-13,3.0355103617664176,2161.0,460.2175001861825
7622,2025-03-14,2.9331283992840276,2161.0,463.15062858546656
7623,2025-03-15,9.996853464471817,2161.0,473.1474820499384
7624,2025-03-16,9.948408997467192,2161.0,483.0958910474056
7625,2025-03-17,2.7875540718778944,2161.0,485.88344511928346
7626,2025-03-18,2.7968498629641134,2161.0,488.6802949822476
7627,2025-03-19,2.8351936748405646,2161.0,491.51548865708816
7628,2025-03-20,2.9015396147642125,2161.0,494.41702827185236
7629,2025-03-21,2.9941123749125276,2161.0,497.41114064676486
7630,2025-03-22,10.254141558973375,2161.0,507.66528220573827
7631,2025-03-23,10.391637356951358,2161.0,518.0569195626896
7632,2025-03-24,3.4015245900047777,2161.0,521.4584441526944
7633,2025-03-25,3.5685393885945476,2161.0,525.0269835412889
7634,2025-03-26,3.7440734194679433,2161.0,528.7710569607568
7635,2025-03-27,3.9234565498784826,2161.0,532.6945135106354
7636,2025-03-28,4.101906119929294,2161.0,536.7964196305646
7637,2025-03-29,11.421705150079735,2161.0,548.2181247806444
7638,2025-03-30,11.58459044485822,2161.0,559.8027152255027
7639,2025-03-31,4.5847410902606525,2161.0,564.3874563157633
7640,2025-04-01,4.713695267649937,2161.0,569.1011515834132
7641,2025-04-02,4.820379759523132,2161.0,573.9215313429363
7642,2025-04-03,4.901818310317829,2161.0,578.8233496532541
7643,2025-04-04,4.955672515283788,2161.0,583.779022168538
7644,2025-04-05,12.130716455748844,2161.0,595.9097386242868
7645,2025-04-06,12.125690297909973,2161.0,608.0354289221967
7646,2025-04-07,4.939000907844616,2161.0,612.9744298300413
7647,2025-04-08,4.873525010642873,2161.0,617.8479548406842
7648,2025-04-09,4.779702429253764,2161.0,622.627657269938
7649,2025-04-10,4.659564192144272,2161.0,627.2872214620822
7650,2025-04-11,4.515777592802688,2161.0,631.8029990548849
7651,2025-04-12,11.505350694077814,2161.0,643.3083497489628
7652,2025-04-13,11.324907543087047,2161.0,654.6332572920498
7653,2025-04-14,3.9770808569831866,2161.0,658.610338149033
7654,2025-04-15,3.7752057936448424,2161.0,662.3855439426778
7655,2025-04-16,3.5695053009493707,2161.0,665.9550492436273
7656,2025-04-17,3.3300338199288553,2161.0,669.285083063556
7657,2025-04-18,3.130116449870644,2161.0,672.4151995134267
7658,2025-04-19,10.131129547258542,2161.0,682.5463290606853
7659,2025-04-20,9.908014870633078,2161.0,692.4543439313184
7660,2025-04-21,2.601504339311544,2161.0,695.0558482706299
7661,2025-04-22,2.4950391721945113,2161.0,697.5508874428244
7662,2025-04-23,2.3762556067573497,2161.0,699.9271430495818
7663,2025-04-24,2.2814336766627963,2161.0,702.2085767262446
7664,2025-04-25,2.211728669321788,2161.0,704.4203053955664
7665,2025-04-26,9.328124626762706,2161.0,713.7484300223291
7666,2025-04-27,9.309899035664323,2161.0,723.0583290579934
7667,2025-04-28,2.1547607264253537,2161.0,725.2130897844187
7668,2025-04-29,2.183690626680329,2161.0,727.396780411099
7669,2025-04-30,2.233671553986174,2161.0,729.6304519650853
7670,2025-05-01,2.2659872396906127,2161.0,731.8964392047759
7671,2025-05-02,2.3862585355059447,2161.0,734.2826977402818
7672,2025-05-03,9.646523698517246,2161.0,743.929221438799
7673,2025-05-04,9.75223012729561,2161.0,753.6814515660947
7674,2025-05-05,2.698330707629707,2161.0,756.3797822737243
7675,2025-05-06,2.810381197183013,2161.0,759.1901634709074
7676,2025-05-07,2.920508286266425,2161.0,762.1106717571738
7677,2025-05-08,3.0253780933780114,2161.0,765.1360498505518
7678,2025-05-09,3.1219423880469823,2161.0,768.2579922385988
7679,2025-05-10,10.374751148381717,2161.0,778.6327433869806
7680,2025-05-11,10.44758791076516,2161.0,789.0803312977457
7681,2025-05-12,3.337271014554722,2161.0,792.4176023123003
7682,2025-05-13,3.3784992449238995,2161.0,795.7961015572242
7683,2025-05-14,3.402928262232106,2161.0,799.1990298194564
7684,2025-05-15,3.410497368453682,2161.0,802.6095271879101
7685,2025-05-16,3.4017114727104167,2161.0,806.0112386606205
7686,2025-05-17,10.540196867489634,2161.0,816.5514355281101
7687,2025-05-18,10.51082722972052,2161.0,827.0622627578307
7688,2025-05-19,3.2901183761338824,2161.0,830.3523811339645
7689,2025-05-20,3.231070106712919,2161.0,833.5834512406775
7690,2025-05-21,3.165272932258579,2161.0,836.748724172936
7691,2025-05-22,3.0956004481998827,2161.0,839.8443246211359
7692,2025-05-23,3.025045351603136,2161.0,842.869369972739
7693,2025-05-24,10.130578875783506,2161.0,852.9999488485225
7694,2025-05-25,10.067720007348502,2161.0,863.067668855871
7695,2025-05-26,2.837812686784726,2161.0,865.9054815426558
7696,2025-05-27,2.7927432874082645,2161.0,868.6982248300641
7697,2025-05-28,2.760288298524673,2161.0,871.4585131285887
7698,2025-05-29,2.707661761928354,2161.0,874.166174890517
7699,2025-05-30,2.7400412215678225,2161.0,876.9062161120848
7700,2025-05-31,9.93181079770102,2161.0,886.8380269097859
7701,2025-01-01,0.0,2139.0,0.0
7702,2025-01-02,0.0,2139.0,0.0
7703,2025-01-03,0.0,2139.0,0.0
7704,2025-01-04,0.0,2139.0,0.0
7705,2025-01-05,0.0,2139.0,0.0
7706,2025-01-06,0.0,2139.0,0.0
7707,2025-01-07,0.0,2139.0,0.0
7708,2025-01-08,0.0,2139.0,0.0
7709,2025-01-09,0.0,2139.0,0.0
7710,2025-01-10,0.0,2139.0,0.0
7711,2025-01-11,0.0,2139.0,0.0
7712,2025-01-12,0.0,2139.0,0.0
7713,2025-01-13,0.0,2139.0,0.0
7714,2025-01-14,0.0,2139.0,0.0
7715,2025-01-15,0.0,2139.0,0.0
7716,2025-01-16,0.0,2139.0,0.0
7717,2025-01-17,0.0,2139.0,0.0
7718,2025-01-18,0.0,2139.0,0.0
7719,2025-01-19,0.0,2139.0,0.0
7720,2025-01-20,0.0,2139.0,0.0
7721,2025-01-21,0.0,2139.0,0.0
7722,2025-01-22,0.0,2139.0,0.0
7723,2025-01-23,0.0,2139.0,0.0
7724,2025-01-24,0.0,2139.0,0.0
7725,2025-01-25,0.0,2139.0,0.0
7726,2025-01-26,0.0,2139.0,0.0
7727,2025-01-27,0.0,2139.0,0.0
7728,2025-01-28,0.0,2139.0,0.0
7729,2025-01-29,0.0,2139.0,0.0
7730,2025-01-30,0.0,2139.0,0.0
7731,2025-01-31,0.0,2139.0,0.0
7732,2025-02-01,0.0,2139.0,0.0
7733,2025-02-02,0.0,2139.0,0.0
7734,2025-02-03,0.0,2139.0,0.0
7735,2025-02-04,0.0,2139.0,0.0
7736,2025-02-05,0.0,2139.0,0.0
7737,2025-02-06,0.0,2139.0,0.0
7738,2025-02-07,0.0,2139.0,0.0
7739,2025-02-08,0.0,2139.0,0.0
7740,2025-02-09,0.0,2139.0,0.0
7741,2025-02-10,0.0,2139.0,0.0
7742,2025-02-11,0.0,2139.0,0.0
7743,2025-02-12,0.0,2139.0,0.0
7744,2025-02-13,0.0,2139.0,0.0
7745,2025-02-14,0.0,2139.0,0.0
7746,2025-02-15,0.0,2139.0,0.0
7747,2025-02-16,0.0,2139.0,0.0
7748,2025-02-17,0.0,2139.0,0.0
7749,2025-02-18,0.0,2139.0,0.0
7750,2025-02-19,0.0,2139.0,0.0
7751,2025-02-20,0.0,2139.0,0.0
7752,2025-02-21,0.0,2139.0,0.0
7753,2025-02-22,0.0,2139.0,0.0
7754,2025-02-23,0.0,2139.0,0.0
7755,2025-02-24,0.0,2139.0,0.0
7756,2025-02-25,0.0,2139.0,0.0
7757,2025-02-26,0.0,2139.0,0.0
7758,2025-02-27,0.0,2139.0,0.0
7759,2025-02-28,0.0,2139.0,0.0
7760,2025-03-01,0.0,2139.0,0.0
7761,2025-03-02,0.0,2139.0,0.0
7762,2025-03-03,0.0,2139.0,0.0
7763,2025-03-04,0.0,2139.0,0.0
7764,2025-03-05,0.0,2139.0,0.0
7765,2025-03-06,0.0,2139.0,0.0
7766,2025-03-07,0.0,2139.0,0.0
7767,2025-03-08,0.0,2139.0,0.0
7768,2025-03-09,0.0,2139.0,0.0
7769,2025-03-10,0.0,2139.0,0.0
7770,2025-03-11,0.0,2139.0,0.0
7771,2025-03-12,0.0,2139.0,0.0
7772,2025-03-13,0.0,2139.0,0.0
7773,2025-03-14,0.0,2139.0,0.0
7774,2025-03-15,0.0,2139.0,0.0
7775,2025-03-16,0.0,2139.0,0.0
7776,2025-03-17,0.0,2139.0,0.0
7777,2025-03-18,0.0,2139.0,0.0
7778,2025-03-19,0.0,2139.0,0.0
7779,2025-03-20,0.0,2139.0,0.0
7780,2025-03-21,0.0,2139.0,0.0
7781,2025-03-22,0.0,2139.0,0.0
7782,2025-03-23,0.0,2139.0,0.0
7783,2025-03-24,0.0,2139.0,0.0
7784,2025-03-25,0.0,2139.0,0.0
7785,2025-03-26,0.0,2139.0,0.0
7786,2025-03-27,0.0,2139.0,0.0
7787,2025-03-28,0.0,2139.0,0.0
7788,2025-03-29,0.0,2139.0,0.0
7789,2025-03-30,0.0,2139.0,0.0
7790,2025-03-31,0.0,2139.0,0.0
7791,2025-04-01,0.0,2139.0,0.0
7792,2025-04-02,0.0,2139.0,0.0
7793,2025-04-03,0.0,2139.0,0.0
7794,2025-04-04,0.0,2139.0,0.0
7795,2025-04-05,0.0,2139.0,0.0
7796,2025-04-06,0.0,2139.0,0.0
7797,2025-04-07,0.0,2139.0,0.0
7798,2025-04-08,0.0,2139.0,0.0
7799,2025-04-09,0.0,2139.0,0.0
7800,2025-04-10,0.0,2139.0,0.0
7801,2025-04-11,0.0,2139.0,0.0
7802,2025-04-12,0.0,2139.0,0.0
7803,2025-04-13,0.0,2139.0,0.0
7804,2025-04-14,0.0,2139.0,0.0
7805,2025-04-15,0.0,2139.0,0.0
7806,2025-04-16,0.0,2139.0,0.0
7807,2025-04-17,0.0,2139.0,0.0
7808,2025-04-18,0.0,2139.0,0.0
7809,2025-04-19,0.0,2139.0,0.0
7810,2025-04-20,0.0,2139.0,0.0
7811,2025-04-21,0.0,2139.0,0.0
7812,2025-04-22,0.0,2139.0,0.0
7813,2025-04-23,0.0,2139.0,0.0
7814,2025-04-24,0.0,2139.0,0.0
7815,2025-04-25,0.0,2139.0,0.0
7816,2025-04-26,0.0,2139.0,0.0
7817,2025-04-27,0.0,2139.0,0.0
7818,2025-04-28,0.0,2139.0,0.0
7819,2025-04-29,0.0,2139.0,0.0
7820,2025-04-30,0.0,2139.0,0.0
7821,2025-05-01,0.0,2139.0,0.0
7822,2025-05-02,0.0,2139.0,0.0
7823,2025-05-03,0.0,2139.0,0.0
7824,2025-05-04,0.0,2139.0,0.0
7825,2025-05-05,0.0,2139.0,0.0
7826,2025-05-06,0.0,2139.0,0.0
7827,2025-05-07,0.0,2139.0,0.0
7828,2025-05-08,0.0,2139.0,0.0
7829,2025-05-09,0.0,2139.0,0.0
7830,2025-05-10,0.0,2139.0,0.0
7831,2025-05-11,0.0,2139.0,0.0
7832,2025-05-12,0.0,2139.0,0.0
7833,2025-05-13,0.0,2139.0,0.0
7834,2025-05-14,0.0,2139.0,0.0
7835,2025-05-15,0.0,2139.0,0.0
7836,2025-05-16,0.0,2139.0,0.0
7837,2025-05-17,0.0,2139.0,0.0
7838,2025-05-18,0.0,2139.0,0.0
7839,2025-05-19,0.0,2139.0,0.0
7840,2025-05-20,0.0,2139.0,0.0
7841,2025-05-21,0.0,2139.0,0.0
7842,2025-05-22,0.0,2139.0,0.0
7843,2025-05-23,0.0,2139.0,0.0
7844,2025-05-24,0.0,2139.0,0.0
7845,2025-05-25,0.0,2139.0,0.0
7846,2025-05-26,0.0,2139.0,0.0
7847,2025-05-27,0.0,2139.0,0.0
7848,2025-05-28,0.0,2139.0,0.0
7849,2025-05-29,0.0,2139.0,0.0
7850,2025-05-30,0.0,2139.0,0.0
7851,2025-05-31,0.0,2139.0,0.0
7852,2025-01-01,47.25097177138081,2123.0,47.25097177138081
7853,2025-01-02,50.988719079001214,2123.0,98.23969085038203
7854,2025-01-03,54.46602469935153,2123.0,152.70571554973355
7855,2025-01-04,39.805481377281346,2123.0,192.5111969270149
7856,2025-01-05,42.87559338539281,2123.0,235.3867903124077
7857,2025-01-06,63.59184202377473,2123.0,298.97863233618244
7858,2025-01-07,65.9415475111495,2123.0,364.92017984733195
7859,2025-01-08,67.84473435167097,2123.0,432.7649141990029
7860,2025-01-09,69.26129849582082,2123.0,502.0262126948237
7861,2025-01-10,70.16607504281498,2123.0,572.1922877376387
7862,2025-01-11,52.58895988127738,2123.0,624.781247618916
7863,2025-01-12,52.458941113236826,2123.0,677.2401887321529
7864,2025-01-13,69.79029202755619,2123.0,747.0304807597091
7865,2025-01-14,68.7046621625495,2123.0,815.7351429222585
7866,2025-01-15,67.20914658177242,2123.0,882.9442895040311
7867,2025-01-16,65.36455109674804,2123.0,948.308840600779
7868,2025-01-17,63.24169078361677,2123.0,1011.5505313843959
7869,2025-01-18,42.97487191817914,2123.0,1054.525403302575
7870,2025-01-19,40.53956508003061,2123.0,1095.0649683826057
7871,2025-01-20,56.01642708995468,2123.0,1151.0813954725602
7872,2025-01-21,53.61162524929947,2123.0,1204.6930207218597
7873,2025-01-22,51.35359136713339,2123.0,1256.0466120889932
7874,2025-01-23,49.32429980614631,2123.0,1305.3709118951394
7875,2025-01-24,47.5990905641135,2123.0,1352.970002459253
7876,2025-01-25,28.316118869430404,2123.0,1381.2861213286833
7877,2025-01-26,27.390516988221346,2123.0,1408.6766383169047
7878,2025-01-27,44.859251363618625,2123.0,1453.5358896805233
7879,2025-01-28,44.90276083929461,2123.0,1498.4386505198179
7880,2025-01-29,45.463464362548756,2123.0,1543.9021148823667
7881,2025-01-30,46.54302307842968,2123.0,1590.4451379607963
7882,2025-01-31,48.128478741998954,2123.0,1638.5736167027953
7883,2025-02-01,32.280203907956945,2123.0,1670.8538206107523
7884,2025-02-02,34.78475772776772,2123.0,1705.63857833852
7885,2025-02-03,55.58239562847534,2123.0,1761.2209739669954
7886,2025-02-04,58.79140179719673,2123.0,1820.012375764192
7887,2025-02-05,62.24925721153798,2123.0,1882.26163297573
7888,2025-02-06,65.8762957884584,2123.0,1948.1379287641885
7889,2025-02-07,69.58806262266314,2123.0,2017.7259913868515
7890,2025-02-08,55.401169245345,2123.0,2073.1271606321966
7891,2025-02-09,59.02376750933436,2123.0,2132.150928141531
7892,2025-02-10,80.36418871446467,2123.0,2212.5151168559955
7893,2025-02-11,83.55604580421661,2123.0,2296.0711626602124
7894,2025-02-12,86.41979265419825,2123.0,2382.4909553144103
7895,2025-02-13,88.8902271536739,2123.0,2471.3811824680843
7896,2025-02-14,90.91231816256982,2123.0,2562.2935006306543
7897,2025-02-15,74.56209026663072,2123.0,2636.855590897285
7898,2025-02-16,75.57179838835819,2123.0,2712.427389285643
7899,2025-02-17,93.91682066009514,2123.0,2806.3442099457384
7900,2025-02-18,93.83877813018096,2123.0,2900.182988075919
7901,2025-02-19,93.2249344749931,2123.0,2993.407922550912
7902,2025-02-20,92.09726823736709,2123.0,3085.5051907882794
7903,2025-02-21,90.48982725706445,2123.0,3175.995018045344
7904,2025-02-22,70.5830916681501,2123.0,3246.578109713494
7905,2025-02-23,68.16272992225313,2123.0,3314.740839635747
7906,2025-02-24,83.2840873112839,2123.0,3398.024926947031
7907,2025-02-25,80.29314210734411,2123.0,3478.318069054375
7908,2025-02-26,77.12404358117065,2123.0,3555.4421126355455
7909,2025-02-27,73.85051830404349,2123.0,3629.2926309395893
7910,2025-02-28,70.54595857676016,2123.0,3699.838589516349
7911,2025-03-01,49.43287372657981,2123.0,3749.2714632429293
7912,2025-03-02,46.277191519541574,2123.0,3795.548654762471
7913,2025-03-03,61.132600574253395,2123.0,3856.681255336724
7914,2025-03-04,58.36182751778464,2123.0,3915.0430828545086
7915,2025-03-05,55.85495004639603,2123.0,3970.898032900905
7916,2025-03-06,53.64584791395074,2123.0,4024.5438808148556
7917,2025-03-07,51.75772981929472,2123.0,4076.30161063415
7918,2025-03-08,32.37029180704158,2123.0,4108.671902441192
7919,2025-03-09,31.152020600974375,2123.0,4139.823923042166
7920,2025-03-10,48.08661265855386,2123.0,4187.91053570072
7921,2025-03-11,47.49649697992285,2123.0,4235.407032680643
7922,2025-03-12,47.183494446395684,2123.0,4282.5905271270385
7923,2025-03-13,47.11148667315572,2123.0,4329.702013800194
7924,2025-03-14,47.23812373031947,2123.0,4376.940137530514
7925,2025-03-15,29.69998131397797,2123.0,4406.640118844492
7926,2025-03-16,30.08270044151169,2123.0,4436.722819286004
7927,2025-03-17,48.328867391954326,2123.0,4485.051686677958
7928,2025-03-18,48.76273655572565,2123.0,4533.814423233684
7929,2025-03-19,49.15179360029066,2123.0,4582.966216833974
7930,2025-03-20,49.453847600378715,2123.0,4632.420064434353
7931,2025-03-21,49.632827916864464,2123.0,4682.052892351217
7932,2025-03-22,31.859615125827432,2123.0,4713.9125074770445
7933,2025-03-23,31.717529293364475,2123.0,4745.630036770409
7934,2025-03-24,49.18909553995547,2123.0,4794.819132310365
7935,2025-03-25,48.679381979230406,2123.0,4843.498514289595
7936,2025-03-26,47.99595006092044,2123.0,4891.494464350516
7937,2025-03-27,47.157997524623035,2123.0,4938.652461875138
7938,2025-03-28,46.19408773704223,2123.0,4984.846549612181
7939,2025-03-29,27.356778549238964,2123.0,5012.203328161419
7940,2025-03-30,26.261920943670678,2123.0,5038.46524910509
7941,2025-03-31,42.953156355133764,2123.0,5081.418405460224
7942,2025-04-01,41.9231354758195,2123.0,5123.341540936044
7943,2025-04-02,41.01156404524546,2123.0,5164.353104981289
7944,2025-04-03,40.276557102736206,2123.0,5204.629662084026
7945,2025-04-04,39.77490974782409,2123.0,5244.404571831849
7946,2025-04-05,21.791564335156973,2123.0,5266.196136167006
7947,2025-04-06,21.914161463284625,2123.0,5288.110297630291
7948,2025-04-07,40.17707072366393,2123.0,5328.287368353955
7949,2025-04-08,41.08259912903492,2123.0,5369.3699674829895
7950,2025-04-09,42.419486351319925,2123.0,5411.78945383431
7951,2025-04-10,44.199000251459125,2123.0,5455.988454085769
7952,2025-04-11,46.420380350007825,2123.0,5502.408834435777
7953,2025-04-12,31.31779806194669,2123.0,5533.726632497724
7954,2025-04-13,34.37275930359612,2123.0,5568.099391801319
7955,2025-04-14,55.54013503721152,2123.0,5623.639526838531
7956,2025-04-15,59.271618924920396,2123.0,5682.911145763452
7957,2025-04-16,63.25665678698985,2123.0,5746.167802550442
7958,2025-04-17,67.23721011393935,2123.0,5813.405012664381
7959,2025-04-18,71.50975661413302,2123.0,5884.914769278514
7960,2025-04-19,58.25582385024971,2123.0,5943.170593128763
7961,2025-04-20,62.1701357081246,2123.0,6005.340728836888
7962,2025-04-21,84.09715581348391,2123.0,6089.437884650372
7963,2025-04-22,88.11186160656668,2123.0,6177.549746256938
7964,2025-04-23,91.60206904249553,2123.0,6269.151815299434
7965,2025-04-24,94.67830370898436,2123.0,6363.8301190084185
7966,2025-04-25,97.2669095752691,2123.0,6461.0970285836875
7967,2025-04-26,81.58313978822454,2123.0,6542.680168371912
7968,2025-04-27,83.01758813271904,2123.0,6625.697756504631
7969,2025-04-28,101.52339829585272,2123.0,6727.221154800484
7970,2025-04-29,101.64032576892409,2123.0,6828.861480569408
7971,2025-04-30,101.07567277926906,2123.0,6929.937153348677
7972,2025-05-01,99.5825642920507,2123.0,7029.519717640727
7973,2025-05-02,97.93479303787045,2123.0,7127.454510678598
7974,2025-05-03,77.70896070349801,2123.0,7205.163471382096
7975,2025-05-04,74.617345858919,2123.0,7279.780817241015
7976,2025-05-05,88.71593378290058,2123.0,7368.496751023916
7977,2025-05-06,84.67708303511436,2123.0,7453.17383405903
7978,2025-05-07,80.28786746813685,2123.0,7533.461701527167
7979,2025-05-08,75.64106276283701,2123.0,7609.102764290004
7980,2025-05-09,70.83517975289753,2123.0,7679.937944042901
7981,2025-05-10,48.28342495181409,2123.0,7728.221368994716
7982,2025-05-11,43.467878434882856,2123.0,7771.689247429598
7983,2025-05-12,56.482494261549796,2123.0,7828.171741691148
7984,2025-05-13,52.05343118942004,2123.0,7880.225172880569
7985,2025-05-14,47.95683797710687,2123.0,7928.182010857675
7986,2025-05-15,44.27362696402059,2123.0,7972.455637821696
7987,2025-05-16,41.073803517251676,2123.0,8013.529441338947
7988,2025-05-17,21.62034415319307,2123.0,8035.149785492141
7989,2025-05-18,18.669580751002176,2123.0,8053.819366243143
7990,2025-05-19,34.87768579461412,2123.0,8088.697052037757
7991,2025-05-20,34.04091705053427,2123.0,8122.737969088291
7992,2025-05-21,33.826661631260016,2123.0,8156.564630719551
7993,2025-05-22,34.21641327422908,2123.0,8190.78104399378
7994,2025-05-23,35.176737038215364,2123.0,8225.957781031995
7995,2025-05-24,19.003664973477324,2123.0,8244.961446005473
7996,2025-05-25,20.95287936504163,2123.0,8265.914325370515
7997,2025-05-26,40.94686364565047,2123.0,8306.861189016165
7998,2025-05-27,43.59973274873457,2123.0,8350.4609217649
7999,2025-05-28,46.47974548602828,2123.0,8396.940667250929
8000,2025-05-29,49.30667144379098,2123.0,8446.247338694719
8001,2025-05-30,52.558194902055845,2123.0,8498.805533596775
8002,2025-05-31,37.9326098405922,2123.0,8536.738143437367
8003,2025-01-01,0.0,2182.0,0.0
8004,2025-01-02,0.0,2182.0,0.0
8005,2025-01-03,0.0,2182.0,0.0
8006,2025-01-04,0.0,2182.0,0.0
8007,2025-01-05,0.0,2182.0,0.0
8008,2025-01-06,0.0,2182.0,0.0
8009,2025-01-07,0.0,2182.0,0.0
8010,2025-01-08,0.0,2182.0,0.0
8011,2025-01-09,0.0,2182.0,0.0
8012,2025-01-10,0.0,2182.0,0.0
8013,2025-01-11,0.0,2182.0,0.0
8014,2025-01-12,0.0,2182.0,0.0
8015,2025-01-13,0.0,2182.0,0.0
8016,2025-01-14,0.0,2182.0,0.0
8017,2025-01-15,0.0,2182.0,0.0
8018,2025-01-16,0.0,2182.0,0.0
8019,2025-01-17,0.0,2182.0,0.0
8020,2025-01-18,0.0,2182.0,0.0
8021,2025-01-19,0.0,2182.0,0.0
8022,2025-01-20,0.0,2182.0,0.0
8023,2025-01-21,0.0,2182.0,0.0
8024,2025-01-22,0.0,2182.0,0.0
8025,2025-01-23,0.0,2182.0,0.0
8026,2025-01-24,0.0,2182.0,0.0
8027,2025-01-25,0.0,2182.0,0.0
8028,2025-01-26,0.0,2182.0,0.0
8029,2025-01-27,0.0,2182.0,0.0
8030,2025-01-28,0.0,2182.0,0.0
8031,2025-01-29,0.0,2182.0,0.0
8032,2025-01-30,0.0,2182.0,0.0
8033,2025-01-31,0.0,2182.0,0.0
8034,2025-02-01,0.0,2182.0,0.0
8035,2025-02-02,0.0,2182.0,0.0
8036,2025-02-03,0.0,2182.0,0.0
8037,2025-02-04,0.0,2182.0,0.0
8038,2025-02-05,0.0,2182.0,0.0
8039,2025-02-06,0.0,2182.0,0.0
8040,2025-02-07,0.0,2182.0,0.0
8041,2025-02-08,0.0,2182.0,0.0
8042,2025-02-09,0.0,2182.0,0.0
8043,2025-02-10,0.0,2182.0,0.0
8044,2025-02-11,0.0,2182.0,0.0
8045,2025-02-12,0.0,2182.0,0.0
8046,2025-02-13,0.0,2182.0,0.0
8047,2025-02-14,0.0,2182.0,0.0
8048,2025-02-15,0.0,2182.0,0.0
8049,2025-02-16,0.0,2182.0,0.0
8050,2025-02-17,0.0,2182.0,0.0
8051,2025-02-18,0.0,2182.0,0.0
8052,2025-02-19,0.0,2182.0,0.0
8053,2025-02-20,0.0,2182.0,0.0
8054,2025-02-21,0.0,2182.0,0.0
8055,2025-02-22,0.0,2182.0,0.0
8056,2025-02-23,0.0,2182.0,0.0
8057,2025-02-24,0.0,2182.0,0.0
8058,2025-02-25,0.0,2182.0,0.0
8059,2025-02-26,0.0,2182.0,0.0
8060,2025-02-27,0.0,2182.0,0.0
8061,2025-02-28,0.0,2182.0,0.0
8062,2025-03-01,0.0,2182.0,0.0
8063,2025-03-02,0.0,2182.0,0.0
8064,2025-03-03,0.0,2182.0,0.0
8065,2025-03-04,0.0,2182.0,0.0
8066,2025-03-05,0.0,2182.0,0.0
8067,2025-03-06,0.0,2182.0,0.0
8068,2025-03-07,0.0,2182.0,0.0
8069,2025-03-08,0.0,2182.0,0.0
8070,2025-03-09,0.0,2182.0,0.0
8071,2025-03-10,0.0,2182.0,0.0
8072,2025-03-11,0.0,2182.0,0.0
8073,2025-03-12,0.0,2182.0,0.0
8074,2025-03-13,0.0,2182.0,0.0
8075,2025-03-14,0.0,2182.0,0.0
8076,2025-03-15,0.0,2182.0,0.0
8077,2025-03-16,0.0,2182.0,0.0
8078,2025-03-17,0.0,2182.0,0.0
8079,2025-03-18,0.0,2182.0,0.0
8080,2025-03-19,0.0,2182.0,0.0
8081,2025-03-20,0.0,2182.0,0.0
8082,2025-03-21,0.0,2182.0,0.0
8083,2025-03-22,0.0,2182.0,0.0
8084,2025-03-23,0.0,2182.0,0.0
8085,2025-03-24,0.0,2182.0,0.0
8086,2025-03-25,0.0,2182.0,0.0
8087,2025-03-26,0.0,2182.0,0.0
8088,2025-03-27,0.0,2182.0,0.0
8089,2025-03-28,0.0,2182.0,0.0
8090,2025-03-29,0.0,2182.0,0.0
8091,2025-03-30,0.0,2182.0,0.0
8092,2025-03-31,0.0,2182.0,0.0
8093,2025-04-01,0.0,2182.0,0.0
8094,2025-04-02,0.0,2182.0,0.0
8095,2025-04-03,0.0,2182.0,0.0
8096,2025-04-04,0.0,2182.0,0.0
8097,2025-04-05,0.0,2182.0,0.0
8098,2025-04-06,0.0,2182.0,0.0
8099,2025-04-07,0.0,2182.0,0.0
8100,2025-04-08,0.0,2182.0,0.0
8101,2025-04-09,0.0,2182.0,0.0
8102,2025-04-10,0.0,2182.0,0.0
8103,2025-04-11,0.0,2182.0,0.0
8104,2025-04-12,0.0,2182.0,0.0
8105,2025-04-13,0.0,2182.0,0.0
8106,2025-04-14,0.0,2182.0,0.0
8107,2025-04-15,0.0,2182.0,0.0
8108,2025-04-16,0.0,2182.0,0.0
8109,2025-04-17,0.0,2182.0,0.0
8110,2025-04-18,0.0,2182.0,0.0
8111,2025-04-19,0.0,2182.0,0.0
8112,2025-04-20,0.0,2182.0,0.0
8113,2025-04-21,0.0,2182.0,0.0
8114,2025-04-22,0.0,2182.0,0.0
8115,2025-04-23,0.0,2182.0,0.0
8116,2025-04-24,0.0,2182.0,0.0
8117,2025-04-25,0.0,2182.0,0.0
8118,2025-04-26,0.0,2182.0,0.0
8119,2025-04-27,0.0,2182.0,0.0
8120,2025-04-28,0.0,2182.0,0.0
8121,2025-04-29,0.0,2182.0,0.0
8122,2025-04-30,0.0,2182.0,0.0
8123,2025-05-01,0.0,2182.0,0.0
8124,2025-05-02,0.0,2182.0,0.0
8125,2025-05-03,0.0,2182.0,0.0
8126,2025-05-04,0.0,2182.0,0.0
8127,2025-05-05,0.0,2182.0,0.0
8128,2025-05-06,0.0,2182.0,0.0
8129,2025-05-07,0.0,2182.0,0.0
8130,2025-05-08,0.0,2182.0,0.0
8131,2025-05-09,0.0,2182.0,0.0
8132,2025-05-10,0.0,2182.0,0.0
8133,2025-05-11,0.0,2182.0,0.0
8134,2025-05-12,0.0,2182.0,0.0
8135,2025-05-13,0.0,2182.0,0.0
8136,2025-05-14,0.0,2182.0,0.0
8137,2025-05-15,0.0,2182.0,0.0
8138,2025-05-16,0.0,2182.0,0.0
8139,2025-05-17,0.0,2182.0,0.0
8140,2025-05-18,0.0,2182.0,0.0
8141,2025-05-19,0.0,2182.0,0.0
8142,2025-05-20,0.0,2182.0,0.0
8143,2025-05-21,0.0,2182.0,0.0
8144,2025-05-22,0.0,2182.0,0.0
8145,2025-05-23,0.0,2182.0,0.0
8146,2025-05-24,0.0,2182.0,0.0
8147,2025-05-25,0.0,2182.0,0.0
8148,2025-05-26,0.0,2182.0,0.0
8149,2025-05-27,0.0,2182.0,0.0
8150,2025-05-28,0.0,2182.0,0.0
8151,2025-05-29,0.0,2182.0,0.0
8152,2025-05-30,0.0,2182.0,0.0
8153,2025-05-31,0.0,2182.0,0.0
8154,2025-01-01,0.0,2147.0,0.0
8155,2025-01-02,0.0,2147.0,0.0
8156,2025-01-03,0.0,2147.0,0.0
8157,2025-01-04,0.0,2147.0,0.0
8158,2025-01-05,0.0,2147.0,0.0
8159,2025-01-06,0.0,2147.0,0.0
8160,2025-01-07,0.0,2147.0,0.0
8161,2025-01-08,0.0,2147.0,0.0
8162,2025-01-09,0.0,2147.0,0.0
8163,2025-01-10,0.0,2147.0,0.0
8164,2025-01-11,0.0,2147.0,0.0
8165,2025-01-12,0.0,2147.0,0.0
8166,2025-01-13,0.0,2147.0,0.0
8167,2025-01-14,0.0,2147.0,0.0
8168,2025-01-15,0.0,2147.0,0.0
8169,2025-01-16,0.0,2147.0,0.0
8170,2025-01-17,0.0,2147.0,0.0
8171,2025-01-18,0.0,2147.0,0.0
8172,2025-01-19,0.0,2147.0,0.0
8173,2025-01-20,0.0,2147.0,0.0
8174,2025-01-21,0.0,2147.0,0.0
8175,2025-01-22,0.0,2147.0,0.0
8176,2025-01-23,0.0,2147.0,0.0
8177,2025-01-24,0.0,2147.0,0.0
8178,2025-01-25,0.0,2147.0,0.0
8179,2025-01-26,0.0,2147.0,0.0
8180,2025-01-27,0.0,2147.0,0.0
8181,2025-01-28,0.0,2147.0,0.0
8182,2025-01-29,0.0,2147.0,0.0
8183,2025-01-30,0.0,2147.0,0.0
8184,2025-01-31,0.0,2147.0,0.0
8185,2025-02-01,0.0,2147.0,0.0
8186,2025-02-02,0.0,2147.0,0.0
8187,2025-02-03,0.0,2147.0,0.0
8188,2025-02-04,0.0,2147.0,0.0
8189,2025-02-05,0.0,2147.0,0.0
8190,2025-02-06,0.0,2147.0,0.0
8191,2025-02-07,0.0,2147.0,0.0
8192,2025-02-08,0.0,2147.0,0.0
8193,2025-02-09,0.0,2147.0,0.0
8194,2025-02-10,0.0,2147.0,0.0
8195,2025-02-11,0.0,2147.0,0.0
8196,2025-02-12,0.0,2147.0,0.0
8197,2025-02-13,0.0,2147.0,0.0
8198,2025-02-14,0.0,2147.0,0.0
8199,2025-02-15,0.0,2147.0,0.0
8200,2025-02-16,0.0,2147.0,0.0
8201,2025-02-17,0.0,2147.0,0.0
8202,2025-02-18,0.0,2147.0,0.0
8203,2025-02-19,0.0,2147.0,0.0
8204,2025-02-20,0.0,2147.0,0.0
8205,2025-02-21,0.0,2147.0,0.0
8206,2025-02-22,0.0,2147.0,0.0
8207,2025-02-23,0.0,2147.0,0.0
8208,2025-02-24,0.0,2147.0,0.0
8209,2025-02-25,0.0,2147.0,0.0
8210,2025-02-26,0.0,2147.0,0.0
8211,2025-02-27,0.0,2147.0,0.0
8212,2025-02-28,0.0,2147.0,0.0
8213,2025-03-01,0.0,2147.0,0.0
8214,2025-03-02,0.0,2147.0,0.0
8215,2025-03-03,0.0,2147.0,0.0
8216,2025-03-04,0.0,2147.0,0.0
8217,2025-03-05,0.0,2147.0,0.0
8218,2025-03-06,0.0,2147.0,0.0
8219,2025-03-07,0.0,2147.0,0.0
8220,2025-03-08,0.0,2147.0,0.0
8221,2025-03-09,0.0,2147.0,0.0
8222,2025-03-10,0.0,2147.0,0.0
8223,2025-03-11,0.0,2147.0,0.0
8224,2025-03-12,0.0,2147.0,0.0
8225,2025-03-13,0.0,2147.0,0.0
8226,2025-03-14,0.0,2147.0,0.0
8227,2025-03-15,0.0,2147.0,0.0
8228,2025-03-16,0.0,2147.0,0.0
8229,2025-03-17,0.0,2147.0,0.0
8230,2025-03-18,0.0,2147.0,0.0
8231,2025-03-19,0.0,2147.0,0.0
8232,2025-03-20,0.0,2147.0,0.0
8233,2025-03-21,0.0,2147.0,0.0
8234,2025-03-22,0.0,2147.0,0.0
8235,2025-03-23,0.0,2147.0,0.0
8236,2025-03-24,0.0,2147.0,0.0
8237,2025-03-25,0.0,2147.0,0.0
8238,2025-03-26,0.0,2147.0,0.0
8239,2025-03-27,0.0,2147.0,0.0
8240,2025-03-28,0.0,2147.0,0.0
8241,2025-03-29,0.0,2147.0,0.0
8242,2025-03-30,0.0,2147.0,0.0
8243,2025-03-31,0.0,2147.0,0.0
8244,2025-04-01,0.0,2147.0,0.0
8245,2025-04-02,0.0,2147.0,0.0
8246,2025-04-03,0.0,2147.0,0.0
8247,2025-04-04,0.0,2147.0,0.0
8248,2025-04-05,0.0,2147.0,0.0
8249,2025-04-06,0.0,2147.0,0.0
8250,2025-04-07,0.0,2147.0,0.0
8251,2025-04-08,0.0,2147.0,0.0
8252,2025-04-09,0.0,2147.0,0.0
8253,2025-04-10,0.0,2147.0,0.0
8254,2025-04-11,0.0,2147.0,0.0
8255,2025-04-12,0.0,2147.0,0.0
8256,2025-04-13,0.0,2147.0,0.0
8257,2025-04-14,0.0,2147.0,0.0
8258,2025-04-15,0.0,2147.0,0.0
8259,2025-04-16,0.0,2147.0,0.0
8260,2025-04-17,0.0,2147.0,0.0
8261,2025-04-18,0.0,2147.0,0.0
8262,2025-04-19,0.0,2147.0,0.0
8263,2025-04-20,0.0,2147.0,0.0
8264,2025-04-21,0.0,2147.0,0.0
8265,2025-04-22,0.0,2147.0,0.0
8266,2025-04-23,0.0,2147.0,0.0
8267,2025-04-24,0.0,2147.0,0.0
8268,2025-04-25,0.0,2147.0,0.0
8269,2025-04-26,0.0,2147.0,0.0
8270,2025-04-27,0.0,2147.0,0.0
8271,2025-04-28,0.0,2147.0,0.0
8272,2025-04-29,0.0,2147.0,0.0
8273,2025-04-30,0.0,2147.0,0.0
8274,2025-05-01,0.0,2147.0,0.0
8275,2025-05-02,0.0,2147.0,0.0
8276,2025-05-03,0.0,2147.0,0.0
8277,2025-05-04,0.0,2147.0,0.0
8278,2025-05-05,0.0,2147.0,0.0
8279,2025-05-06,0.0,2147.0,0.0
8280,2025-05-07,0.0,2147.0,0.0
8281,2025-05-08,0.0,2147.0,0.0
8282,2025-05-09,0.0,2147.0,0.0
8283,2025-05-10,0.0,2147.0,0.0
8284,2025-05-11,0.0,2147.0,0.0
8285,2025-05-12,0.0,2147.0,0.0
8286,2025-05-13,0.0,2147.0,0.0
8287,2025-05-14,0.0,2147.0,0.0
8288,2025-05-15,0.0,2147.0,0.0
8289,2025-05-16,0.0,2147.0,0.0
8290,2025-05-17,0.0,2147.0,0.0
8291,2025-05-18,0.0,2147.0,0.0
8292,2025-05-19,0.0,2147.0,0.0
8293,2025-05-20,0.0,2147.0,0.0
8294,2025-05-21,0.0,2147.0,0.0
8295,2025-05-22,0.0,2147.0,0.0
8296,2025-05-23,0.0,2147.0,0.0
8297,2025-05-24,0.0,2147.0,0.0
8298,2025-05-25,0.0,2147.0,0.0
8299,2025-05-26,0.0,2147.0,0.0
8300,2025-05-27,0.0,2147.0,0.0
8301,2025-05-28,0.0,2147.0,0.0
8302,2025-05-29,0.0,2147.0,0.0
8303,2025-05-30,0.0,2147.0,0.0
8304,2025-05-31,0.0,2147.0,0.0
8305,2025-01-01,0.0,2222.0,0.0
8306,2025-01-02,0.0,2222.0,0.0
8307,2025-01-03,0.0,2222.0,0.0
8308,2025-01-04,0.0,2222.0,0.0
8309,2025-01-05,0.0,2222.0,0.0
8310,2025-01-06,0.0,2222.0,0.0
8311,2025-01-07,0.0,2222.0,0.0
8312,2025-01-08,0.0,2222.0,0.0
8313,2025-01-09,0.0,2222.0,0.0
8314,2025-01-10,0.0,2222.0,0.0
8315,2025-01-11,0.0,2222.0,0.0
8316,2025-01-12,0.0,2222.0,0.0
8317,2025-01-13,0.0,2222.0,0.0
8318,2025-01-14,0.0,2222.0,0.0
8319,2025-01-15,0.0,2222.0,0.0
8320,2025-01-16,0.0,2222.0,0.0
8321,2025-01-17,0.0,2222.0,0.0
8322,2025-01-18,0.0,2222.0,0.0
8323,2025-01-19,0.0,2222.0,0.0
8324,2025-01-20,0.0,2222.0,0.0
8325,2025-01-21,0.0,2222.0,0.0
8326,2025-01-22,0.0,2222.0,0.0
8327,2025-01-23,0.0,2222.0,0.0
8328,2025-01-24,0.0,2222.0,0.0
8329,2025-01-25,0.0,2222.0,0.0
8330,2025-01-26,0.0,2222.0,0.0
8331,2025-01-27,0.0,2222.0,0.0
8332,2025-01-28,0.0,2222.0,0.0
8333,2025-01-29,0.0,2222.0,0.0
8334,2025-01-30,0.0,2222.0,0.0
8335,2025-01-31,0.0,2222.0,0.0
8336,2025-02-01,0.0,2222.0,0.0
8337,2025-02-02,0.0,2222.0,0.0
8338,2025-02-03,0.0,2222.0,0.0
8339,2025-02-04,0.0,2222.0,0.0
8340,2025-02-05,0.0,2222.0,0.0
8341,2025-02-06,0.0,2222.0,0.0
8342,2025-02-07,0.0,2222.0,0.0
8343,2025-02-08,0.0,2222.0,0.0
8344,2025-02-09,0.0,2222.0,0.0
8345,2025-02-10,0.0,2222.0,0.0
8346,2025-02-11,0.0,2222.0,0.0
8347,2025-02-12,0.0,2222.0,0.0
8348,2025-02-13,0.0,2222.0,0.0
8349,2025-02-14,0.0,2222.0,0.0
8350,2025-02-15,0.0,2222.0,0.0
8351,2025-02-16,0.0,2222.0,0.0
8352,2025-02-17,0.0,2222.0,0.0
8353,2025-02-18,0.0,2222.0,0.0
8354,2025-02-19,0.0,2222.0,0.0
8355,2025-02-20,0.0,2222.0,0.0
8356,2025-02-21,0.0,2222.0,0.0
8357,2025-02-22,0.0,2222.0,0.0
8358,2025-02-23,0.0,2222.0,0.0
8359,2025-02-24,0.0,2222.0,0.0
8360,2025-02-25,0.0,2222.0,0.0
8361,2025-02-26,0.0,2222.0,0.0
8362,2025-02-27,0.0,2222.0,0.0
8363,2025-02-28,0.0,2222.0,0.0
8364,2025-03-01,0.0,2222.0,0.0
8365,2025-03-02,0.0,2222.0,0.0
8366,2025-03-03,0.0,2222.0,0.0
8367,2025-03-04,0.0,2222.0,0.0
8368,2025-03-05,0.0,2222.0,0.0
8369,2025-03-06,0.0,2222.0,0.0
8370,2025-03-07,0.0,2222.0,0.0
8371,2025-03-08,0.0,2222.0,0.0
8372,2025-03-09,0.0,2222.0,0.0
8373,2025-03-10,0.0,2222.0,0.0
8374,2025-03-11,0.0,2222.0,0.0
8375,2025-03-12,0.0,2222.0,0.0
8376,2025-03-13,0.0,2222.0,0.0
8377,2025-03-14,0.0,2222.0,0.0
8378,2025-03-15,0.0,2222.0,0.0
8379,2025-03-16,0.0,2222.0,0.0
8380,2025-03-17,0.0,2222.0,0.0
8381,2025-03-18,0.0,2222.0,0.0
8382,2025-03-19,0.0,2222.0,0.0
8383,2025-03-20,0.0,2222.0,0.0
8384,2025-03-21,0.0,2222.0,0.0
8385,2025-03-22,0.0,2222.0,0.0
8386,2025-03-23,0.0,2222.0,0.0
8387,2025-03-24,0.0,2222.0,0.0
8388,2025-03-25,0.0,2222.0,0.0
8389,2025-03-26,0.0,2222.0,0.0
8390,2025-03-27,0.0,2222.0,0.0
8391,2025-03-28,0.0,2222.0,0.0
8392,2025-03-29,0.0,2222.0,0.0
8393,2025-03-30,0.0,2222.0,0.0
8394,2025-03-31,0.0,2222.0,0.0
8395,2025-04-01,0.0,2222.0,0.0
8396,2025-04-02,0.0,2222.0,0.0
8397,2025-04-03,0.0,2222.0,0.0
8398,2025-04-04,0.0,2222.0,0.0
8399,2025-04-05,0.0,2222.0,0.0
8400,2025-04-06,0.0,2222.0,0.0
8401,2025-04-07,0.0,2222.0,0.0
8402,2025-04-08,0.0,2222.0,0.0
8403,2025-04-09,0.0,2222.0,0.0
8404,2025-04-10,0.0,2222.0,0.0
8405,2025-04-11,0.0,2222.0,0.0
8406,2025-04-12,0.0,2222.0,0.0
8407,2025-04-13,0.0,2222.0,0.0
8408,2025-04-14,0.0,2222.0,0.0
8409,2025-04-15,0.0,2222.0,0.0
8410,2025-04-16,0.0,2222.0,0.0
8411,2025-04-17,0.0,2222.0,0.0
8412,2025-04-18,0.0,2222.0,0.0
8413,2025-04-19,0.0,2222.0,0.0
8414,2025-04-20,0.0,2222.0,0.0
8415,2025-04-21,0.0,2222.0,0.0
8416,2025-04-22,0.0,2222.0,0.0
8417,2025-04-23,0.0,2222.0,0.0
8418,2025-04-24,0.0,2222.0,0.0
8419,2025-04-25,0.0,2222.0,0.0
8420,2025-04-26,0.0,2222.0,0.0
8421,2025-04-27,0.0,2222.0,0.0
8422,2025-04-28,0.0,2222.0,0.0
8423,2025-04-29,0.0,2222.0,0.0
8424,2025-04-30,0.0,2222.0,0.0
8425,2025-05-01,0.0,2222.0,0.0
8426,2025-05-02,0.0,2222.0,0.0
8427,2025-05-03,0.0,2222.0,0.0
8428,2025-05-04,0.0,2222.0,0.0
8429,2025-05-05,0.0,2222.0,0.0
8430,2025-05-06,0.0,2222.0,0.0
8431,2025-05-07,0.0,2222.0,0.0
8432,2025-05-08,0.0,2222.0,0.0
8433,2025-05-09,0.0,2222.0,0.0
8434,2025-05-10,0.0,2222.0,0.0
8435,2025-05-11,0.0,2222.0,0.0
8436,2025-05-12,0.0,2222.0,0.0
8437,2025-05-13,0.0,2222.0,0.0
8438,2025-05-14,0.0,2222.0,0.0
8439,2025-05-15,0.0,2222.0,0.0
8440,2025-05-16,0.0,2222.0,0.0
8441,2025-05-17,0.0,2222.0,0.0
8442,2025-05-18,0.0,2222.0,0.0
8443,2025-05-19,0.0,2222.0,0.0
8444,2025-05-20,0.0,2222.0,0.0
8445,2025-05-21,0.0,2222.0,0.0
8446,2025-05-22,0.0,2222.0,0.0
8447,2025-05-23,0.0,2222.0,0.0
8448,2025-05-24,0.0,2222.0,0.0
8449,2025-05-25,0.0,2222.0,0.0
8450,2025-05-26,0.0,2222.0,0.0
8451,2025-05-27,0.0,2222.0,0.0
8452,2025-05-28,0.0,2222.0,0.0
8453,2025-05-29,0.0,2222.0,0.0
8454,2025-05-30,0.0,2222.0,0.0
8455,2025-05-31,0.0,2222.0,0.0
8456,2025-01-01,0.0,2261.0,0.0
8457,2025-01-02,0.0,2261.0,0.0
8458,2025-01-03,0.0,2261.0,0.0
8459,2025-01-04,0.0,2261.0,0.0
8460,2025-01-05,0.0,2261.0,0.0
8461,2025-01-06,0.0,2261.0,0.0
8462,2025-01-07,0.0,2261.0,0.0
8463,2025-01-08,0.0,2261.0,0.0
8464,2025-01-09,0.0,2261.0,0.0
8465,2025-01-10,0.0,2261.0,0.0
8466,2025-01-11,0.0,2261.0,0.0
8467,2025-01-12,0.0,2261.0,0.0
8468,2025-01-13,0.0,2261.0,0.0
8469,2025-01-14,0.0,2261.0,0.0
8470,2025-01-15,0.0,2261.0,0.0
8471,2025-01-16,0.0,2261.0,0.0
8472,2025-01-17,0.0,2261.0,0.0
8473,2025-01-18,0.0,2261.0,0.0
8474,2025-01-19,0.0,2261.0,0.0
8475,2025-01-20,0.0,2261.0,0.0
8476,2025-01-21,0.0,2261.0,0.0
8477,2025-01-22,0.0,2261.0,0.0
8478,2025-01-23,0.0,2261.0,0.0
8479,2025-01-24,0.0,2261.0,0.0
8480,2025-01-25,0.0,2261.0,0.0
8481,2025-01-26,0.0,2261.0,0.0
8482,2025-01-27,0.0,2261.0,0.0
8483,2025-01-28,0.0,2261.0,0.0
8484,2025-01-29,0.0,2261.0,0.0
8485,2025-01-30,0.0,2261.0,0.0
8486,2025-01-31,0.0,2261.0,0.0
8487,2025-02-01,0.0,2261.0,0.0
8488,2025-02-02,0.0,2261.0,0.0
8489,2025-02-03,0.0,2261.0,0.0
8490,2025-02-04,0.0,2261.0,0.0
8491,2025-02-05,0.0,2261.0,0.0
8492,2025-02-06,0.0,2261.0,0.0
8493,2025-02-07,0.0,2261.0,0.0
8494,2025-02-08,0.0,2261.0,0.0
8495,2025-02-09,0.0,2261.0,0.0
8496,2025-02-10,0.0,2261.0,0.0
8497,2025-02-11,0.0,2261.0,0.0
8498,2025-02-12,0.0,2261.0,0.0
8499,2025-02-13,0.0,2261.0,0.0
8500,2025-02-14,0.0,2261.0,0.0
8501,2025-02-15,0.0,2261.0,0.0
8502,2025-02-16,0.0,2261.0,0.0
8503,2025-02-17,0.0,2261.0,0.0
8504,2025-02-18,0.0,2261.0,0.0
8505,2025-02-19,0.0,2261.0,0.0
8506,2025-02-20,0.0,2261.0,0.0
8507,2025-02-21,0.0,2261.0,0.0
8508,2025-02-22,0.0,2261.0,0.0
8509,2025-02-23,0.0,2261.0,0.0
8510,2025-02-24,0.0,2261.0,0.0
8511,2025-02-25,0.0,2261.0,0.0
8512,2025-02-26,0.0,2261.0,0.0
8513,2025-02-27,0.0,2261.0,0.0
8514,2025-02-28,0.0,2261.0,0.0
8515,2025-03-01,0.0,2261.0,0.0
8516,2025-03-02,0.0,2261.0,0.0
8517,2025-03-03,0.0,2261.0,0.0
8518,2025-03-04,0.0,2261.0,0.0
8519,2025-03-05,0.0,2261.0,0.0
8520,2025-03-06,0.0,2261.0,0.0
8521,2025-03-07,0.0,2261.0,0.0
8522,2025-03-08,0.0,2261.0,0.0
8523,2025-03-09,0.0,2261.0,0.0
8524,2025-03-10,0.0,2261.0,0.0
8525,2025-03-11,0.0,2261.0,0.0
8526,2025-03-12,0.0,2261.0,0.0
8527,2025-03-13,0.0,2261.0,0.0
8528,2025-03-14,0.0,2261.0,0.0
8529,2025-03-15,0.0,2261.0,0.0
8530,2025-03-16,0.0,2261.0,0.0
8531,2025-03-17,0.0,2261.0,0.0
8532,2025-03-18,0.0,2261.0,0.0
8533,2025-03-19,0.0,2261.0,0.0
8534,2025-03-20,0.0,2261.0,0.0
8535,2025-03-21,0.0,2261.0,0.0
8536,2025-03-22,0.0,2261.0,0.0
8537,2025-03-23,0.0,2261.0,0.0
8538,2025-03-24,0.0,2261.0,0.0
8539,2025-03-25,0.0,2261.0,0.0
8540,2025-03-26,0.0,2261.0,0.0
8541,2025-03-27,0.0,2261.0,0.0
8542,2025-03-28,0.0,2261.0,0.0
8543,2025-03-29,0.0,2261.0,0.0
8544,2025-03-30,0.0,2261.0,0.0
8545,2025-03-31,0.0,2261.0,0.0
8546,2025-04-01,0.0,2261.0,0.0
8547,2025-04-02,0.0,2261.0,0.0
8548,2025-04-03,0.0,2261.0,0.0
8549,2025-04-04,0.0,2261.0,0.0
8550,2025-04-05,0.0,2261.0,0.0
8551,2025-04-06,0.0,2261.0,0.0
8552,2025-04-07,0.0,2261.0,0.0
8553,2025-04-08,0.0,2261.0,0.0
8554,2025-04-09,0.0,2261.0,0.0
8555,2025-04-10,0.0,2261.0,0.0
8556,2025-04-11,0.0,2261.0,0.0
8557,2025-04-12,0.0,2261.0,0.0
8558,2025-04-13,0.0,2261.0,0.0
8559,2025-04-14,0.0,2261.0,0.0
8560,2025-04-15,0.0,2261.0,0.0
8561,2025-04-16,0.0,2261.0,0.0
8562,2025-04-17,0.0,2261.0,0.0
8563,2025-04-18,0.0,2261.0,0.0
8564,2025-04-19,0.0,2261.0,0.0
8565,2025-04-20,0.0,2261.0,0.0
8566,2025-04-21,0.0,2261.0,0.0
8567,2025-04-22,0.0,2261.0,0.0
8568,2025-04-23,0.0,2261.0,0.0
8569,2025-04-24,0.0,2261.0,0.0
8570,2025-04-25,0.0,2261.0,0.0
8571,2025-04-26,0.0,2261.0,0.0
8572,2025-04-27,0.0,2261.0,0.0
8573,2025-04-28,0.0,2261.0,0.0
8574,2025-04-29,0.0,2261.0,0.0
8575,2025-04-30,0.0,2261.0,0.0
8576,2025-05-01,0.0,2261.0,0.0
8577,2025-05-02,0.0,2261.0,0.0
8578,2025-05-03,0.0,2261.0,0.0
8579,2025-05-04,0.0,2261.0,0.0
8580,2025-05-05,0.0,2261.0,0.0
8581,2025-05-06,0.0,2261.0,0.0
8582,2025-05-07,0.0,2261.0,0.0
8583,2025-05-08,0.0,2261.0,0.0
8584,2025-05-09,0.0,2261.0,0.0
8585,2025-05-10,0.0,2261.0,0.0
8586,2025-05-11,0.0,2261.0,0.0
8587,2025-05-12,0.0,2261.0,0.0
8588,2025-05-13,0.0,2261.0,0.0
8589,2025-05-14,0.0,2261.0,0.0
8590,2025-05-15,0.0,2261.0,0.0
8591,2025-05-16,0.0,2261.0,0.0
8592,2025-05-17,0.0,2261.0,0.0
8593,2025-05-18,0.0,2261.0,0.0
8594,2025-05-19,0.0,2261.0,0.0
8595,2025-05-20,0.0,2261.0,0.0
8596,2025-05-21,0.0,2261.0,0.0
8597,2025-05-22,0.0,2261.0,0.0
8598,2025-05-23,0.0,2261.0,0.0
8599,2025-05-24,0.0,2261.0,0.0
8600,2025-05-25,0.0,2261.0,0.0
8601,2025-05-26,0.0,2261.0,0.0
8602,2025-05-27,0.0,2261.0,0.0
8603,2025-05-28,0.0,2261.0,0.0
8604,2025-05-29,0.0,2261.0,0.0
8605,2025-05-30,0.0,2261.0,0.0
8606,2025-05-31,0.0,2261.0,0.0
8607,2025-01-01,99.53321677992153,2129.0,99.53321677992153
8608,2025-01-02,92.60876589745502,2129.0,192.14198267737655
8609,2025-01-03,87.6410415621076,2129.0,279.7830242394841
8610,2025-01-04,0.0,2129.0,279.7830242394841
8611,2025-01-05,0.0,2129.0,279.7830242394841
8612,2025-01-06,93.98732122017871,2129.0,373.77034545966285
8613,2025-01-07,103.07654717055776,2129.0,476.8468926302206
8614,2025-01-08,115.39763856110241,2129.0,592.2445311913231
8615,2025-01-09,130.68466583716733,2129.0,722.9291970284903
8616,2025-01-10,148.60488207107306,2129.0,871.5340790995634
8617,2025-01-11,39.143610398350255,2129.0,910.6776894979137
8618,2025-01-12,61.14636404800321,2129.0,971.8240535459169
8619,2025-01-13,214.01965361413576,2129.0,1185.8437071600526
8620,2025-01-14,238.12867990648328,2129.0,1423.972387066536
8621,2025-01-15,262.54107423339553,2129.0,1686.5134612999314
8622,2025-01-16,286.7387049728143,2129.0,1973.2521662727459
8623,2025-01-17,310.21508225367353,2129.0,2283.467248526419
8624,2025-01-18,203.13415539089127,2129.0,2486.6014039173106
8625,2025-01-19,223.79365125812762,2129.0,2710.3950551754383
8626,2025-01-20,371.67584773891747,2129.0,3082.0709029143554
8627,2025-01-21,387.8425478689428,2129.0,3469.9134507832987
8628,2025-01-22,401.32350809471734,2129.0,3871.2369588780157
8629,2025-01-23,411.90195240767446,2129.0,4283.1389112856905
8630,2025-01-24,419.4334360551544,2129.0,4702.572347340844
8631,2025-01-25,294.7648293038075,2129.0,4997.337176644653
8632,2025-01-26,296.10611725920495,2129.0,5293.443293903857
8633,2025-01-27,423.41968649991884,2129.0,5716.8629804037755
8634,2025-01-28,418.80272985952854,2129.0,6135.665710263304
8635,2025-01-29,411.51236611932137,2129.0,6547.1780763826255
8636,2025-01-30,401.8189177193188,2129.0,6948.996994101944
8637,2025-01-31,390.0424821018436,2129.0,7339.039476203789
8638,2025-02-01,247.73062120844145,2129.0,7586.77009741223
8639,2025-02-02,232.9394276967835,2129.0,7819.709525109013
8640,2025-02-03,345.9643666805925,2129.0,8165.6738917896055
8641,2025-02-04,329.71528009288363,2129.0,8495.389171882489
8642,2025-02-05,313.3853260869098,2129.0,8808.7744979694
8643,2025-02-06,297.38088775895045,2129.0,9106.155385728349
8644,2025-02-07,282.0861927478435,2129.0,9388.241578476192
8645,2025-02-08,139.3112184256301,2129.0,9527.552796901824
8646,2025-02-09,126.49437099578905,2129.0,9654.047167897612
8647,2025-02-10,243.7877132370145,2129.0,9897.834881134626
8648,2025-02-11,234.43752246977823,2129.0,10132.272403604406
8649,2025-02-12,227.1097666231084,2129.0,10359.382170227513
8650,2025-02-13,221.908774936148,2129.0,10581.29094516366
8651,2025-02-14,218.88112285724458,2129.0,10800.172068020905
8652,2025-02-15,89.7437581548337,2129.0,10889.91582617574
8653,2025-02-16,91.01682655184337,2129.0,10980.932652727583
8654,2025-02-17,222.47013286478656,2129.0,11203.402785592369
8655,2025-02-18,227.51424964789769,2129.0,11430.917035240267
8656,2025-02-19,234.1855673308229,2129.0,11665.10260257109
8657,2025-02-20,242.25475243763623,2129.0,11907.357355008726
8658,2025-02-21,251.46891721328717,2129.0,12158.826272222013
8659,2025-02-22,133.5570427949675,2129.0,12292.383315016981
8660,2025-02-23,144.28820161679496,2129.0,12436.671516633776
8661,2025-02-24,283.2728441584321,2129.0,12719.944360792208
8662,2025-02-25,294.35660538453163,2129.0,13014.30096617674
8663,2025-02-26,305.25588222933703,2129.0,13319.556848406077
8664,2025-02-27,315.7461206145859,2129.0,13635.302969020662
8665,2025-02-28,325.6317029884449,2129.0,13960.934672009107
8666,2025-03-01,207.01781051212882,2129.0,14167.952482521236
8667,2025-03-02,215.2832134337995,2129.0,14383.235695955036
8668,2025-03-03,350.22589861372495,2129.0,14733.46159456876
8669,2025-03-04,356.4497327796683,2129.0,15089.911327348429
8670,2025-03-05,361.64164672854713,2129.0,15451.552974076976
8671,2025-03-06,365.83199619613526,2129.0,15817.384970273111
8672,2025-03-07,369.08578543824876,2129.0,16186.47075571136
8673,2025-03-08,244.03612350619065,2129.0,16430.50687921755
8674,2025-03-09,245.76839070064344,2129.0,16676.275269918195
8675,2025-03-10,374.3087335370244,2129.0,17050.58400345522
8676,2025-03-11,375.00384369523255,2129.0,17425.58784715045
8677,2025-03-12,375.44170209522457,2129.0,17801.029549245675
8678,2025-03-13,375.7875733003397,2129.0,18176.817122546017
8679,2025-03-14,376.2015970023769,2129.0,18553.018719548392
8680,2025-03-15,249.64016606674852,2129.0,18802.65888561514
8681,2025-03-16,250.65887994558005,2129.0,19053.31776556072
8682,2025-03-17,379.25215906463114,2129.0,19432.569924625353
8683,2025-03-18,381.2349685490812,2129.0,19813.804893174434
8684,2025-03-19,383.8162506008731,2129.0,20197.621143775308
8685,2025-03-20,387.0196971660776,2129.0,20584.640840941385
8686,2025-03-21,390.8365905661481,2129.0,20975.477431507534
8687,2025-03-22,268.30345287596333,2129.0,21243.780884383497
8688,2025-03-23,273.23135551098045,2129.0,21517.012239894477
8689,2025-03-24,405.40322000415836,2129.0,21922.415459898635
8690,2025-03-25,410.96286248386303,2129.0,22333.378322382498
8691,2025-03-26,416.64514906380754,2129.0,22750.023471446304
8692,2025-03-27,422.2841325347383,2129.0,23172.307603981044
8693,2025-03-28,427.70221665240996,2129.0,23600.00982063345
8694,2025-03-29,306.0636245983871,2129.0,23906.07344523184
8695,2025-03-30,310.5281169969793,2129.0,24216.601562228818
8696,2025-03-31,440.802612463236,2129.0,24657.404174692056
8697,2025-04-01,443.5328865367252,2129.0,25100.937061228782
8698,2025-04-02,445.1846418519877,2129.0,25546.121703080767
8699,2025-04-03,445.6322498105816,2129.0,25991.75395289135
8700,2025-04-04,444.77674705618205,2129.0,26436.530699947532
8701,2025-04-05,316.1671378759617,2129.0,26752.697837823493
8702,2025-04-06,312.5702935052731,2129.0,27065.26813132877
8703,2025-04-07,433.8686801171941,2129.0,27499.136811445962
8704,2025-04-08,427.4467687852602,2129.0,27926.58358023122
8705,2025-04-09,419.7155895504756,2129.0,28346.299169781698
8706,2025-04-10,410.7753855912489,2129.0,28757.074555372947
8707,2025-04-11,400.75668912916956,2129.0,29157.831244502115
8708,2025-04-12,263.7048155973451,2129.0,29421.53606009946
8709,2025-04-13,252.06254804620346,2129.0,29673.598608145665
8710,2025-04-14,365.91191847856965,2129.0,30039.51052662423
8711,2025-04-15,353.354670995669,2129.0,30392.865197619903
8712,2025-04-16,340.68104904859774,2129.0,30733.5462466685
8713,2025-04-17,326.0716656151671,2129.0,31059.617912283666
8714,2025-04-18,313.8251058700595,2129.0,31373.44301815373
8715,2025-04-19,178.26241651271837,2129.0,31551.705434666444
8716,2025-04-20,165.3802557618656,2129.0,31717.08569042831
8717,2025-04-21,280.8948159191969,2129.0,31997.980506347507
8718,2025-04-22,273.6961255844944,2129.0,32271.676631932
8719,2025-04-23,265.62654580258635,2129.0,32537.30317773459
8720,2025-04-24,258.7463459834403,2129.0,32796.04952371803
8721,2025-04-25,253.10091088865656,2129.0,33049.15043460669
8722,2025-04-26,123.13027697346173,2129.0,33172.28071158015
8723,2025-04-27,119.99561133777021,2129.0,33292.27632291792
8724,2025-04-28,243.52831559938835,2129.0,33535.80463851731
8725,2025-04-29,242.61820578077348,2129.0,33778.42284429808
8726,2025-04-30,242.69016560322135,2129.0,34021.1130099013
8727,2025-05-01,241.94986384512868,2129.0,34263.06287374643
8728,2025-05-02,245.23976605518837,2129.0,34508.302639801615
8729,2025-05-03,122.10596190080018,2129.0,34630.40860170242
8730,2025-05-04,124.685531420583,2129.0,34755.094133123
8731,2025-05-05,252.69204099338455,2129.0,35007.78617411639
8732,2025-05-06,255.47048452823597,2129.0,35263.25665864462
8733,2025-05-07,258.12549506052665,2129.0,35521.38215370515
8734,2025-05-08,260.51210785097715,2129.0,35781.894261556125
8735,2025-05-09,262.503333945331,2129.0,36044.397595501454
8736,2025-05-10,138.9622604113809,2129.0,36183.35985591284
8737,2025-05-11,139.9102983793801,2129.0,36323.270154292215
8738,2025-05-12,265.1781305859099,2129.0,36588.448284878126
8739,2025-05-13,264.7928675472336,2129.0,36853.24115242536
8740,2025-05-14,263.75085614042484,2129.0,37116.99200856579
8741,2025-05-15,262.08340468728846,2129.0,37379.07541325307
8742,2025-05-16,259.8483921096327,2129.0,37638.923805362705
8743,2025-05-17,133.03168768914347,2129.0,37771.95549305185
8744,2025-05-18,129.30242311604692,2129.0,37901.257916167895
8745,2025-05-19,250.66144120753825,2129.0,38151.91935737544
8746,2025-05-20,247.16995814317445,2129.0,38399.089315518606
8747,2025-05-21,243.69324830284822,2129.0,38642.782563821456
8748,2025-05-22,240.37712292296922,2129.0,38883.159686744424
8749,2025-05-23,237.36587668554165,2129.0,39120.52556342997
8750,2025-05-24,110.30588731947228,2129.0,39230.83145074944
8751,2025-05-25,108.34529377266388,2129.0,39339.176744522105
8752,2025-05-26,231.47947490344998,2129.0,39570.65621942555
8753,2025-05-27,230.93310487914155,2129.0,39801.589324304696
8754,2025-05-28,231.2283826048429,2129.0,40032.81770690954
8755,2025-05-29,236.90579161984934,2129.0,40269.72349852939
8756,2025-05-30,234.4950778622903,2129.0,40504.21857639168
8757,2025-05-31,113.25373826517144,2129.0,40617.47231465685
8758,2025-01-01,0.0,2284.0,0.0
8759,2025-01-02,0.0,2284.0,0.0
8760,2025-01-03,0.0,2284.0,0.0
8761,2025-01-04,0.0,2284.0,0.0
8762,2025-01-05,0.0,2284.0,0.0
8763,2025-01-06,0.0,2284.0,0.0
8764,2025-01-07,0.0,2284.0,0.0
8765,2025-01-08,0.0,2284.0,0.0
8766,2025-01-09,0.0,2284.0,0.0
8767,2025-01-10,0.0,2284.0,0.0
8768,2025-01-11,0.0,2284.0,0.0
8769,2025-01-12,0.0,2284.0,0.0
8770,2025-01-13,0.0,2284.0,0.0
8771,2025-01-14,0.0,2284.0,0.0
8772,2025-01-15,0.0,2284.0,0.0
8773,2025-01-16,0.0,2284.0,0.0
8774,2025-01-17,0.0,2284.0,0.0
8775,2025-01-18,0.0,2284.0,0.0
8776,2025-01-19,0.0,2284.0,0.0
8777,2025-01-20,0.0,2284.0,0.0
8778,2025-01-21,0.0,2284.0,0.0
8779,2025-01-22,0.0,2284.0,0.0
8780,2025-01-23,0.0,2284.0,0.0
8781,2025-01-24,0.0,2284.0,0.0
8782,2025-01-25,0.0,2284.0,0.0
8783,2025-01-26,0.0,2284.0,0.0
8784,2025-01-27,0.0,2284.0,0.0
8785,2025-01-28,0.0,2284.0,0.0
8786,2025-01-29,0.0,2284.0,0.0
8787,2025-01-30,0.0,2284.0,0.0
8788,2025-01-31,0.0,2284.0,0.0
8789,2025-02-01,0.0,2284.0,0.0
8790,2025-02-02,0.0,2284.0,0.0
8791,2025-02-03,0.0,2284.0,0.0
8792,2025-02-04,0.0,2284.0,0.0
8793,2025-02-05,0.0,2284.0,0.0
8794,2025-02-06,0.0,2284.0,0.0
8795,2025-02-07,0.0,2284.0,0.0
8796,2025-02-08,0.0,2284.0,0.0
8797,2025-02-09,0.0,2284.0,0.0
8798,2025-02-10,0.0,2284.0,0.0
8799,2025-02-11,0.0,2284.0,0.0
8800,2025-02-12,0.0,2284.0,0.0
8801,2025-02-13,0.0,2284.0,0.0
8802,2025-02-14,0.0,2284.0,0.0
8803,2025-02-15,0.0,2284.0,0.0
8804,2025-02-16,0.0,2284.0,0.0
8805,2025-02-17,0.0,2284.0,0.0
8806,2025-02-18,0.0,2284.0,0.0
8807,2025-02-19,0.0,2284.0,0.0
8808,2025-02-20,0.0,2284.0,0.0
8809,2025-02-21,0.0,2284.0,0.0
8810,2025-02-22,0.0,2284.0,0.0
8811,2025-02-23,0.0,2284.0,0.0
8812,2025-02-24,0.0,2284.0,0.0
8813,2025-02-25,0.0,2284.0,0.0
8814,2025-02-26,0.0,2284.0,0.0
8815,2025-02-27,0.0,2284.0,0.0
8816,2025-02-28,0.0,2284.0,0.0
8817,2025-03-01,0.0,2284.0,0.0
8818,2025-03-02,0.0,2284.0,0.0
8819,2025-03-03,0.0,2284.0,0.0
8820,2025-03-04,0.0,2284.0,0.0
8821,2025-03-05,0.0,2284.0,0.0
8822,2025-03-06,0.0,2284.0,0.0
8823,2025-03-07,0.0,2284.0,0.0
8824,2025-03-08,0.0,2284.0,0.0
8825,2025-03-09,0.0,2284.0,0.0
8826,2025-03-10,0.0,2284.0,0.0
8827,2025-03-11,0.0,2284.0,0.0
8828,2025-03-12,0.0,2284.0,0.0
8829,2025-03-13,0.0,2284.0,0.0
8830,2025-03-14,0.0,2284.0,0.0
8831,2025-03-15,0.0,2284.0,0.0
8832,2025-03-16,0.0,2284.0,0.0
8833,2025-03-17,0.0,2284.0,0.0
8834,2025-03-18,0.0,2284.0,0.0
8835,2025-03-19,0.0,2284.0,0.0
8836,2025-03-20,0.0,2284.0,0.0
8837,2025-03-21,0.0,2284.0,0.0
8838,2025-03-22,0.0,2284.0,0.0
8839,2025-03-23,0.0,2284.0,0.0
8840,2025-03-24,0.0,2284.0,0.0
8841,2025-03-25,0.0,2284.0,0.0
8842,2025-03-26,0.0,2284.0,0.0
8843,2025-03-27,0.0,2284.0,0.0
8844,2025-03-28,0.0,2284.0,0.0
8845,2025-03-29,0.0,2284.0,0.0
8846,2025-03-30,0.0,2284.0,0.0
8847,2025-03-31,0.0,2284.0,0.0
8848,2025-04-01,0.0,2284.0,0.0
8849,2025-04-02,0.0,2284.0,0.0
8850,2025-04-03,0.0,2284.0,0.0
8851,2025-04-04,0.0,2284.0,0.0
8852,2025-04-05,0.0,2284.0,0.0
8853,2025-04-06,0.0,2284.0,0.0
8854,2025-04-07,0.0,2284.0,0.0
8855,2025-04-08,0.0,2284.0,0.0
8856,2025-04-09,0.0,2284.0,0.0
8857,2025-04-10,0.0,2284.0,0.0
8858,2025-04-11,0.0,2284.0,0.0
8859,2025-04-12,0.0,2284.0,0.0
8860,2025-04-13,0.0,2284.0,0.0
8861,2025-04-14,0.0,2284.0,0.0
8862,2025-04-15,0.0,2284.0,0.0
8863,2025-04-16,0.0,2284.0,0.0
8864,2025-04-17,0.0,2284.0,0.0
8865,2025-04-18,0.0,2284.0,0.0
8866,2025-04-19,0.0,2284.0,0.0
8867,2025-04-20,0.0,2284.0,0.0
8868,2025-04-21,0.0,2284.0,0.0
8869,2025-04-22,0.0,2284.0,0.0
8870,2025-04-23,0.0,2284.0,0.0
8871,2025-04-24,0.0,2284.0,0.0
8872,2025-04-25,0.0,2284.0,0.0
8873,2025-04-26,0.0,2284.0,0.0
8874,2025-04-27,0.0,2284.0,0.0
8875,2025-04-28,0.0,2284.0,0.0
8876,2025-04-29,0.0,2284.0,0.0
8877,2025-04-30,0.0,2284.0,0.0
8878,2025-05-01,0.0,2284.0,0.0
8879,2025-05-02,0.0,2284.0,0.0
8880,2025-05-03,0.0,2284.0,0.0
8881,2025-05-04,0.0,2284.0,0.0
8882,2025-05-05,0.0,2284.0,0.0
8883,2025-05-06,0.0,2284.0,0.0
8884,2025-05-07,0.0,2284.0,0.0
8885,2025-05-08,0.0,2284.0,0.0
8886,2025-05-09,0.0,2284.0,0.0
8887,2025-05-10,0.0,2284.0,0.0
8888,2025-05-11,0.0,2284.0,0.0
8889,2025-05-12,0.0,2284.0,0.0
8890,2025-05-13,0.0,2284.0,0.0
8891,2025-05-14,0.0,2284.0,0.0
8892,2025-05-15,0.0,2284.0,0.0
8893,2025-05-16,0.0,2284.0,0.0
8894,2025-05-17,0.0,2284.0,0.0
8895,2025-05-18,0.0,2284.0,0.0
8896,2025-05-19,0.0,2284.0,0.0
8897,2025-05-20,0.0,2284.0,0.0
8898,2025-05-21,0.0,2284.0,0.0
8899,2025-05-22,0.0,2284.0,0.0
8900,2025-05-23,0.0,2284.0,0.0
8901,2025-05-24,0.0,2284.0,0.0
8902,2025-05-25,0.0,2284.0,0.0
8903,2025-05-26,0.0,2284.0,0.0
8904,2025-05-27,0.0,2284.0,0.0
8905,2025-05-28,0.0,2284.0,0.0
8906,2025-05-29,0.0,2284.0,0.0
8907,2025-05-30,0.0,2284.0,0.0
8908,2025-05-31,0.0,2284.0,0.0
8909,2025-01-01,0.0,2304.0,0.0
8910,2025-01-02,0.0,2304.0,0.0
8911,2025-01-03,0.0,2304.0,0.0
8912,2025-01-04,0.0,2304.0,0.0
8913,2025-01-05,0.0,2304.0,0.0
8914,2025-01-06,0.0,2304.0,0.0
8915,2025-01-07,0.0,2304.0,0.0
8916,2025-01-08,0.0,2304.0,0.0
8917,2025-01-09,0.0,2304.0,0.0
8918,2025-01-10,0.0,2304.0,0.0
8919,2025-01-11,0.0,2304.0,0.0
8920,2025-01-12,0.0,2304.0,0.0
8921,2025-01-13,0.0,2304.0,0.0
8922,2025-01-14,0.0,2304.0,0.0
8923,2025-01-15,0.0,2304.0,0.0
8924,2025-01-16,0.0,2304.0,0.0
8925,2025-01-17,0.0,2304.0,0.0
8926,2025-01-18,0.0,2304.0,0.0
8927,2025-01-19,0.0,2304.0,0.0
8928,2025-01-20,0.0,2304.0,0.0
8929,2025-01-21,0.0,2304.0,0.0
8930,2025-01-22,0.0,2304.0,0.0
8931,2025-01-23,0.0,2304.0,0.0
8932,2025-01-24,0.0,2304.0,0.0
8933,2025-01-25,0.0,2304.0,0.0
8934,2025-01-26,0.0,2304.0,0.0
8935,2025-01-27,0.0,2304.0,0.0
8936,2025-01-28,0.0,2304.0,0.0
8937,2025-01-29,0.0,2304.0,0.0
8938,2025-01-30,0.0,2304.0,0.0
8939,2025-01-31,0.0,2304.0,0.0
8940,2025-02-01,0.0,2304.0,0.0
8941,2025-02-02,0.0,2304.0,0.0
8942,2025-02-03,0.0,2304.0,0.0
8943,2025-02-04,0.0,2304.0,0.0
8944,2025-02-05,0.0,2304.0,0.0
8945,2025-02-06,0.0,2304.0,0.0
8946,2025-02-07,0.0,2304.0,0.0
8947,2025-02-08,0.0,2304.0,0.0
8948,2025-02-09,0.0,2304.0,0.0
8949,2025-02-10,0.0,2304.0,0.0
8950,2025-02-11,0.0,2304.0,0.0
8951,2025-02-12,0.0,2304.0,0.0
8952,2025-02-13,0.0,2304.0,0.0
8953,2025-02-14,0.0,2304.0,0.0
8954,2025-02-15,0.0,2304.0,0.0
8955,2025-02-16,0.0,2304.0,0.0
8956,2025-02-17,0.0,2304.0,0.0
8957,2025-02-18,0.0,2304.0,0.0
8958,2025-02-19,0.0,2304.0,0.0
8959,2025-02-20,0.0,2304.0,0.0
8960,2025-02-21,0.0,2304.0,0.0
8961,2025-02-22,0.0,2304.0,0.0
8962,2025-02-23,0.0,2304.0,0.0
8963,2025-02-24,0.0,2304.0,0.0
8964,2025-02-25,0.0,2304.0,0.0
8965,2025-02-26,0.0,2304.0,0.0
8966,2025-02-27,0.0,2304.0,0.0
8967,2025-02-28,0.0,2304.0,0.0
8968,2025-03-01,0.0,2304.0,0.0
8969,2025-03-02,0.0,2304.0,0.0
8970,2025-03-03,0.0,2304.0,0.0
8971,2025-03-04,0.0,2304.0,0.0
8972,2025-03-05,0.0,2304.0,0.0
8973,2025-03-06,0.0,2304.0,0.0
8974,2025-03-07,0.0,2304.0,0.0
8975,2025-03-08,0.0,2304.0,0.0
8976,2025-03-09,0.0,2304.0,0.0
8977,2025-03-10,0.0,2304.0,0.0
8978,2025-03-11,0.0,2304.0,0.0
8979,2025-03-12,0.0,2304.0,0.0
8980,2025-03-13,0.0,2304.0,0.0
8981,2025-03-14,0.0,2304.0,0.0
8982,2025-03-15,0.0,2304.0,0.0
8983,2025-03-16,0.0,2304.0,0.0
8984,2025-03-17,0.0,2304.0,0.0
8985,2025-03-18,0.0,2304.0,0.0
8986,2025-03-19,0.0,2304.0,0.0
8987,2025-03-20,0.0,2304.0,0.0
8988,2025-03-21,0.0,2304.0,0.0
8989,2025-03-22,0.0,2304.0,0.0
8990,2025-03-23,0.0,2304.0,0.0
8991,2025-03-24,0.0,2304.0,0.0
8992,2025-03-25,0.0,2304.0,0.0
8993,2025-03-26,0.0,2304.0,0.0
8994,2025-03-27,0.0,2304.0,0.0
8995,2025-03-28,0.0,2304.0,0.0
8996,2025-03-29,0.0,2304.0,0.0
8997,2025-03-30,0.0,2304.0,0.0
8998,2025-03-31,0.0,2304.0,0.0
8999,2025-04-01,0.0,2304.0,0.0
9000,2025-04-02,0.0,2304.0,0.0
9001,2025-04-03,0.0,2304.0,0.0
9002,2025-04-04,0.0,2304.0,0.0
9003,2025-04-05,0.0,2304.0,0.0
9004,2025-04-06,0.0,2304.0,0.0
9005,2025-04-07,0.0,2304.0,0.0
9006,2025-04-08,0.0,2304.0,0.0
9007,2025-04-09,0.0,2304.0,0.0
9008,2025-04-10,0.0,2304.0,0.0
9009,2025-04-11,0.0,2304.0,0.0
9010,2025-04-12,0.0,2304.0,0.0
9011,2025-04-13,0.0,2304.0,0.0
9012,2025-04-14,0.0,2304.0,0.0
9013,2025-04-15,0.0,2304.0,0.0
9014,2025-04-16,0.0,2304.0,0.0
9015,2025-04-17,0.0,2304.0,0.0
9016,2025-04-18,0.0,2304.0,0.0
9017,2025-04-19,0.0,2304.0,0.0
9018,2025-04-20,0.0,2304.0,0.0
9019,2025-04-21,0.0,2304.0,0.0
9020,2025-04-22,0.0,2304.0,0.0
9021,2025-04-23,0.0,2304.0,0.0
9022,2025-04-24,0.0,2304.0,0.0
9023,2025-04-25,0.0,2304.0,0.0
9024,2025-04-26,0.0,2304.0,0.0
9025,2025-04-27,0.0,2304.0,0.0
9026,2025-04-28,0.0,2304.0,0.0
9027,2025-04-29,0.0,2304.0,0.0
9028,2025-04-30,0.0,2304.0,0.0
9029,2025-05-01,0.0,2304.0,0.0
9030,2025-05-02,0.0,2304.0,0.0
9031,2025-05-03,0.0,2304.0,0.0
9032,2025-05-04,0.0,2304.0,0.0
9033,2025-05-05,0.0,2304.0,0.0
9034,2025-05-06,0.0,2304.0,0.0
9035,2025-05-07,0.0,2304.0,0.0
9036,2025-05-08,0.0,2304.0,0.0
9037,2025-05-09,0.0,2304.0,0.0
9038,2025-05-10,0.0,2304.0,0.0
9039,2025-05-11,0.0,2304.0,0.0
9040,2025-05-12,0.0,2304.0,0.0
9041,2025-05-13,0.0,2304.0,0.0
9042,2025-05-14,0.0,2304.0,0.0
9043,2025-05-15,0.0,2304.0,0.0
9044,2025-05-16,0.0,2304.0,0.0
9045,2025-05-17,0.0,2304.0,0.0
9046,2025-05-18,0.0,2304.0,0.0
9047,2025-05-19,0.0,2304.0,0.0
9048,2025-05-20,0.0,2304.0,0.0
9049,2025-05-21,0.0,2304.0,0.0
9050,2025-05-22,0.0,2304.0,0.0
9051,2025-05-23,0.0,2304.0,0.0
9052,2025-05-24,0.0,2304.0,0.0
9053,2025-05-25,0.0,2304.0,0.0
9054,2025-05-26,0.0,2304.0,0.0
9055,2025-05-27,0.0,2304.0,0.0
9056,2025-05-28,0.0,2304.0,0.0
9057,2025-05-29,0.0,2304.0,0.0
9058,2025-05-30,0.0,2304.0,0.0
9059,2025-05-31,0.0,2304.0,0.0
9060,2025-01-01,0.0,2364.0,0.0
9061,2025-01-02,0.0,2364.0,0.0
9062,2025-01-03,0.0,2364.0,0.0
9063,2025-01-04,0.0,2364.0,0.0
9064,2025-01-05,0.0,2364.0,0.0
9065,2025-01-06,0.0,2364.0,0.0
9066,2025-01-07,0.0,2364.0,0.0
9067,2025-01-08,0.0,2364.0,0.0
9068,2025-01-09,0.0,2364.0,0.0
9069,2025-01-10,0.0,2364.0,0.0
9070,2025-01-11,0.0,2364.0,0.0
9071,2025-01-12,0.0,2364.0,0.0
9072,2025-01-13,0.0,2364.0,0.0
9073,2025-01-14,0.0,2364.0,0.0
9074,2025-01-15,0.0,2364.0,0.0
9075,2025-01-16,0.0,2364.0,0.0
9076,2025-01-17,0.0,2364.0,0.0
9077,2025-01-18,0.0,2364.0,0.0
9078,2025-01-19,0.0,2364.0,0.0
9079,2025-01-20,0.0,2364.0,0.0
9080,2025-01-21,0.0,2364.0,0.0
9081,2025-01-22,0.0,2364.0,0.0
9082,2025-01-23,0.0,2364.0,0.0
9083,2025-01-24,0.0,2364.0,0.0
9084,2025-01-25,0.0,2364.0,0.0
9085,2025-01-26,0.0,2364.0,0.0
9086,2025-01-27,0.0,2364.0,0.0
9087,2025-01-28,0.0,2364.0,0.0
9088,2025-01-29,0.0,2364.0,0.0
9089,2025-01-30,0.0,2364.0,0.0
9090,2025-01-31,0.0,2364.0,0.0
9091,2025-02-01,0.0,2364.0,0.0
9092,2025-02-02,0.0,2364.0,0.0
9093,2025-02-03,0.0,2364.0,0.0
9094,2025-02-04,0.0,2364.0,0.0
9095,2025-02-05,0.0,2364.0,0.0
9096,2025-02-06,0.0,2364.0,0.0
9097,2025-02-07,0.0,2364.0,0.0
9098,2025-02-08,0.0,2364.0,0.0
9099,2025-02-09,0.0,2364.0,0.0
9100,2025-02-10,0.0,2364.0,0.0
9101,2025-02-11,0.0,2364.0,0.0
9102,2025-02-12,0.0,2364.0,0.0
9103,2025-02-13,0.0,2364.0,0.0
9104,2025-02-14,0.0,2364.0,0.0
9105,2025-02-15,0.0,2364.0,0.0
9106,2025-02-16,0.0,2364.0,0.0
9107,2025-02-17,0.0,2364.0,0.0
9108,2025-02-18,0.0,2364.0,0.0
9109,2025-02-19,0.0,2364.0,0.0
9110,2025-02-20,0.0,2364.0,0.0
9111,2025-02-21,0.0,2364.0,0.0
9112,2025-02-22,0.0,2364.0,0.0
9113,2025-02-23,0.0,2364.0,0.0
9114,2025-02-24,0.0,2364.0,0.0
9115,2025-02-25,0.0,2364.0,0.0
9116,2025-02-26,0.0,2364.0,0.0
9117,2025-02-27,0.0,2364.0,0.0
9118,2025-02-28,0.0,2364.0,0.0
9119,2025-03-01,0.0,2364.0,0.0
9120,2025-03-02,0.0,2364.0,0.0
9121,2025-03-03,0.0,2364.0,0.0
9122,2025-03-04,0.0,2364.0,0.0
9123,2025-03-05,0.0,2364.0,0.0
9124,2025-03-06,0.0,2364.0,0.0
9125,2025-03-07,0.0,2364.0,0.0
9126,2025-03-08,0.0,2364.0,0.0
9127,2025-03-09,0.0,2364.0,0.0
9128,2025-03-10,0.0,2364.0,0.0
9129,2025-03-11,0.0,2364.0,0.0
9130,2025-03-12,0.0,2364.0,0.0
9131,2025-03-13,0.0,2364.0,0.0
9132,2025-03-14,0.0,2364.0,0.0
9133,2025-03-15,0.0,2364.0,0.0
9134,2025-03-16,0.0,2364.0,0.0
9135,2025-03-17,0.0,2364.0,0.0
9136,2025-03-18,0.0,2364.0,0.0
9137,2025-03-19,0.0,2364.0,0.0
9138,2025-03-20,0.0,2364.0,0.0
9139,2025-03-21,0.0,2364.0,0.0
9140,2025-03-22,0.0,2364.0,0.0
9141,2025-03-23,0.0,2364.0,0.0
9142,2025-03-24,0.0,2364.0,0.0
9143,2025-03-25,0.0,2364.0,0.0
9144,2025-03-26,0.0,2364.0,0.0
9145,2025-03-27,0.0,2364.0,0.0
9146,2025-03-28,0.0,2364.0,0.0
9147,2025-03-29,0.0,2364.0,0.0
9148,2025-03-30,0.0,2364.0,0.0
9149,2025-03-31,0.0,2364.0,0.0
9150,2025-04-01,0.0,2364.0,0.0
9151,2025-04-02,0.0,2364.0,0.0
9152,2025-04-03,0.0,2364.0,0.0
9153,2025-04-04,0.0,2364.0,0.0
9154,2025-04-05,0.0,2364.0,0.0
9155,2025-04-06,0.0,2364.0,0.0
9156,2025-04-07,0.0,2364.0,0.0
9157,2025-04-08,0.0,2364.0,0.0
9158,2025-04-09,0.0,2364.0,0.0
9159,2025-04-10,0.0,2364.0,0.0
9160,2025-04-11,0.0,2364.0,0.0
9161,2025-04-12,0.0,2364.0,0.0
9162,2025-04-13,0.0,2364.0,0.0
9163,2025-04-14,0.0,2364.0,0.0
9164,2025-04-15,0.0,2364.0,0.0
9165,2025-04-16,0.0,2364.0,0.0
9166,2025-04-17,0.0,2364.0,0.0
9167,2025-04-18,0.0,2364.0,0.0
9168,2025-04-19,0.0,2364.0,0.0
9169,2025-04-20,0.0,2364.0,0.0
9170,2025-04-21,0.0,2364.0,0.0
9171,2025-04-22,0.0,2364.0,0.0
9172,2025-04-23,0.0,2364.0,0.0
9173,2025-04-24,0.0,2364.0,0.0
9174,2025-04-25,0.0,2364.0,0.0
9175,2025-04-26,0.0,2364.0,0.0
9176,2025-04-27,0.0,2364.0,0.0
9177,2025-04-28,0.0,2364.0,0.0
9178,2025-04-29,0.0,2364.0,0.0
9179,2025-04-30,0.0,2364.0,0.0
9180,2025-05-01,0.0,2364.0,0.0
9181,2025-05-02,0.0,2364.0,0.0
9182,2025-05-03,0.0,2364.0,0.0
9183,2025-05-04,0.0,2364.0,0.0
9184,2025-05-05,0.0,2364.0,0.0
9185,2025-05-06,0.0,2364.0,0.0
9186,2025-05-07,0.0,2364.0,0.0
9187,2025-05-08,0.0,2364.0,0.0
9188,2025-05-09,0.0,2364.0,0.0
9189,2025-05-10,0.0,2364.0,0.0
9190,2025-05-11,0.0,2364.0,0.0
9191,2025-05-12,0.0,2364.0,0.0
9192,2025-05-13,0.0,2364.0,0.0
9193,2025-05-14,0.0,2364.0,0.0
9194,2025-05-15,0.0,2364.0,0.0
9195,2025-05-16,0.0,2364.0,0.0
9196,2025-05-17,0.0,2364.0,0.0
9197,2025-05-18,0.0,2364.0,0.0
9198,2025-05-19,0.0,2364.0,0.0
9199,2025-05-20,0.0,2364.0,0.0
9200,2025-05-21,0.0,2364.0,0.0
9201,2025-05-22,0.0,2364.0,0.0
9202,2025-05-23,0.0,2364.0,0.0
9203,2025-05-24,0.0,2364.0,0.0
9204,2025-05-25,0.0,2364.0,0.0
9205,2025-05-26,0.0,2364.0,0.0
9206,2025-05-27,0.0,2364.0,0.0
9207,2025-05-28,0.0,2364.0,0.0
9208,2025-05-29,0.0,2364.0,0.0
9209,2025-05-30,0.0,2364.0,0.0
9210,2025-05-31,0.0,2364.0,0.0
9211,2025-01-01,0.0,2365.0,0.0
9212,2025-01-02,0.0,2365.0,0.0
9213,2025-01-03,0.0,2365.0,0.0
9214,2025-01-04,0.0,2365.0,0.0
9215,2025-01-05,0.0,2365.0,0.0
9216,2025-01-06,0.0,2365.0,0.0
9217,2025-01-07,0.0,2365.0,0.0
9218,2025-01-08,0.0,2365.0,0.0
9219,2025-01-09,0.0,2365.0,0.0
9220,2025-01-10,0.0,2365.0,0.0
9221,2025-01-11,0.0,2365.0,0.0
9222,2025-01-12,0.0,2365.0,0.0
9223,2025-01-13,0.0,2365.0,0.0
9224,2025-01-14,0.0,2365.0,0.0
9225,2025-01-15,0.0,2365.0,0.0
9226,2025-01-16,0.0,2365.0,0.0
9227,2025-01-17,0.0,2365.0,0.0
9228,2025-01-18,0.0,2365.0,0.0
9229,2025-01-19,0.0,2365.0,0.0
9230,2025-01-20,0.0,2365.0,0.0
9231,2025-01-21,0.0,2365.0,0.0
9232,2025-01-22,0.0,2365.0,0.0
9233,2025-01-23,0.0,2365.0,0.0
9234,2025-01-24,0.0,2365.0,0.0
9235,2025-01-25,0.0,2365.0,0.0
9236,2025-01-26,0.0,2365.0,0.0
9237,2025-01-27,0.0,2365.0,0.0
9238,2025-01-28,0.0,2365.0,0.0
9239,2025-01-29,0.0,2365.0,0.0
9240,2025-01-30,0.0,2365.0,0.0
9241,2025-01-31,0.0,2365.0,0.0
9242,2025-02-01,0.0,2365.0,0.0
9243,2025-02-02,0.0,2365.0,0.0
9244,2025-02-03,0.0,2365.0,0.0
9245,2025-02-04,0.0,2365.0,0.0
9246,2025-02-05,0.0,2365.0,0.0
9247,2025-02-06,0.0,2365.0,0.0
9248,2025-02-07,0.0,2365.0,0.0
9249,2025-02-08,0.0,2365.0,0.0
9250,2025-02-09,0.0,2365.0,0.0
9251,2025-02-10,0.0,2365.0,0.0
9252,2025-02-11,0.0,2365.0,0.0
9253,2025-02-12,0.0,2365.0,0.0
9254,2025-02-13,0.0,2365.0,0.0
9255,2025-02-14,0.0,2365.0,0.0
9256,2025-02-15,0.0,2365.0,0.0
9257,2025-02-16,0.0,2365.0,0.0
9258,2025-02-17,0.0,2365.0,0.0
9259,2025-02-18,0.0,2365.0,0.0
9260,2025-02-19,0.0,2365.0,0.0
9261,2025-02-20,0.0,2365.0,0.0
9262,2025-02-21,0.0,2365.0,0.0
9263,2025-02-22,0.0,2365.0,0.0
9264,2025-02-23,0.0,2365.0,0.0
9265,2025-02-24,0.0,2365.0,0.0
9266,2025-02-25,0.0,2365.0,0.0
9267,2025-02-26,0.0,2365.0,0.0
9268,2025-02-27,0.0,2365.0,0.0
9269,2025-02-28,0.0,2365.0,0.0
9270,2025-03-01,0.0,2365.0,0.0
9271,2025-03-02,0.0,2365.0,0.0
9272,2025-03-03,0.0,2365.0,0.0
9273,2025-03-04,0.0,2365.0,0.0
9274,2025-03-05,0.0,2365.0,0.0
9275,2025-03-06,0.0,2365.0,0.0
9276,2025-03-07,0.0,2365.0,0.0
9277,2025-03-08,0.0,2365.0,0.0
9278,2025-03-09,0.0,2365.0,0.0
9279,2025-03-10,0.0,2365.0,0.0
9280,2025-03-11,0.0,2365.0,0.0
9281,2025-03-12,0.0,2365.0,0.0
9282,2025-03-13,0.0,2365.0,0.0
9283,2025-03-14,0.0,2365.0,0.0
9284,2025-03-15,0.0,2365.0,0.0
9285,2025-03-16,0.0,2365.0,0.0
9286,2025-03-17,0.0,2365.0,0.0
9287,2025-03-18,0.0,2365.0,0.0
9288,2025-03-19,0.0,2365.0,0.0
9289,2025-03-20,0.0,2365.0,0.0
9290,2025-03-21,0.0,2365.0,0.0
9291,2025-03-22,0.0,2365.0,0.0
9292,2025-03-23,0.0,2365.0,0.0
9293,2025-03-24,0.0,2365.0,0.0
9294,2025-03-25,0.0,2365.0,0.0
9295,2025-03-26,0.0,2365.0,0.0
9296,2025-03-27,0.0,2365.0,0.0
9297,2025-03-28,0.0,2365.0,0.0
9298,2025-03-29,0.0,2365.0,0.0
9299,2025-03-30,0.0,2365.0,0.0
9300,2025-03-31,0.0,2365.0,0.0
9301,2025-04-01,0.0,2365.0,0.0
9302,2025-04-02,0.0,2365.0,0.0
9303,2025-04-03,0.0,2365.0,0.0
9304,2025-04-04,0.0,2365.0,0.0
9305,2025-04-05,0.0,2365.0,0.0
9306,2025-04-06,0.0,2365.0,0.0
9307,2025-04-07,0.0,2365.0,0.0
9308,2025-04-08,0.0,2365.0,0.0
9309,2025-04-09,0.0,2365.0,0.0
9310,2025-04-10,0.0,2365.0,0.0
9311,2025-04-11,0.0,2365.0,0.0
9312,2025-04-12,0.0,2365.0,0.0
9313,2025-04-13,0.0,2365.0,0.0
9314,2025-04-14,0.0,2365.0,0.0
9315,2025-04-15,0.0,2365.0,0.0
9316,2025-04-16,0.0,2365.0,0.0
9317,2025-04-17,0.0,2365.0,0.0
9318,2025-04-18,0.0,2365.0,0.0
9319,2025-04-19,0.0,2365.0,0.0
9320,2025-04-20,0.0,2365.0,0.0
9321,2025-04-21,0.0,2365.0,0.0
9322,2025-04-22,0.0,2365.0,0.0
9323,2025-04-23,0.0,2365.0,0.0
9324,2025-04-24,0.0,2365.0,0.0
9325,2025-04-25,0.0,2365.0,0.0
9326,2025-04-26,0.0,2365.0,0.0
9327,2025-04-27,0.0,2365.0,0.0
9328,2025-04-28,0.0,2365.0,0.0
9329,2025-04-29,0.0,2365.0,0.0
9330,2025-04-30,0.0,2365.0,0.0
9331,2025-05-01,0.0,2365.0,0.0
9332,2025-05-02,0.0,2365.0,0.0
9333,2025-05-03,0.0,2365.0,0.0
9334,2025-05-04,0.0,2365.0,0.0
9335,2025-05-05,0.0,2365.0,0.0
9336,2025-05-06,0.0,2365.0,0.0
9337,2025-05-07,0.0,2365.0,0.0
9338,2025-05-08,0.0,2365.0,0.0
9339,2025-05-09,0.0,2365.0,0.0
9340,2025-05-10,0.0,2365.0,0.0
9341,2025-05-11,0.0,2365.0,0.0
9342,2025-05-12,0.0,2365.0,0.0
9343,2025-05-13,0.0,2365.0,0.0
9344,2025-05-14,0.0,2365.0,0.0
9345,2025-05-15,0.0,2365.0,0.0
9346,2025-05-16,0.0,2365.0,0.0
9347,2025-05-17,0.0,2365.0,0.0
9348,2025-05-18,0.0,2365.0,0.0
9349,2025-05-19,0.0,2365.0,0.0
9350,2025-05-20,0.0,2365.0,0.0
9351,2025-05-21,0.0,2365.0,0.0
9352,2025-05-22,0.0,2365.0,0.0
9353,2025-05-23,0.0,2365.0,0.0
9354,2025-05-24,0.0,2365.0,0.0
9355,2025-05-25,0.0,2365.0,0.0
9356,2025-05-26,0.0,2365.0,0.0
9357,2025-05-27,0.0,2365.0,0.0
9358,2025-05-28,0.0,2365.0,0.0
9359,2025-05-29,0.0,2365.0,0.0
9360,2025-05-30,0.0,2365.0,0.0
9361,2025-05-31,0.0,2365.0,0.0
9362,2025-01-01,0.0,2401.0,0.0
9363,2025-01-02,0.0,2401.0,0.0
9364,2025-01-03,0.0,2401.0,0.0
9365,2025-01-04,0.0,2401.0,0.0
9366,2025-01-05,0.0,2401.0,0.0
9367,2025-01-06,0.0,2401.0,0.0
9368,2025-01-07,0.0,2401.0,0.0
9369,2025-01-08,0.0,2401.0,0.0
9370,2025-01-09,0.0,2401.0,0.0
9371,2025-01-10,0.0,2401.0,0.0
9372,2025-01-11,0.0,2401.0,0.0
9373,2025-01-12,0.0,2401.0,0.0
9374,2025-01-13,0.0,2401.0,0.0
9375,2025-01-14,0.0,2401.0,0.0
9376,2025-01-15,0.0,2401.0,0.0
9377,2025-01-16,0.0,2401.0,0.0
9378,2025-01-17,0.0,2401.0,0.0
9379,2025-01-18,0.0,2401.0,0.0
9380,2025-01-19,0.0,2401.0,0.0
9381,2025-01-20,0.0,2401.0,0.0
9382,2025-01-21,0.0,2401.0,0.0
9383,2025-01-22,0.0,2401.0,0.0
9384,2025-01-23,0.0,2401.0,0.0
9385,2025-01-24,0.0,2401.0,0.0
9386,2025-01-25,0.0,2401.0,0.0
9387,2025-01-26,0.0,2401.0,0.0
9388,2025-01-27,0.0,2401.0,0.0
9389,2025-01-28,0.0,2401.0,0.0
9390,2025-01-29,0.0,2401.0,0.0
9391,2025-01-30,0.0,2401.0,0.0
9392,2025-01-31,0.0,2401.0,0.0
9393,2025-02-01,0.0,2401.0,0.0
9394,2025-02-02,0.0,2401.0,0.0
9395,2025-02-03,0.0,2401.0,0.0
9396,2025-02-04,0.0,2401.0,0.0
9397,2025-02-05,0.0,2401.0,0.0
9398,2025-02-06,0.0,2401.0,0.0
9399,2025-02-07,0.0,2401.0,0.0
9400,2025-02-08,0.0,2401.0,0.0
9401,2025-02-09,0.0,2401.0,0.0
9402,2025-02-10,0.0,2401.0,0.0
9403,2025-02-11,0.0,2401.0,0.0
9404,2025-02-12,0.0,2401.0,0.0
9405,2025-02-13,0.0,2401.0,0.0
9406,2025-02-14,0.0,2401.0,0.0
9407,2025-02-15,0.0,2401.0,0.0
9408,2025-02-16,0.0,2401.0,0.0
9409,2025-02-17,0.0,2401.0,0.0
9410,2025-02-18,0.0,2401.0,0.0
9411,2025-02-19,0.0,2401.0,0.0
9412,2025-02-20,0.0,2401.0,0.0
9413,2025-02-21,0.0,2401.0,0.0
9414,2025-02-22,0.0,2401.0,0.0
9415,2025-02-23,0.0,2401.0,0.0
9416,2025-02-24,0.0,2401.0,0.0
9417,2025-02-25,0.0,2401.0,0.0
9418,2025-02-26,0.0,2401.0,0.0
9419,2025-02-27,0.0,2401.0,0.0
9420,2025-02-28,0.0,2401.0,0.0
9421,2025-03-01,0.0,2401.0,0.0
9422,2025-03-02,0.0,2401.0,0.0
9423,2025-03-03,0.0,2401.0,0.0
9424,2025-03-04,0.0,2401.0,0.0
9425,2025-03-05,0.0,2401.0,0.0
9426,2025-03-06,0.0,2401.0,0.0
9427,2025-03-07,0.0,2401.0,0.0
9428,2025-03-08,0.0,2401.0,0.0
9429,2025-03-09,0.0,2401.0,0.0
9430,2025-03-10,0.0,2401.0,0.0
9431,2025-03-11,0.0,2401.0,0.0
9432,2025-03-12,0.0,2401.0,0.0
9433,2025-03-13,0.0,2401.0,0.0
9434,2025-03-14,0.0,2401.0,0.0
9435,2025-03-15,0.0,2401.0,0.0
9436,2025-03-16,0.0,2401.0,0.0
9437,2025-03-17,0.0,2401.0,0.0
9438,2025-03-18,0.0,2401.0,0.0
9439,2025-03-19,0.0,2401.0,0.0
9440,2025-03-20,0.0,2401.0,0.0
9441,2025-03-21,0.0,2401.0,0.0
9442,2025-03-22,0.0,2401.0,0.0
9443,2025-03-23,0.0,2401.0,0.0
9444,2025-03-24,0.0,2401.0,0.0
9445,2025-03-25,0.0,2401.0,0.0
9446,2025-03-26,0.0,2401.0,0.0
9447,2025-03-27,0.0,2401.0,0.0
9448,2025-03-28,0.0,2401.0,0.0
9449,2025-03-29,0.0,2401.0,0.0
9450,2025-03-30,0.0,2401.0,0.0
9451,2025-03-31,0.0,2401.0,0.0
9452,2025-04-01,0.0,2401.0,0.0
9453,2025-04-02,0.0,2401.0,0.0
9454,2025-04-03,0.0,2401.0,0.0
9455,2025-04-04,0.0,2401.0,0.0
9456,2025-04-05,0.0,2401.0,0.0
9457,2025-04-06,0.0,2401.0,0.0
9458,2025-04-07,0.0,2401.0,0.0
9459,2025-04-08,0.0,2401.0,0.0
9460,2025-04-09,0.0,2401.0,0.0
9461,2025-04-10,0.0,2401.0,0.0
9462,2025-04-11,0.0,2401.0,0.0
9463,2025-04-12,0.0,2401.0,0.0
9464,2025-04-13,0.0,2401.0,0.0
9465,2025-04-14,0.0,2401.0,0.0
9466,2025-04-15,0.0,2401.0,0.0
9467,2025-04-16,0.0,2401.0,0.0
9468,2025-04-17,0.0,2401.0,0.0
9469,2025-04-18,0.0,2401.0,0.0
9470,2025-04-19,0.0,2401.0,0.0
9471,2025-04-20,0.0,2401.0,0.0
9472,2025-04-21,0.0,2401.0,0.0
9473,2025-04-22,0.0,2401.0,0.0
9474,2025-04-23,0.0,2401.0,0.0
9475,2025-04-24,0.0,2401.0,0.0
9476,2025-04-25,0.0,2401.0,0.0
9477,2025-04-26,0.0,2401.0,0.0
9478,2025-04-27,0.0,2401.0,0.0
9479,2025-04-28,0.0,2401.0,0.0
9480,2025-04-29,0.0,2401.0,0.0
9481,2025-04-30,0.0,2401.0,0.0
9482,2025-05-01,0.0,2401.0,0.0
9483,2025-05-02,0.0,2401.0,0.0
9484,2025-05-03,0.0,2401.0,0.0
9485,2025-05-04,0.0,2401.0,0.0
9486,2025-05-05,0.0,2401.0,0.0
9487,2025-05-06,0.0,2401.0,0.0
9488,2025-05-07,0.0,2401.0,0.0
9489,2025-05-08,0.0,2401.0,0.0
9490,2025-05-09,0.0,2401.0,0.0
9491,2025-05-10,0.0,2401.0,0.0
9492,2025-05-11,0.0,2401.0,0.0
9493,2025-05-12,0.0,2401.0,0.0
9494,2025-05-13,0.0,2401.0,0.0
9495,2025-05-14,0.0,2401.0,0.0
9496,2025-05-15,0.0,2401.0,0.0
9497,2025-05-16,0.0,2401.0,0.0
9498,2025-05-17,0.0,2401.0,0.0
9499,2025-05-18,0.0,2401.0,0.0
9500,2025-05-19,0.0,2401.0,0.0
9501,2025-05-20,0.0,2401.0,0.0
9502,2025-05-21,0.0,2401.0,0.0
9503,2025-05-22,0.0,2401.0,0.0
9504,2025-05-23,0.0,2401.0,0.0
9505,2025-05-24,0.0,2401.0,0.0
9506,2025-05-25,0.0,2401.0,0.0
9507,2025-05-26,0.0,2401.0,0.0
9508,2025-05-27,0.0,2401.0,0.0
9509,2025-05-28,0.0,2401.0,0.0
9510,2025-05-29,0.0,2401.0,0.0
9511,2025-05-30,0.0,2401.0,0.0
9512,2025-05-31,0.0,2401.0,0.0
9513,2025-01-01,0.0,2402.0,0.0
9514,2025-01-02,0.0,2402.0,0.0
9515,2025-01-03,0.0,2402.0,0.0
9516,2025-01-04,0.0,2402.0,0.0
9517,2025-01-05,0.0,2402.0,0.0
9518,2025-01-06,0.0,2402.0,0.0
9519,2025-01-07,0.0,2402.0,0.0
9520,2025-01-08,0.0,2402.0,0.0
9521,2025-01-09,0.0,2402.0,0.0
9522,2025-01-10,0.0,2402.0,0.0
9523,2025-01-11,0.0,2402.0,0.0
9524,2025-01-12,0.0,2402.0,0.0
9525,2025-01-13,0.0,2402.0,0.0
9526,2025-01-14,0.0,2402.0,0.0
9527,2025-01-15,0.0,2402.0,0.0
9528,2025-01-16,0.0,2402.0,0.0
9529,2025-01-17,0.0,2402.0,0.0
9530,2025-01-18,0.0,2402.0,0.0
9531,2025-01-19,0.0,2402.0,0.0
9532,2025-01-20,0.0,2402.0,0.0
9533,2025-01-21,0.0,2402.0,0.0
9534,2025-01-22,0.0,2402.0,0.0
9535,2025-01-23,0.0,2402.0,0.0
9536,2025-01-24,0.0,2402.0,0.0
9537,2025-01-25,0.0,2402.0,0.0
9538,2025-01-26,0.0,2402.0,0.0
9539,2025-01-27,0.0,2402.0,0.0
9540,2025-01-28,0.0,2402.0,0.0
9541,2025-01-29,0.0,2402.0,0.0
9542,2025-01-30,0.0,2402.0,0.0
9543,2025-01-31,0.0,2402.0,0.0
9544,2025-02-01,0.0,2402.0,0.0
9545,2025-02-02,0.0,2402.0,0.0
9546,2025-02-03,0.0,2402.0,0.0
9547,2025-02-04,0.0,2402.0,0.0
9548,2025-02-05,0.0,2402.0,0.0
9549,2025-02-06,0.0,2402.0,0.0
9550,2025-02-07,0.0,2402.0,0.0
9551,2025-02-08,0.0,2402.0,0.0
9552,2025-02-09,0.0,2402.0,0.0
9553,2025-02-10,0.0,2402.0,0.0
9554,2025-02-11,0.0,2402.0,0.0
9555,2025-02-12,0.0,2402.0,0.0
9556,2025-02-13,0.0,2402.0,0.0
9557,2025-02-14,0.0,2402.0,0.0
9558,2025-02-15,0.0,2402.0,0.0
9559,2025-02-16,0.0,2402.0,0.0
9560,2025-02-17,0.0,2402.0,0.0
9561,2025-02-18,0.0,2402.0,0.0
9562,2025-02-19,0.0,2402.0,0.0
9563,2025-02-20,0.0,2402.0,0.0
9564,2025-02-21,0.0,2402.0,0.0
9565,2025-02-22,0.0,2402.0,0.0
9566,2025-02-23,0.0,2402.0,0.0
9567,2025-02-24,0.0,2402.0,0.0
9568,2025-02-25,0.0,2402.0,0.0
9569,2025-02-26,0.0,2402.0,0.0
9570,2025-02-27,0.0,2402.0,0.0
9571,2025-02-28,0.0,2402.0,0.0
9572,2025-03-01,0.0,2402.0,0.0
9573,2025-03-02,0.0,2402.0,0.0
9574,2025-03-03,0.0,2402.0,0.0
9575,2025-03-04,0.0,2402.0,0.0
9576,2025-03-05,0.0,2402.0,0.0
9577,2025-03-06,0.0,2402.0,0.0
9578,2025-03-07,0.0,2402.0,0.0
9579,2025-03-08,0.0,2402.0,0.0
9580,2025-03-09,0.0,2402.0,0.0
9581,2025-03-10,0.0,2402.0,0.0
9582,2025-03-11,0.0,2402.0,0.0
9583,2025-03-12,0.0,2402.0,0.0
9584,2025-03-13,0.0,2402.0,0.0
9585,2025-03-14,0.0,2402.0,0.0
9586,2025-03-15,0.0,2402.0,0.0
9587,2025-03-16,0.0,2402.0,0.0
9588,2025-03-17,0.0,2402.0,0.0
9589,2025-03-18,0.0,2402.0,0.0
9590,2025-03-19,0.0,2402.0,0.0
9591,2025-03-20,0.0,2402.0,0.0
9592,2025-03-21,0.0,2402.0,0.0
9593,2025-03-22,0.0,2402.0,0.0
9594,2025-03-23,0.0,2402.0,0.0
9595,2025-03-24,0.0,2402.0,0.0
9596,2025-03-25,0.0,2402.0,0.0
9597,2025-03-26,0.0,2402.0,0.0
9598,2025-03-27,0.0,2402.0,0.0
9599,2025-03-28,0.0,2402.0,0.0
9600,2025-03-29,0.0,2402.0,0.0
9601,2025-03-30,0.0,2402.0,0.0
9602,2025-03-31,0.0,2402.0,0.0
9603,2025-04-01,0.0,2402.0,0.0
9604,2025-04-02,0.0,2402.0,0.0
9605,2025-04-03,0.0,2402.0,0.0
9606,2025-04-04,0.0,2402.0,0.0
9607,2025-04-05,0.0,2402.0,0.0
9608,2025-04-06,0.0,2402.0,0.0
9609,2025-04-07,0.0,2402.0,0.0
9610,2025-04-08,0.0,2402.0,0.0
9611,2025-04-09,0.0,2402.0,0.0
9612,2025-04-10,0.0,2402.0,0.0
9613,2025-04-11,0.0,2402.0,0.0
9614,2025-04-12,0.0,2402.0,0.0
9615,2025-04-13,0.0,2402.0,0.0
9616,2025-04-14,0.0,2402.0,0.0
9617,2025-04-15,0.0,2402.0,0.0
9618,2025-04-16,0.0,2402.0,0.0
9619,2025-04-17,0.0,2402.0,0.0
9620,2025-04-18,0.0,2402.0,0.0
9621,2025-04-19,0.0,2402.0,0.0
9622,2025-04-20,0.0,2402.0,0.0
9623,2025-04-21,0.0,2402.0,0.0
9624,2025-04-22,0.0,2402.0,0.0
9625,2025-04-23,0.0,2402.0,0.0
9626,2025-04-24,0.0,2402.0,0.0
9627,2025-04-25,0.0,2402.0,0.0
9628,2025-04-26,0.0,2402.0,0.0
9629,2025-04-27,0.0,2402.0,0.0
9630,2025-04-28,0.0,2402.0,0.0
9631,2025-04-29,0.0,2402.0,0.0
9632,2025-04-30,0.0,2402.0,0.0
9633,2025-05-01,0.0,2402.0,0.0
9634,2025-05-02,0.0,2402.0,0.0
9635,2025-05-03,0.0,2402.0,0.0
9636,2025-05-04,0.0,2402.0,0.0
9637,2025-05-05,0.0,2402.0,0.0
9638,2025-05-06,0.0,2402.0,0.0
9639,2025-05-07,0.0,2402.0,0.0
9640,2025-05-08,0.0,2402.0,0.0
9641,2025-05-09,0.0,2402.0,0.0
9642,2025-05-10,0.0,2402.0,0.0
9643,2025-05-11,0.0,2402.0,0.0
9644,2025-05-12,0.0,2402.0,0.0
9645,2025-05-13,0.0,2402.0,0.0
9646,2025-05-14,0.0,2402.0,0.0
9647,2025-05-15,0.0,2402.0,0.0
9648,2025-05-16,0.0,2402.0,0.0
9649,2025-05-17,0.0,2402.0,0.0
9650,2025-05-18,0.0,2402.0,0.0
9651,2025-05-19,0.0,2402.0,0.0
9652,2025-05-20,0.0,2402.0,0.0
9653,2025-05-21,0.0,2402.0,0.0
9654,2025-05-22,0.0,2402.0,0.0
9655,2025-05-23,0.0,2402.0,0.0
9656,2025-05-24,0.0,2402.0,0.0
9657,2025-05-25,0.0,2402.0,0.0
9658,2025-05-26,0.0,2402.0,0.0
9659,2025-05-27,0.0,2402.0,0.0
9660,2025-05-28,0.0,2402.0,0.0
9661,2025-05-29,0.0,2402.0,0.0
9662,2025-05-30,0.0,2402.0,0.0
9663,2025-05-31,0.0,2402.0,0.0
9664,2025-01-01,0.0,2441.0,0.0
9665,2025-01-02,0.0,2441.0,0.0
9666,2025-01-03,0.0,2441.0,0.0
9667,2025-01-04,0.0,2441.0,0.0
9668,2025-01-05,0.0,2441.0,0.0
9669,2025-01-06,0.0,2441.0,0.0
9670,2025-01-07,0.0,2441.0,0.0
9671,2025-01-08,0.0,2441.0,0.0
9672,2025-01-09,0.0,2441.0,0.0
9673,2025-01-10,0.0,2441.0,0.0
9674,2025-01-11,0.0,2441.0,0.0
9675,2025-01-12,0.0,2441.0,0.0
9676,2025-01-13,0.0,2441.0,0.0
9677,2025-01-14,0.0,2441.0,0.0
9678,2025-01-15,0.0,2441.0,0.0
9679,2025-01-16,0.0,2441.0,0.0
9680,2025-01-17,0.0,2441.0,0.0
9681,2025-01-18,0.0,2441.0,0.0
9682,2025-01-19,0.0,2441.0,0.0
9683,2025-01-20,0.0,2441.0,0.0
9684,2025-01-21,0.0,2441.0,0.0
9685,2025-01-22,0.0,2441.0,0.0
9686,2025-01-23,0.0,2441.0,0.0
9687,2025-01-24,0.0,2441.0,0.0
9688,2025-01-25,0.0,2441.0,0.0
9689,2025-01-26,0.0,2441.0,0.0
9690,2025-01-27,0.0,2441.0,0.0
9691,2025-01-28,0.0,2441.0,0.0
9692,2025-01-29,0.0,2441.0,0.0
9693,2025-01-30,0.0,2441.0,0.0
9694,2025-01-31,0.0,2441.0,0.0
9695,2025-02-01,0.0,2441.0,0.0
9696,2025-02-02,0.0,2441.0,0.0
9697,2025-02-03,0.0,2441.0,0.0
9698,2025-02-04,0.0,2441.0,0.0
9699,2025-02-05,0.0,2441.0,0.0
9700,2025-02-06,0.0,2441.0,0.0
9701,2025-02-07,0.0,2441.0,0.0
9702,2025-02-08,0.0,2441.0,0.0
9703,2025-02-09,0.0,2441.0,0.0
9704,2025-02-10,0.0,2441.0,0.0
9705,2025-02-11,0.0,2441.0,0.0
9706,2025-02-12,0.0,2441.0,0.0
9707,2025-02-13,0.0,2441.0,0.0
9708,2025-02-14,0.0,2441.0,0.0
9709,2025-02-15,0.0,2441.0,0.0
9710,2025-02-16,0.0,2441.0,0.0
9711,2025-02-17,0.0,2441.0,0.0
9712,2025-02-18,0.0,2441.0,0.0
9713,2025-02-19,0.0,2441.0,0.0
9714,2025-02-20,0.0,2441.0,0.0
9715,2025-02-21,0.0,2441.0,0.0
9716,2025-02-22,0.0,2441.0,0.0
9717,2025-02-23,0.0,2441.0,0.0
9718,2025-02-24,0.0,2441.0,0.0
9719,2025-02-25,0.0,2441.0,0.0
9720,2025-02-26,0.0,2441.0,0.0
9721,2025-02-27,0.0,2441.0,0.0
9722,2025-02-28,0.0,2441.0,0.0
9723,2025-03-01,0.0,2441.0,0.0
9724,2025-03-02,0.0,2441.0,0.0
9725,2025-03-03,0.0,2441.0,0.0
9726,2025-03-04,0.0,2441.0,0.0
9727,2025-03-05,0.0,2441.0,0.0
9728,2025-03-06,0.0,2441.0,0.0
9729,2025-03-07,0.0,2441.0,0.0
9730,2025-03-08,0.0,2441.0,0.0
9731,2025-03-09,0.0,2441.0,0.0
9732,2025-03-10,0.0,2441.0,0.0
9733,2025-03-11,0.0,2441.0,0.0
9734,2025-03-12,0.0,2441.0,0.0
9735,2025-03-13,0.0,2441.0,0.0
9736,2025-03-14,0.0,2441.0,0.0
9737,2025-03-15,0.0,2441.0,0.0
9738,2025-03-16,0.0,2441.0,0.0
9739,2025-03-17,0.0,2441.0,0.0
9740,2025-03-18,0.0,2441.0,0.0
9741,2025-03-19,0.0,2441.0,0.0
9742,2025-03-20,0.0,2441.0,0.0
9743,2025-03-21,0.0,2441.0,0.0
9744,2025-03-22,0.0,2441.0,0.0
9745,2025-03-23,0.0,2441.0,0.0
9746,2025-03-24,0.0,2441.0,0.0
9747,2025-03-25,0.0,2441.0,0.0
9748,2025-03-26,0.0,2441.0,0.0
9749,2025-03-27,0.0,2441.0,0.0
9750,2025-03-28,0.0,2441.0,0.0
9751,2025-03-29,0.0,2441.0,0.0
9752,2025-03-30,0.0,2441.0,0.0
9753,2025-03-31,0.0,2441.0,0.0
9754,2025-04-01,0.0,2441.0,0.0
9755,2025-04-02,0.0,2441.0,0.0
9756,2025-04-03,0.0,2441.0,0.0
9757,2025-04-04,0.0,2441.0,0.0
9758,2025-04-05,0.0,2441.0,0.0
9759,2025-04-06,0.0,2441.0,0.0
9760,2025-04-07,0.0,2441.0,0.0
9761,2025-04-08,0.0,2441.0,0.0
9762,2025-04-09,0.0,2441.0,0.0
9763,2025-04-10,0.0,2441.0,0.0
9764,2025-04-11,0.0,2441.0,0.0
9765,2025-04-12,0.0,2441.0,0.0
9766,2025-04-13,0.0,2441.0,0.0
9767,2025-04-14,0.0,2441.0,0.0
9768,2025-04-15,0.0,2441.0,0.0
9769,2025-04-16,0.0,2441.0,0.0
9770,2025-04-17,0.0,2441.0,0.0
9771,2025-04-18,0.0,2441.0,0.0
9772,2025-04-19,0.0,2441.0,0.0
9773,2025-04-20,0.0,2441.0,0.0
9774,2025-04-21,0.0,2441.0,0.0
9775,2025-04-22,0.0,2441.0,0.0
9776,2025-04-23,0.0,2441.0,0.0
9777,2025-04-24,0.0,2441.0,0.0
9778,2025-04-25,0.0,2441.0,0.0
9779,2025-04-26,0.0,2441.0,0.0
9780,2025-04-27,0.0,2441.0,0.0
9781,2025-04-28,0.0,2441.0,0.0
9782,2025-04-29,0.0,2441.0,0.0
9783,2025-04-30,0.0,2441.0,0.0
9784,2025-05-01,0.0,2441.0,0.0
9785,2025-05-02,0.0,2441.0,0.0
9786,2025-05-03,0.0,2441.0,0.0
9787,2025-05-04,0.0,2441.0,0.0
9788,2025-05-05,0.0,2441.0,0.0
9789,2025-05-06,0.0,2441.0,0.0
9790,2025-05-07,0.0,2441.0,0.0
9791,2025-05-08,0.0,2441.0,0.0
9792,2025-05-09,0.0,2441.0,0.0
9793,2025-05-10,0.0,2441.0,0.0
9794,2025-05-11,0.0,2441.0,0.0
9795,2025-05-12,0.0,2441.0,0.0
9796,2025-05-13,0.0,2441.0,0.0
9797,2025-05-14,0.0,2441.0,0.0
9798,2025-05-15,0.0,2441.0,0.0
9799,2025-05-16,0.0,2441.0,0.0
9800,2025-05-17,0.0,2441.0,0.0
9801,2025-05-18,0.0,2441.0,0.0
9802,2025-05-19,0.0,2441.0,0.0
9803,2025-05-20,0.0,2441.0,0.0
9804,2025-05-21,0.0,2441.0,0.0
9805,2025-05-22,0.0,2441.0,0.0
9806,2025-05-23,0.0,2441.0,0.0
9807,2025-05-24,0.0,2441.0,0.0
9808,2025-05-25,0.0,2441.0,0.0
9809,2025-05-26,0.0,2441.0,0.0
9810,2025-05-27,0.0,2441.0,0.0
9811,2025-05-28,0.0,2441.0,0.0
9812,2025-05-29,0.0,2441.0,0.0
9813,2025-05-30,0.0,2441.0,0.0
9814,2025-05-31,0.0,2441.0,0.0
9815,2025-01-01,0.0,2481.0,0.0
9816,2025-01-02,0.0,2481.0,0.0
9817,2025-01-03,0.0,2481.0,0.0
9818,2025-01-04,0.0,2481.0,0.0
9819,2025-01-05,0.0,2481.0,0.0
9820,2025-01-06,0.0,2481.0,0.0
9821,2025-01-07,0.0,2481.0,0.0
9822,2025-01-08,0.0,2481.0,0.0
9823,2025-01-09,0.0,2481.0,0.0
9824,2025-01-10,0.0,2481.0,0.0
9825,2025-01-11,0.0,2481.0,0.0
9826,2025-01-12,0.0,2481.0,0.0
9827,2025-01-13,0.0,2481.0,0.0
9828,2025-01-14,0.0,2481.0,0.0
9829,2025-01-15,0.0,2481.0,0.0
9830,2025-01-16,0.0,2481.0,0.0
9831,2025-01-17,0.0,2481.0,0.0
9832,2025-01-18,0.0,2481.0,0.0
9833,2025-01-19,0.0,2481.0,0.0
9834,2025-01-20,0.0,2481.0,0.0
9835,2025-01-21,0.0,2481.0,0.0
9836,2025-01-22,0.0,2481.0,0.0
9837,2025-01-23,0.0,2481.0,0.0
9838,2025-01-24,0.0,2481.0,0.0
9839,2025-01-25,0.0,2481.0,0.0
9840,2025-01-26,0.0,2481.0,0.0
9841,2025-01-27,0.0,2481.0,0.0
9842,2025-01-28,0.0,2481.0,0.0
9843,2025-01-29,0.0,2481.0,0.0
9844,2025-01-30,0.0,2481.0,0.0
9845,2025-01-31,0.0,2481.0,0.0
9846,2025-02-01,0.0,2481.0,0.0
9847,2025-02-02,0.0,2481.0,0.0
9848,2025-02-03,0.0,2481.0,0.0
9849,2025-02-04,0.0,2481.0,0.0
9850,2025-02-05,0.0,2481.0,0.0
9851,2025-02-06,0.0,2481.0,0.0
9852,2025-02-07,0.0,2481.0,0.0
9853,2025-02-08,0.0,2481.0,0.0
9854,2025-02-09,0.0,2481.0,0.0
9855,2025-02-10,0.0,2481.0,0.0
9856,2025-02-11,0.0,2481.0,0.0
9857,2025-02-12,0.0,2481.0,0.0
9858,2025-02-13,0.0,2481.0,0.0
9859,2025-02-14,0.0,2481.0,0.0
9860,2025-02-15,0.0,2481.0,0.0
9861,2025-02-16,0.0,2481.0,0.0
9862,2025-02-17,0.0,2481.0,0.0
9863,2025-02-18,0.0,2481.0,0.0
9864,2025-02-19,0.0,2481.0,0.0
9865,2025-02-20,0.0,2481.0,0.0
9866,2025-02-21,0.0,2481.0,0.0
9867,2025-02-22,0.0,2481.0,0.0
9868,2025-02-23,0.0,2481.0,0.0
9869,2025-02-24,0.0,2481.0,0.0
9870,2025-02-25,0.0,2481.0,0.0
9871,2025-02-26,0.0,2481.0,0.0
9872,2025-02-27,0.0,2481.0,0.0
9873,2025-02-28,0.0,2481.0,0.0
9874,2025-03-01,0.0,2481.0,0.0
9875,2025-03-02,0.0,2481.0,0.0
9876,2025-03-03,0.0,2481.0,0.0
9877,2025-03-04,0.0,2481.0,0.0
9878,2025-03-05,0.0,2481.0,0.0
9879,2025-03-06,0.0,2481.0,0.0
9880,2025-03-07,0.0,2481.0,0.0
9881,2025-03-08,0.0,2481.0,0.0
9882,2025-03-09,0.0,2481.0,0.0
9883,2025-03-10,0.0,2481.0,0.0
9884,2025-03-11,0.0,2481.0,0.0
9885,2025-03-12,0.0,2481.0,0.0
9886,2025-03-13,0.0,2481.0,0.0
9887,2025-03-14,0.0,2481.0,0.0
9888,2025-03-15,0.0,2481.0,0.0
9889,2025-03-16,0.0,2481.0,0.0
9890,2025-03-17,0.0,2481.0,0.0
9891,2025-03-18,0.0,2481.0,0.0
9892,2025-03-19,0.0,2481.0,0.0
9893,2025-03-20,0.0,2481.0,0.0
9894,2025-03-21,0.0,2481.0,0.0
9895,2025-03-22,0.0,2481.0,0.0
9896,2025-03-23,0.0,2481.0,0.0
9897,2025-03-24,0.0,2481.0,0.0
9898,2025-03-25,0.0,2481.0,0.0
9899,2025-03-26,0.0,2481.0,0.0
9900,2025-03-27,0.0,2481.0,0.0
9901,2025-03-28,0.0,2481.0,0.0
9902,2025-03-29,0.0,2481.0,0.0
9903,2025-03-30,0.0,2481.0,0.0
9904,2025-03-31,0.0,2481.0,0.0
9905,2025-04-01,0.0,2481.0,0.0
9906,2025-04-02,0.0,2481.0,0.0
9907,2025-04-03,0.0,2481.0,0.0
9908,2025-04-04,0.0,2481.0,0.0
9909,2025-04-05,0.0,2481.0,0.0
9910,2025-04-06,0.0,2481.0,0.0
9911,2025-04-07,0.0,2481.0,0.0
9912,2025-04-08,0.0,2481.0,0.0
9913,2025-04-09,0.0,2481.0,0.0
9914,2025-04-10,0.0,2481.0,0.0
9915,2025-04-11,0.0,2481.0,0.0
9916,2025-04-12,0.0,2481.0,0.0
9917,2025-04-13,0.0,2481.0,0.0
9918,2025-04-14,0.0,2481.0,0.0
9919,2025-04-15,0.0,2481.0,0.0
9920,2025-04-16,0.0,2481.0,0.0
9921,2025-04-17,0.0,2481.0,0.0
9922,2025-04-18,0.0,2481.0,0.0
9923,2025-04-19,0.0,2481.0,0.0
9924,2025-04-20,0.0,2481.0,0.0
9925,2025-04-21,0.0,2481.0,0.0
9926,2025-04-22,0.0,2481.0,0.0
9927,2025-04-23,0.0,2481.0,0.0
9928,2025-04-24,0.0,2481.0,0.0
9929,2025-04-25,0.0,2481.0,0.0
9930,2025-04-26,0.0,2481.0,0.0
9931,2025-04-27,0.0,2481.0,0.0
9932,2025-04-28,0.0,2481.0,0.0
9933,2025-04-29,0.0,2481.0,0.0
9934,2025-04-30,0.0,2481.0,0.0
9935,2025-05-01,0.0,2481.0,0.0
9936,2025-05-02,0.0,2481.0,0.0
9937,2025-05-03,0.0,2481.0,0.0
9938,2025-05-04,0.0,2481.0,0.0
9939,2025-05-05,0.0,2481.0,0.0
9940,2025-05-06,0.0,2481.0,0.0
9941,2025-05-07,0.0,2481.0,0.0
9942,2025-05-08,0.0,2481.0,0.0
9943,2025-05-09,0.0,2481.0,0.0
9944,2025-05-10,0.0,2481.0,0.0
9945,2025-05-11,0.0,2481.0,0.0
9946,2025-05-12,0.0,2481.0,0.0
9947,2025-05-13,0.0,2481.0,0.0
9948,2025-05-14,0.0,2481.0,0.0
9949,2025-05-15,0.0,2481.0,0.0
9950,2025-05-16,0.0,2481.0,0.0
9951,2025-05-17,0.0,2481.0,0.0
9952,2025-05-18,0.0,2481.0,0.0
9953,2025-05-19,0.0,2481.0,0.0
9954,2025-05-20,0.0,2481.0,0.0
9955,2025-05-21,0.0,2481.0,0.0
9956,2025-05-22,0.0,2481.0,0.0
9957,2025-05-23,0.0,2481.0,0.0
9958,2025-05-24,0.0,2481.0,0.0
9959,2025-05-25,0.0,2481.0,0.0
9960,2025-05-26,0.0,2481.0,0.0
9961,2025-05-27,0.0,2481.0,0.0
9962,2025-05-28,0.0,2481.0,0.0
9963,2025-05-29,0.0,2481.0,0.0
9964,2025-05-30,0.0,2481.0,0.0
9965,2025-05-31,0.0,2481.0,0.0
9966,2025-01-01,0.0,2482.0,0.0
9967,2025-01-02,0.0,2482.0,0.0
9968,2025-01-03,0.0,2482.0,0.0
9969,2025-01-04,0.0,2482.0,0.0
9970,2025-01-05,0.0,2482.0,0.0
9971,2025-01-06,0.0,2482.0,0.0
9972,2025-01-07,0.0,2482.0,0.0
9973,2025-01-08,0.0,2482.0,0.0
9974,2025-01-09,0.0,2482.0,0.0
9975,2025-01-10,0.0,2482.0,0.0
9976,2025-01-11,0.0,2482.0,0.0
9977,2025-01-12,0.0,2482.0,0.0
9978,2025-01-13,0.0,2482.0,0.0
9979,2025-01-14,0.0,2482.0,0.0
9980,2025-01-15,0.0,2482.0,0.0
9981,2025-01-16,0.0,2482.0,0.0
9982,2025-01-17,0.0,2482.0,0.0
9983,2025-01-18,0.0,2482.0,0.0
9984,2025-01-19,0.0,2482.0,0.0
9985,2025-01-20,0.0,2482.0,0.0
9986,2025-01-21,0.0,2482.0,0.0
9987,2025-01-22,0.0,2482.0,0.0
9988,2025-01-23,0.0,2482.0,0.0
9989,2025-01-24,0.0,2482.0,0.0
9990,2025-01-25,0.0,2482.0,0.0
9991,2025-01-26,0.0,2482.0,0.0
9992,2025-01-27,0.0,2482.0,0.0
9993,2025-01-28,0.0,2482.0,0.0
9994,2025-01-29,0.0,2482.0,0.0
9995,2025-01-30,0.0,2482.0,0.0
9996,2025-01-31,0.0,2482.0,0.0
9997,2025-02-01,0.0,2482.0,0.0
9998,2025-02-02,0.0,2482.0,0.0
9999,2025-02-03,0.0,2482.0,0.0
10000,2025-02-04,0.0,2482.0,0.0
10001,2025-02-05,0.0,2482.0,0.0
10002,2025-02-06,0.0,2482.0,0.0
10003,2025-02-07,0.0,2482.0,0.0
10004,2025-02-08,0.0,2482.0,0.0
10005,2025-02-09,0.0,2482.0,0.0
10006,2025-02-10,0.0,2482.0,0.0
10007,2025-02-11,0.0,2482.0,0.0
10008,2025-02-12,0.0,2482.0,0.0
10009,2025-02-13,0.0,2482.0,0.0
10010,2025-02-14,0.0,2482.0,0.0
10011,2025-02-15,0.0,2482.0,0.0
10012,2025-02-16,0.0,2482.0,0.0
10013,2025-02-17,0.0,2482.0,0.0
10014,2025-02-18,0.0,2482.0,0.0
10015,2025-02-19,0.0,2482.0,0.0
10016,2025-02-20,0.0,2482.0,0.0
10017,2025-02-21,0.0,2482.0,0.0
10018,2025-02-22,0.0,2482.0,0.0
10019,2025-02-23,0.0,2482.0,0.0
10020,2025-02-24,0.0,2482.0,0.0
10021,2025-02-25,0.0,2482.0,0.0
10022,2025-02-26,0.0,2482.0,0.0
10023,2025-02-27,0.0,2482.0,0.0
10024,2025-02-28,0.0,2482.0,0.0
10025,2025-03-01,0.0,2482.0,0.0
10026,2025-03-02,0.0,2482.0,0.0
10027,2025-03-03,0.0,2482.0,0.0
10028,2025-03-04,0.0,2482.0,0.0
10029,2025-03-05,0.0,2482.0,0.0
10030,2025-03-06,0.0,2482.0,0.0
10031,2025-03-07,0.0,2482.0,0.0
10032,2025-03-08,0.0,2482.0,0.0
10033,2025-03-09,0.0,2482.0,0.0
10034,2025-03-10,0.0,2482.0,0.0
10035,2025-03-11,0.0,2482.0,0.0
10036,2025-03-12,0.0,2482.0,0.0
10037,2025-03-13,0.0,2482.0,0.0
10038,2025-03-14,0.0,2482.0,0.0
10039,2025-03-15,0.0,2482.0,0.0
10040,2025-03-16,0.0,2482.0,0.0
10041,2025-03-17,0.0,2482.0,0.0
10042,2025-03-18,0.0,2482.0,0.0
10043,2025-03-19,0.0,2482.0,0.0
10044,2025-03-20,0.0,2482.0,0.0
10045,2025-03-21,0.0,2482.0,0.0
10046,2025-03-22,0.0,2482.0,0.0
10047,2025-03-23,0.0,2482.0,0.0
10048,2025-03-24,0.0,2482.0,0.0
10049,2025-03-25,0.0,2482.0,0.0
10050,2025-03-26,0.0,2482.0,0.0
10051,2025-03-27,0.0,2482.0,0.0
10052,2025-03-28,0.0,2482.0,0.0
10053,2025-03-29,0.0,2482.0,0.0
10054,2025-03-30,0.0,2482.0,0.0
10055,2025-03-31,0.0,2482.0,0.0
10056,2025-04-01,0.0,2482.0,0.0
10057,2025-04-02,0.0,2482.0,0.0
10058,2025-04-03,0.0,2482.0,0.0
10059,2025-04-04,0.0,2482.0,0.0
10060,2025-04-05,0.0,2482.0,0.0
10061,2025-04-06,0.0,2482.0,0.0
10062,2025-04-07,0.0,2482.0,0.0
10063,2025-04-08,0.0,2482.0,0.0
10064,2025-04-09,0.0,2482.0,0.0
10065,2025-04-10,0.0,2482.0,0.0
10066,2025-04-11,0.0,2482.0,0.0
10067,2025-04-12,0.0,2482.0,0.0
10068,2025-04-13,0.0,2482.0,0.0
10069,2025-04-14,0.0,2482.0,0.0
10070,2025-04-15,0.0,2482.0,0.0
10071,2025-04-16,0.0,2482.0,0.0
10072,2025-04-17,0.0,2482.0,0.0
10073,2025-04-18,0.0,2482.0,0.0
10074,2025-04-19,0.0,2482.0,0.0
10075,2025-04-20,0.0,2482.0,0.0
10076,2025-04-21,0.0,2482.0,0.0
10077,2025-04-22,0.0,2482.0,0.0
10078,2025-04-23,0.0,2482.0,0.0
10079,2025-04-24,0.0,2482.0,0.0
10080,2025-04-25,0.0,2482.0,0.0
10081,2025-04-26,0.0,2482.0,0.0
10082,2025-04-27,0.0,2482.0,0.0
10083,2025-04-28,0.0,2482.0,0.0
10084,2025-04-29,0.0,2482.0,0.0
10085,2025-04-30,0.0,2482.0,0.0
10086,2025-05-01,0.0,2482.0,0.0
10087,2025-05-02,0.0,2482.0,0.0
10088,2025-05-03,0.0,2482.0,0.0
10089,2025-05-04,0.0,2482.0,0.0
10090,2025-05-05,0.0,2482.0,0.0
10091,2025-05-06,0.0,2482.0,0.0
10092,2025-05-07,0.0,2482.0,0.0
10093,2025-05-08,0.0,2482.0,0.0
10094,2025-05-09,0.0,2482.0,0.0
10095,2025-05-10,0.0,2482.0,0.0
10096,2025-05-11,0.0,2482.0,0.0
10097,2025-05-12,0.0,2482.0,0.0
10098,2025-05-13,0.0,2482.0,0.0
10099,2025-05-14,0.0,2482.0,0.0
10100,2025-05-15,0.0,2482.0,0.0
10101,2025-05-16,0.0,2482.0,0.0
10102,2025-05-17,0.0,2482.0,0.0
10103,2025-05-18,0.0,2482.0,0.0
10104,2025-05-19,0.0,2482.0,0.0
10105,2025-05-20,0.0,2482.0,0.0
10106,2025-05-21,0.0,2482.0,0.0
10107,2025-05-22,0.0,2482.0,0.0
10108,2025-05-23,0.0,2482.0,0.0
10109,2025-05-24,0.0,2482.0,0.0
10110,2025-05-25,0.0,2482.0,0.0
10111,2025-05-26,0.0,2482.0,0.0
10112,2025-05-27,0.0,2482.0,0.0
10113,2025-05-28,0.0,2482.0,0.0
10114,2025-05-29,0.0,2482.0,0.0
10115,2025-05-30,0.0,2482.0,0.0
10116,2025-05-31,0.0,2482.0,0.0
10117,2025-01-01,0.0,2521.0,0.0
10118,2025-01-02,0.0,2521.0,0.0
10119,2025-01-03,0.0,2521.0,0.0
10120,2025-01-04,0.0,2521.0,0.0
10121,2025-01-05,0.0,2521.0,0.0
10122,2025-01-06,0.0,2521.0,0.0
10123,2025-01-07,0.0,2521.0,0.0
10124,2025-01-08,0.0,2521.0,0.0
10125,2025-01-09,0.0,2521.0,0.0
10126,2025-01-10,0.0,2521.0,0.0
10127,2025-01-11,0.0,2521.0,0.0
10128,2025-01-12,0.0,2521.0,0.0
10129,2025-01-13,0.0,2521.0,0.0
10130,2025-01-14,0.0,2521.0,0.0
10131,2025-01-15,0.0,2521.0,0.0
10132,2025-01-16,0.0,2521.0,0.0
10133,2025-01-17,0.0,2521.0,0.0
10134,2025-01-18,0.0,2521.0,0.0
10135,2025-01-19,0.0,2521.0,0.0
10136,2025-01-20,0.0,2521.0,0.0
10137,2025-01-21,0.0,2521.0,0.0
10138,2025-01-22,0.0,2521.0,0.0
10139,2025-01-23,0.0,2521.0,0.0
10140,2025-01-24,0.0,2521.0,0.0
10141,2025-01-25,0.0,2521.0,0.0
10142,2025-01-26,0.0,2521.0,0.0
10143,2025-01-27,0.0,2521.0,0.0
10144,2025-01-28,0.0,2521.0,0.0
10145,2025-01-29,0.0,2521.0,0.0
10146,2025-01-30,0.0,2521.0,0.0
10147,2025-01-31,0.0,2521.0,0.0
10148,2025-02-01,0.0,2521.0,0.0
10149,2025-02-02,0.0,2521.0,0.0
10150,2025-02-03,0.0,2521.0,0.0
10151,2025-02-04,0.0,2521.0,0.0
10152,2025-02-05,0.0,2521.0,0.0
10153,2025-02-06,0.0,2521.0,0.0
10154,2025-02-07,0.0,2521.0,0.0
10155,2025-02-08,0.0,2521.0,0.0
10156,2025-02-09,0.0,2521.0,0.0
10157,2025-02-10,0.0,2521.0,0.0
10158,2025-02-11,0.0,2521.0,0.0
10159,2025-02-12,0.0,2521.0,0.0
10160,2025-02-13,0.0,2521.0,0.0
10161,2025-02-14,0.0,2521.0,0.0
10162,2025-02-15,0.0,2521.0,0.0
10163,2025-02-16,0.0,2521.0,0.0
10164,2025-02-17,0.0,2521.0,0.0
10165,2025-02-18,0.0,2521.0,0.0
10166,2025-02-19,0.0,2521.0,0.0
10167,2025-02-20,0.0,2521.0,0.0
10168,2025-02-21,0.0,2521.0,0.0
10169,2025-02-22,0.0,2521.0,0.0
10170,2025-02-23,0.0,2521.0,0.0
10171,2025-02-24,0.0,2521.0,0.0
10172,2025-02-25,0.0,2521.0,0.0
10173,2025-02-26,0.0,2521.0,0.0
10174,2025-02-27,0.0,2521.0,0.0
10175,2025-02-28,0.0,2521.0,0.0
10176,2025-03-01,0.0,2521.0,0.0
10177,2025-03-02,0.0,2521.0,0.0
10178,2025-03-03,0.0,2521.0,0.0
10179,2025-03-04,0.0,2521.0,0.0
10180,2025-03-05,0.0,2521.0,0.0
10181,2025-03-06,0.0,2521.0,0.0
10182,2025-03-07,0.0,2521.0,0.0
10183,2025-03-08,0.0,2521.0,0.0
10184,2025-03-09,0.0,2521.0,0.0
10185,2025-03-10,0.0,2521.0,0.0
10186,2025-03-11,0.0,2521.0,0.0
10187,2025-03-12,0.0,2521.0,0.0
10188,2025-03-13,0.0,2521.0,0.0
10189,2025-03-14,0.0,2521.0,0.0
10190,2025-03-15,0.0,2521.0,0.0
10191,2025-03-16,0.0,2521.0,0.0
10192,2025-03-17,0.0,2521.0,0.0
10193,2025-03-18,0.0,2521.0,0.0
10194,2025-03-19,0.0,2521.0,0.0
10195,2025-03-20,0.0,2521.0,0.0
10196,2025-03-21,0.0,2521.0,0.0
10197,2025-03-22,0.0,2521.0,0.0
10198,2025-03-23,0.0,2521.0,0.0
10199,2025-03-24,0.0,2521.0,0.0
10200,2025-03-25,0.0,2521.0,0.0
10201,2025-03-26,0.0,2521.0,0.0
10202,2025-03-27,0.0,2521.0,0.0
10203,2025-03-28,0.0,2521.0,0.0
10204,2025-03-29,0.0,2521.0,0.0
10205,2025-03-30,0.0,2521.0,0.0
10206,2025-03-31,0.0,2521.0,0.0
10207,2025-04-01,0.0,2521.0,0.0
10208,2025-04-02,0.0,2521.0,0.0
10209,2025-04-03,0.0,2521.0,0.0
10210,2025-04-04,0.0,2521.0,0.0
10211,2025-04-05,0.0,2521.0,0.0
10212,2025-04-06,0.0,2521.0,0.0
10213,2025-04-07,0.0,2521.0,0.0
10214,2025-04-08,0.0,2521.0,0.0
10215,2025-04-09,0.0,2521.0,0.0
10216,2025-04-10,0.0,2521.0,0.0
10217,2025-04-11,0.0,2521.0,0.0
10218,2025-04-12,0.0,2521.0,0.0
10219,2025-04-13,0.0,2521.0,0.0
10220,2025-04-14,0.0,2521.0,0.0
10221,2025-04-15,0.0,2521.0,0.0
10222,2025-04-16,0.0,2521.0,0.0
10223,2025-04-17,0.0,2521.0,0.0
10224,2025-04-18,0.0,2521.0,0.0
10225,2025-04-19,0.0,2521.0,0.0
10226,2025-04-20,0.0,2521.0,0.0
10227,2025-04-21,0.0,2521.0,0.0
10228,2025-04-22,0.0,2521.0,0.0
10229,2025-04-23,0.0,2521.0,0.0
10230,2025-04-24,0.0,2521.0,0.0
10231,2025-04-25,0.0,2521.0,0.0
10232,2025-04-26,0.0,2521.0,0.0
10233,2025-04-27,0.0,2521.0,0.0
10234,2025-04-28,0.0,2521.0,0.0
10235,2025-04-29,0.0,2521.0,0.0
10236,2025-04-30,0.0,2521.0,0.0
10237,2025-05-01,0.0,2521.0,0.0
10238,2025-05-02,0.0,2521.0,0.0
10239,2025-05-03,0.0,2521.0,0.0
10240,2025-05-04,0.0,2521.0,0.0
10241,2025-05-05,0.0,2521.0,0.0
10242,2025-05-06,0.0,2521.0,0.0
10243,2025-05-07,0.0,2521.0,0.0
10244,2025-05-08,0.0,2521.0,0.0
10245,2025-05-09,0.0,2521.0,0.0
10246,2025-05-10,0.0,2521.0,0.0
10247,2025-05-11,0.0,2521.0,0.0
10248,2025-05-12,0.0,2521.0,0.0
10249,2025-05-13,0.0,2521.0,0.0
10250,2025-05-14,0.0,2521.0,0.0
10251,2025-05-15,0.0,2521.0,0.0
10252,2025-05-16,0.0,2521.0,0.0
10253,2025-05-17,0.0,2521.0,0.0
10254,2025-05-18,0.0,2521.0,0.0
10255,2025-05-19,0.0,2521.0,0.0
10256,2025-05-20,0.0,2521.0,0.0
10257,2025-05-21,0.0,2521.0,0.0
10258,2025-05-22,0.0,2521.0,0.0
10259,2025-05-23,0.0,2521.0,0.0
10260,2025-05-24,0.0,2521.0,0.0
10261,2025-05-25,0.0,2521.0,0.0
10262,2025-05-26,0.0,2521.0,0.0
10263,2025-05-27,0.0,2521.0,0.0
10264,2025-05-28,0.0,2521.0,0.0
10265,2025-05-29,0.0,2521.0,0.0
10266,2025-05-30,0.0,2521.0,0.0
10267,2025-05-31,0.0,2521.0,0.0
10268,2025-01-01,0.0,2601.0,0.0
10269,2025-01-02,0.0,2601.0,0.0
10270,2025-01-03,0.0,2601.0,0.0
10271,2025-01-04,0.0,2601.0,0.0
10272,2025-01-05,0.0,2601.0,0.0
10273,2025-01-06,0.0,2601.0,0.0
10274,2025-01-07,0.0,2601.0,0.0
10275,2025-01-08,0.0,2601.0,0.0
10276,2025-01-09,0.0,2601.0,0.0
10277,2025-01-10,0.0,2601.0,0.0
10278,2025-01-11,0.0,2601.0,0.0
10279,2025-01-12,0.0,2601.0,0.0
10280,2025-01-13,0.0,2601.0,0.0
10281,2025-01-14,0.0,2601.0,0.0
10282,2025-01-15,0.0,2601.0,0.0
10283,2025-01-16,0.0,2601.0,0.0
10284,2025-01-17,0.0,2601.0,0.0
10285,2025-01-18,0.0,2601.0,0.0
10286,2025-01-19,0.0,2601.0,0.0
10287,2025-01-20,0.0,2601.0,0.0
10288,2025-01-21,0.0,2601.0,0.0
10289,2025-01-22,0.0,2601.0,0.0
10290,2025-01-23,0.0,2601.0,0.0
10291,2025-01-24,0.0,2601.0,0.0
10292,2025-01-25,0.0,2601.0,0.0
10293,2025-01-26,0.0,2601.0,0.0
10294,2025-01-27,0.0,2601.0,0.0
10295,2025-01-28,0.0,2601.0,0.0
10296,2025-01-29,0.0,2601.0,0.0
10297,2025-01-30,0.0,2601.0,0.0
10298,2025-01-31,0.0,2601.0,0.0
10299,2025-02-01,0.0,2601.0,0.0
10300,2025-02-02,0.0,2601.0,0.0
10301,2025-02-03,0.0,2601.0,0.0
10302,2025-02-04,0.0,2601.0,0.0
10303,2025-02-05,0.0,2601.0,0.0
10304,2025-02-06,0.0,2601.0,0.0
10305,2025-02-07,0.0,2601.0,0.0
10306,2025-02-08,0.0,2601.0,0.0
10307,2025-02-09,0.0,2601.0,0.0
10308,2025-02-10,0.0,2601.0,0.0
10309,2025-02-11,0.0,2601.0,0.0
10310,2025-02-12,0.0,2601.0,0.0
10311,2025-02-13,0.0,2601.0,0.0
10312,2025-02-14,0.0,2601.0,0.0
10313,2025-02-15,0.0,2601.0,0.0
10314,2025-02-16,0.0,2601.0,0.0
10315,2025-02-17,0.0,2601.0,0.0
10316,2025-02-18,0.0,2601.0,0.0
10317,2025-02-19,0.0,2601.0,0.0
10318,2025-02-20,0.0,2601.0,0.0
10319,2025-02-21,0.0,2601.0,0.0
10320,2025-02-22,0.0,2601.0,0.0
10321,2025-02-23,0.0,2601.0,0.0
10322,2025-02-24,0.0,2601.0,0.0
10323,2025-02-25,0.0,2601.0,0.0
10324,2025-02-26,0.0,2601.0,0.0
10325,2025-02-27,0.0,2601.0,0.0
10326,2025-02-28,0.0,2601.0,0.0
10327,2025-03-01,0.0,2601.0,0.0
10328,2025-03-02,0.0,2601.0,0.0
10329,2025-03-03,0.0,2601.0,0.0
10330,2025-03-04,0.0,2601.0,0.0
10331,2025-03-05,0.0,2601.0,0.0
10332,2025-03-06,0.0,2601.0,0.0
10333,2025-03-07,0.0,2601.0,0.0
10334,2025-03-08,0.0,2601.0,0.0
10335,2025-03-09,0.0,2601.0,0.0
10336,2025-03-10,0.0,2601.0,0.0
10337,2025-03-11,0.0,2601.0,0.0
10338,2025-03-12,0.0,2601.0,0.0
10339,2025-03-13,0.0,2601.0,0.0
10340,2025-03-14,0.0,2601.0,0.0
10341,2025-03-15,0.0,2601.0,0.0
10342,2025-03-16,0.0,2601.0,0.0
10343,2025-03-17,0.0,2601.0,0.0
10344,2025-03-18,0.0,2601.0,0.0
10345,2025-03-19,0.0,2601.0,0.0
10346,2025-03-20,0.0,2601.0,0.0
10347,2025-03-21,0.0,2601.0,0.0
10348,2025-03-22,0.0,2601.0,0.0
10349,2025-03-23,0.0,2601.0,0.0
10350,2025-03-24,0.0,2601.0,0.0
10351,2025-03-25,0.0,2601.0,0.0
10352,2025-03-26,0.0,2601.0,0.0
10353,2025-03-27,0.0,2601.0,0.0
10354,2025-03-28,0.0,2601.0,0.0
10355,2025-03-29,0.0,2601.0,0.0
10356,2025-03-30,0.0,2601.0,0.0
10357,2025-03-31,0.0,2601.0,0.0
10358,2025-04-01,0.0,2601.0,0.0
10359,2025-04-02,0.0,2601.0,0.0
10360,2025-04-03,0.0,2601.0,0.0
10361,2025-04-04,0.0,2601.0,0.0
10362,2025-04-05,0.0,2601.0,0.0
10363,2025-04-06,0.0,2601.0,0.0
10364,2025-04-07,0.0,2601.0,0.0
10365,2025-04-08,0.0,2601.0,0.0
10366,2025-04-09,0.0,2601.0,0.0
10367,2025-04-10,0.0,2601.0,0.0
10368,2025-04-11,0.0,2601.0,0.0
10369,2025-04-12,0.0,2601.0,0.0
10370,2025-04-13,0.0,2601.0,0.0
10371,2025-04-14,0.0,2601.0,0.0
10372,2025-04-15,0.0,2601.0,0.0
10373,2025-04-16,0.0,2601.0,0.0
10374,2025-04-17,0.0,2601.0,0.0
10375,2025-04-18,0.0,2601.0,0.0
10376,2025-04-19,0.0,2601.0,0.0
10377,2025-04-20,0.0,2601.0,0.0
10378,2025-04-21,0.0,2601.0,0.0
10379,2025-04-22,0.0,2601.0,0.0
10380,2025-04-23,0.0,2601.0,0.0
10381,2025-04-24,0.0,2601.0,0.0
10382,2025-04-25,0.0,2601.0,0.0
10383,2025-04-26,0.0,2601.0,0.0
10384,2025-04-27,0.0,2601.0,0.0
10385,2025-04-28,0.0,2601.0,0.0
10386,2025-04-29,0.0,2601.0,0.0
10387,2025-04-30,0.0,2601.0,0.0
10388,2025-05-01,0.0,2601.0,0.0
10389,2025-05-02,0.0,2601.0,0.0
10390,2025-05-03,0.0,2601.0,0.0
10391,2025-05-04,0.0,2601.0,0.0
10392,2025-05-05,0.0,2601.0,0.0
10393,2025-05-06,0.0,2601.0,0.0
10394,2025-05-07,0.0,2601.0,0.0
10395,2025-05-08,0.0,2601.0,0.0
10396,2025-05-09,0.0,2601.0,0.0
10397,2025-05-10,0.0,2601.0,0.0
10398,2025-05-11,0.0,2601.0,0.0
10399,2025-05-12,0.0,2601.0,0.0
10400,2025-05-13,0.0,2601.0,0.0
10401,2025-05-14,0.0,2601.0,0.0
10402,2025-05-15,0.0,2601.0,0.0
10403,2025-05-16,0.0,2601.0,0.0
10404,2025-05-17,0.0,2601.0,0.0
10405,2025-05-18,0.0,2601.0,0.0
10406,2025-05-19,0.0,2601.0,0.0
10407,2025-05-20,0.0,2601.0,0.0
10408,2025-05-21,0.0,2601.0,0.0
10409,2025-05-22,0.0,2601.0,0.0
10410,2025-05-23,0.0,2601.0,0.0
10411,2025-05-24,0.0,2601.0,0.0
10412,2025-05-25,0.0,2601.0,0.0
10413,2025-05-26,0.0,2601.0,0.0
10414,2025-05-27,0.0,2601.0,0.0
10415,2025-05-28,0.0,2601.0,0.0
10416,2025-05-29,0.0,2601.0,0.0
10417,2025-05-30,0.0,2601.0,0.0
10418,2025-05-31,0.0,2601.0,0.0
10419,2025-01-01,671.914482282168,2741.0,671.914482282168
10420,2025-01-02,637.2916773325272,2741.0,1309.2061596146953
10421,2025-01-03,605.9225066238226,2741.0,1915.1286662385178
10422,2025-01-04,2.7436366496168625,2741.0,1917.8723028881348
10423,2025-01-05,0.0,2741.0,1917.8723028881348
10424,2025-01-06,569.134785268184,2741.0,2487.007088156319
10425,2025-01-07,576.7355578819074,2741.0,3063.742646038226
10426,2025-01-08,594.2135444596707,2741.0,3657.956190497897
10427,2025-01-09,621.283463275298,2741.0,4279.239653773195
10428,2025-01-10,657.5037545471234,2741.0,4936.743408320319
10429,2025-01-11,114.90524655520781,2741.0,5051.6486548755265
10430,2025-01-12,166.65275466847135,2741.0,5218.301409543998
10431,2025-01-13,814.6114412564351,2741.0,6032.912850800432
10432,2025-01-14,880.4256323581083,2741.0,6913.338483158541
10433,2025-01-15,951.4080430011898,2741.0,7864.746526159731
10434,2025-01-16,1026.5528281888721,2741.0,8891.299354348603
10435,2025-01-17,1104.8383369241737,2741.0,9996.137691272776
10436,2025-01-18,591.6058124608086,2741.0,10587.743503733585
10437,2025-01-19,672.2653900517873,2741.0,11260.008893785372
10438,2025-01-20,1348.5651824725585,2741.0,12608.57407625793
10439,2025-01-21,1429.6671597108968,2741.0,14038.241235968828
10440,2025-01-22,1509.3279433876457,2741.0,15547.569179356473
10441,2025-01-23,1586.862253402651,2741.0,17134.431432759124
10442,2025-01-24,1661.6912339867702,2741.0,18796.122666745894
10443,2025-01-25,1133.444400349669,2741.0,19929.567067095562
10444,2025-01-26,1200.6850940788088,2741.0,21130.252161174372
10445,2025-01-27,1865.8598898536152,2741.0,22996.112051027987
10446,2025-01-28,1926.3522769223234,2741.0,24922.46432795031
10447,2025-01-29,1982.9394104336177,2741.0,26905.403738383928
10448,2025-01-30,2035.6943816603439,2741.0,28941.098120044273
10449,2025-01-31,2084.772849823843,2741.0,31025.870969868116
10450,2025-02-01,1524.2354083960156,2741.0,32550.106378264132
10451,2025-02-02,1565.7941099208754,2741.0,34115.900488185005
10452,2025-02-03,2212.4481099370605,2741.0,36328.348598122066
10453,2025-02-04,2249.525108441679,2741.0,38577.87370656375
10454,2025-02-05,2284.4276779491315,2741.0,40862.30138451288
10455,2025-02-06,2317.4911524657086,2741.0,43179.79253697859
10456,2025-02-07,2349.027959637421,2741.0,45528.820496616005
10457,2025-02-08,1766.8917534776044,2741.0,47295.71225009361
10458,2025-02-09,1795.2676098662416,2741.0,49090.97985995985
10459,2025-02-10,2437.017037111345,2741.0,51527.9968970712
10460,2025-02-11,2464.730102808259,2741.0,53992.72699987946
10461,2025-02-12,2491.783344646774,2741.0,56484.51034452623
10462,2025-02-13,2518.1736882622645,2741.0,59002.68403278849
10463,2025-02-14,2543.8386769405765,2741.0,61546.52270972907
10464,2025-02-15,1949.9778163033523,2741.0,63496.500526032425
10465,2025-02-16,1972.898689792489,2741.0,65469.39921582492
10466,2025-02-17,2615.0800517810126,2741.0,68084.47926760593
10467,2025-02-18,2636.2396021409586,2741.0,70720.71886974688
10468,2025-02-19,2655.7045911860723,2741.0,73376.42346093296
10469,2025-02-20,2673.2190544217037,2741.0,76049.64251535466
10470,2025-02-21,2688.533554991812,2741.0,78738.17607034647
10471,2025-02-22,2076.4739503822702,2741.0,80814.65002072875
10472,2025-02-23,2085.830608289018,2741.0,82900.48062901777
10473,2025-02-24,2719.124203420087,2741.0,85619.60483243785
10474,2025-02-25,2723.6717512692708,2741.0,88343.27658370712
10475,2025-02-26,2725.251119689921,2741.0,91068.52770339703
10476,2025-02-27,2723.8620456623,2741.0,93792.38974905934
10477,2025-02-28,2719.565779567078,2741.0,96511.95552862642
10478,2025-03-01,2081.2822562028687,2741.0,98593.23778482928
10479,2025-03-02,2070.7046320050913,2741.0,100663.94241683438
10480,2025-03-03,2690.751845990538,2741.0,103354.69426282491
10481,2025-03-04,2676.619349465227,2741.0,106031.31361229015
10482,2025-03-05,2660.726792701963,2741.0,108692.0404049921
10483,2025-03-06,2643.4252834482063,2741.0,111335.46568844031
10484,2025-03-07,2625.0828359853845,2741.0,113960.5485244257
10485,2025-03-08,1968.6094290295991,2741.0,115929.1579534553
10486,2025-03-09,1948.3999428992365,2741.0,117877.55789635453
10487,2025-03-10,2567.480055174276,2741.0,120445.03795152881
10488,2025-03-11,2548.5515077648733,2741.0,122993.58945929368
10489,2025-03-12,2530.235749933069,2741.0,125523.82520922675
10490,2025-03-13,2512.742729369707,2741.0,128036.56793859646
10491,2025-03-14,2496.2194309752394,2741.0,130532.7873695717
10492,2025-03-15,1837.0215166916837,2741.0,132369.80888626337
10493,2025-03-16,1821.7041342204566,2741.0,134191.51302048384
10494,2025-03-17,2452.8807331050657,2741.0,136644.3937535889
10495,2025-03-18,2440.281899236047,2741.0,139084.67565282495
10496,2025-03-19,2428.3127736262295,2741.0,141512.9884264512
10497,2025-03-20,2416.699366008496,2741.0,143929.68779245968
10498,2025-03-21,2405.113781797962,2741.0,146334.80157425764
10499,2025-03-22,1743.2031643062112,2741.0,148078.00473856385
10500,2025-03-23,1729.6358228739623,2741.0,149807.64056143782
10501,2025-03-24,2366.676855562866,2741.0,152174.31741700068
10502,2025-03-25,2351.2607022240377,2741.0,154525.57811922472
10503,2025-03-26,2333.8587039742206,2741.0,156859.43682319892
10504,2025-03-27,2314.0955918760437,2741.0,159173.53241507497
10505,2025-03-28,2291.64053961812,2741.0,161465.1729546931
10506,2025-03-29,1609.979346183646,2741.0,163075.15230087674
10507,2025-03-30,1580.499046584992,2741.0,164655.65134746174
10508,2025-03-31,2205.761250277231,2741.0,166861.41259773896
10509,2025-04-01,2170.5676688766766,2741.0,169031.98026661563
10510,2025-04-02,2132.116081988124,2741.0,171164.09634860378
10511,2025-04-03,2090.5649794562482,2741.0,173254.66132806003
10512,2025-04-04,2046.1688526934029,2741.0,175300.83018075343
10513,2025-04-05,1336.7731819452322,2741.0,176637.60336269866
10514,2025-04-06,1286.9189336999848,2741.0,177924.52229639865
10515,2025-04-07,1899.797496884916,2741.0,179824.31979328356
10516,2025-04-08,1848.2961115322223,2741.0,181672.6159048158
10517,2025-04-09,1796.432686760631,2741.0,183469.0485915764
10518,2025-04-10,1744.8629297953837,2741.0,185213.9115213718
10519,2025-04-11,1694.2583438205031,2741.0,186908.1698651923
10520,2025-04-12,976.5267396034731,2741.0,187884.69660479575
10521,2025-04-13,928.9435728411693,2741.0,188813.64017763693
10522,2025-04-14,1554.7995097202947,2741.0,190368.43968735723
10523,2025-04-15,1514.4405775283872,2741.0,191882.8802648856
10524,2025-04-16,1478.0000299722026,2741.0,193360.8802948578
10525,2025-04-17,1437.4302891261066,2741.0,194798.31058398393
10526,2025-04-18,1409.9692329728655,2741.0,196208.27981695678
10527,2025-04-19,720.5800374947447,2741.0,196928.85985445153
10528,2025-04-20,693.9083454080535,2741.0,197622.7681998596
10529,2025-04-21,1356.4761379094125,2741.0,198979.244337769
10530,2025-04-22,1356.2954003697184,2741.0,200335.53973813873
10531,2025-04-23,1352.334935039593,2741.0,201687.8746731783
10532,2025-04-24,1352.4374444030973,2741.0,203040.3121175814
10533,2025-04-25,1356.1635091945586,2741.0,204396.47562677597
10534,2025-04-26,681.723016766891,2741.0,205078.19864354286
10535,2025-04-27,690.2203639995731,2741.0,205768.41900754243
10536,2025-04-28,1383.7426858332,2741.0,207152.16169337564
10537,2025-04-29,1396.438204024663,2741.0,208548.5998974003
10538,2025-04-30,1409.8826020986728,2741.0,209958.48249949896
10539,2025-05-01,1415.6499809364393,2741.0,211374.13248043542
10540,2025-05-02,1436.795265730616,2741.0,212810.92774616604
10541,2025-05-03,761.7596860017449,2741.0,213572.68743216776
10542,2025-05-04,772.2284150899941,2741.0,214344.91584725777
10543,2025-05-05,1470.6285991227583,2741.0,215815.54444638052
10544,2025-05-06,1479.0557233654936,2741.0,217294.600169746
10545,2025-05-07,1485.9247989276782,2741.0,218780.5249686737
10546,2025-05-08,1491.3420428810532,2741.0,220271.86701155474
10547,2025-05-09,1495.5387388138063,2741.0,221767.40575036855
10548,2025-05-10,805.0663542739331,2741.0,222572.47210464248
10549,2025-05-11,807.0926076722761,2741.0,223379.56471231475
10550,2025-05-12,1504.85961290669,2741.0,224884.42432522145
10551,2025-05-13,1508.7240199996784,2741.0,226393.14834522113
10552,2025-05-14,1514.0781425898165,2741.0,227907.22648781096
10553,2025-05-15,1521.6553167359623,2741.0,229428.88180454692
10554,2025-05-16,1532.198034664065,2741.0,230961.079839211
10555,2025-05-17,838.1197947602158,2741.0,231799.19963397118
10556,2025-05-18,864.0761793899125,2741.0,232663.2758133611
10557,2025-05-19,1588.5998637082614,2741.0,234251.87567706936
10558,2025-05-20,1617.6412727489123,2741.0,235869.51694981827
10559,2025-05-21,1652.5290593700947,2741.0,237522.04600918837
10560,2025-05-22,1693.4891298703205,2741.0,239215.5351390587
10561,2025-05-23,1740.5797963082737,2741.0,240956.11493536696
10562,2025-05-24,1087.357983797495,2741.0,242043.47291916446
10563,2025-05-25,1145.252713097207,2741.0,243188.72563226166
10564,2025-05-26,1916.4353631837416,2741.0,245105.16099544542
10565,2025-05-27,1984.8785789653443,2741.0,247090.03957441077
10566,2025-05-28,2056.902550712753,2741.0,249146.94212512352
10567,2025-05-29,2122.539333592885,2741.0,251269.4814587164
10568,2025-05-30,2207.2655649250723,2741.0,253476.74702364145
10569,2025-05-31,1570.4463426682028,2741.0,255047.19336630966
10570,2025-01-01,0.0,2761.0,0.0
10571,2025-01-02,0.0,2761.0,0.0
10572,2025-01-03,0.0,2761.0,0.0
10573,2025-01-04,0.0,2761.0,0.0
10574,2025-01-05,0.0,2761.0,0.0
10575,2025-01-06,0.0,2761.0,0.0
10576,2025-01-07,0.0,2761.0,0.0
10577,2025-01-08,0.0,2761.0,0.0
10578,2025-01-09,0.0,2761.0,0.0
10579,2025-01-10,0.0,2761.0,0.0
10580,2025-01-11,0.0,2761.0,0.0
10581,2025-01-12,0.0,2761.0,0.0
10582,2025-01-13,0.0,2761.0,0.0
10583,2025-01-14,0.0,2761.0,0.0
10584,2025-01-15,0.0,2761.0,0.0
10585,2025-01-16,0.0,2761.0,0.0
10586,2025-01-17,0.0,2761.0,0.0
10587,2025-01-18,0.0,2761.0,0.0
10588,2025-01-19,0.0,2761.0,0.0
10589,2025-01-20,0.0,2761.0,0.0
10590,2025-01-21,0.0,2761.0,0.0
10591,2025-01-22,0.0,2761.0,0.0
10592,2025-01-23,0.0,2761.0,0.0
10593,2025-01-24,0.0,2761.0,0.0
10594,2025-01-25,0.0,2761.0,0.0
10595,2025-01-26,0.0,2761.0,0.0
10596,2025-01-27,0.0,2761.0,0.0
10597,2025-01-28,0.0,2761.0,0.0
10598,2025-01-29,0.0,2761.0,0.0
10599,2025-01-30,0.0,2761.0,0.0
10600,2025-01-31,0.0,2761.0,0.0
10601,2025-02-01,0.0,2761.0,0.0
10602,2025-02-02,0.0,2761.0,0.0
10603,2025-02-03,0.0,2761.0,0.0
10604,2025-02-04,0.0,2761.0,0.0
10605,2025-02-05,0.0,2761.0,0.0
10606,2025-02-06,0.0,2761.0,0.0
10607,2025-02-07,0.0,2761.0,0.0
10608,2025-02-08,0.0,2761.0,0.0
10609,2025-02-09,0.0,2761.0,0.0
10610,2025-02-10,0.0,2761.0,0.0
10611,2025-02-11,0.0,2761.0,0.0
10612,2025-02-12,0.0,2761.0,0.0
10613,2025-02-13,0.0,2761.0,0.0
10614,2025-02-14,0.0,2761.0,0.0
10615,2025-02-15,0.0,2761.0,0.0
10616,2025-02-16,0.0,2761.0,0.0
10617,2025-02-17,0.0,2761.0,0.0
10618,2025-02-18,0.0,2761.0,0.0
10619,2025-02-19,0.0,2761.0,0.0
10620,2025-02-20,0.0,2761.0,0.0
10621,2025-02-21,0.0,2761.0,0.0
10622,2025-02-22,0.0,2761.0,0.0
10623,2025-02-23,0.0,2761.0,0.0
10624,2025-02-24,0.0,2761.0,0.0
10625,2025-02-25,0.0,2761.0,0.0
10626,2025-02-26,0.0,2761.0,0.0
10627,2025-02-27,0.0,2761.0,0.0
10628,2025-02-28,0.0,2761.0,0.0
10629,2025-03-01,0.0,2761.0,0.0
10630,2025-03-02,0.0,2761.0,0.0
10631,2025-03-03,0.0,2761.0,0.0
10632,2025-03-04,0.0,2761.0,0.0
10633,2025-03-05,0.0,2761.0,0.0
10634,2025-03-06,0.0,2761.0,0.0
10635,2025-03-07,0.0,2761.0,0.0
10636,2025-03-08,0.0,2761.0,0.0
10637,2025-03-09,0.0,2761.0,0.0
10638,2025-03-10,0.0,2761.0,0.0
10639,2025-03-11,0.0,2761.0,0.0
10640,2025-03-12,0.0,2761.0,0.0
10641,2025-03-13,0.0,2761.0,0.0
10642,2025-03-14,0.0,2761.0,0.0
10643,2025-03-15,0.0,2761.0,0.0
10644,2025-03-16,0.0,2761.0,0.0
10645,2025-03-17,0.0,2761.0,0.0
10646,2025-03-18,0.0,2761.0,0.0
10647,2025-03-19,0.0,2761.0,0.0
10648,2025-03-20,0.0,2761.0,0.0
10649,2025-03-21,0.0,2761.0,0.0
10650,2025-03-22,0.0,2761.0,0.0
10651,2025-03-23,0.0,2761.0,0.0
10652,2025-03-24,0.0,2761.0,0.0
10653,2025-03-25,0.0,2761.0,0.0
10654,2025-03-26,0.0,2761.0,0.0
10655,2025-03-27,0.0,2761.0,0.0
10656,2025-03-28,0.0,2761.0,0.0
10657,2025-03-29,0.0,2761.0,0.0
10658,2025-03-30,0.0,2761.0,0.0
10659,2025-03-31,0.0,2761.0,0.0
10660,2025-04-01,0.0,2761.0,0.0
10661,2025-04-02,0.0,2761.0,0.0
10662,2025-04-03,0.0,2761.0,0.0
10663,2025-04-04,0.0,2761.0,0.0
10664,2025-04-05,0.0,2761.0,0.0
10665,2025-04-06,0.0,2761.0,0.0
10666,2025-04-07,0.0,2761.0,0.0
10667,2025-04-08,0.0,2761.0,0.0
10668,2025-04-09,0.0,2761.0,0.0
10669,2025-04-10,0.0,2761.0,0.0
10670,2025-04-11,0.0,2761.0,0.0
10671,2025-04-12,0.0,2761.0,0.0
10672,2025-04-13,0.0,2761.0,0.0
10673,2025-04-14,0.0,2761.0,0.0
10674,2025-04-15,0.0,2761.0,0.0
10675,2025-04-16,0.0,2761.0,0.0
10676,2025-04-17,0.0,2761.0,0.0
10677,2025-04-18,0.0,2761.0,0.0
10678,2025-04-19,0.0,2761.0,0.0
10679,2025-04-20,0.0,2761.0,0.0
10680,2025-04-21,0.0,2761.0,0.0
10681,2025-04-22,0.0,2761.0,0.0
10682,2025-04-23,0.0,2761.0,0.0
10683,2025-04-24,0.0,2761.0,0.0
10684,2025-04-25,0.0,2761.0,0.0
10685,2025-04-26,0.0,2761.0,0.0
10686,2025-04-27,0.0,2761.0,0.0
10687,2025-04-28,0.0,2761.0,0.0
10688,2025-04-29,0.0,2761.0,0.0
10689,2025-04-30,0.0,2761.0,0.0
10690,2025-05-01,0.0,2761.0,0.0
10691,2025-05-02,0.0,2761.0,0.0
10692,2025-05-03,0.0,2761.0,0.0
10693,2025-05-04,0.0,2761.0,0.0
10694,2025-05-05,0.0,2761.0,0.0
10695,2025-05-06,0.0,2761.0,0.0
10696,2025-05-07,0.0,2761.0,0.0
10697,2025-05-08,0.0,2761.0,0.0
10698,2025-05-09,0.0,2761.0,0.0
10699,2025-05-10,0.0,2761.0,0.0
10700,2025-05-11,0.0,2761.0,0.0
10701,2025-05-12,0.0,2761.0,0.0
10702,2025-05-13,0.0,2761.0,0.0
10703,2025-05-14,0.0,2761.0,0.0
10704,2025-05-15,0.0,2761.0,0.0
10705,2025-05-16,0.0,2761.0,0.0
10706,2025-05-17,0.0,2761.0,0.0
10707,2025-05-18,0.0,2761.0,0.0
10708,2025-05-19,0.0,2761.0,0.0
10709,2025-05-20,0.0,2761.0,0.0
10710,2025-05-21,0.0,2761.0,0.0
10711,2025-05-22,0.0,2761.0,0.0
10712,2025-05-23,0.0,2761.0,0.0
10713,2025-05-24,0.0,2761.0,0.0
10714,2025-05-25,0.0,2761.0,0.0
10715,2025-05-26,0.0,2761.0,0.0
10716,2025-05-27,0.0,2761.0,0.0
10717,2025-05-28,0.0,2761.0,0.0
10718,2025-05-29,0.0,2761.0,0.0
10719,2025-05-30,0.0,2761.0,0.0
10720,2025-05-31,0.0,2761.0,0.0
10721,2025-01-01,0.0,2981.0,0.0
10722,2025-01-02,0.0,2981.0,0.0
10723,2025-01-03,0.0,2981.0,0.0
10724,2025-01-04,0.0,2981.0,0.0
10725,2025-01-05,0.0,2981.0,0.0
10726,2025-01-06,0.0,2981.0,0.0
10727,2025-01-07,0.0,2981.0,0.0
10728,2025-01-08,0.0,2981.0,0.0
10729,2025-01-09,0.0,2981.0,0.0
10730,2025-01-10,0.0,2981.0,0.0
10731,2025-01-11,0.0,2981.0,0.0
10732,2025-01-12,0.0,2981.0,0.0
10733,2025-01-13,0.0,2981.0,0.0
10734,2025-01-14,0.0,2981.0,0.0
10735,2025-01-15,0.0,2981.0,0.0
10736,2025-01-16,0.0,2981.0,0.0
10737,2025-01-17,0.0,2981.0,0.0
10738,2025-01-18,0.0,2981.0,0.0
10739,2025-01-19,0.0,2981.0,0.0
10740,2025-01-20,0.0,2981.0,0.0
10741,2025-01-21,0.0,2981.0,0.0
10742,2025-01-22,0.0,2981.0,0.0
10743,2025-01-23,0.0,2981.0,0.0
10744,2025-01-24,0.0,2981.0,0.0
10745,2025-01-25,0.0,2981.0,0.0
10746,2025-01-26,0.0,2981.0,0.0
10747,2025-01-27,0.0,2981.0,0.0
10748,2025-01-28,0.0,2981.0,0.0
10749,2025-01-29,0.0,2981.0,0.0
10750,2025-01-30,0.0,2981.0,0.0
10751,2025-01-31,0.0,2981.0,0.0
10752,2025-02-01,0.0,2981.0,0.0
10753,2025-02-02,0.0,2981.0,0.0
10754,2025-02-03,0.0,2981.0,0.0
10755,2025-02-04,0.0,2981.0,0.0
10756,2025-02-05,0.0,2981.0,0.0
10757,2025-02-06,0.0,2981.0,0.0
10758,2025-02-07,0.0,2981.0,0.0
10759,2025-02-08,0.0,2981.0,0.0
10760,2025-02-09,0.0,2981.0,0.0
10761,2025-02-10,0.0,2981.0,0.0
10762,2025-02-11,0.0,2981.0,0.0
10763,2025-02-12,0.0,2981.0,0.0
10764,2025-02-13,0.0,2981.0,0.0
10765,2025-02-14,0.0,2981.0,0.0
10766,2025-02-15,0.0,2981.0,0.0
10767,2025-02-16,0.0,2981.0,0.0
10768,2025-02-17,0.0,2981.0,0.0
10769,2025-02-18,0.0,2981.0,0.0
10770,2025-02-19,0.0,2981.0,0.0
10771,2025-02-20,0.0,2981.0,0.0
10772,2025-02-21,0.0,2981.0,0.0
10773,2025-02-22,0.0,2981.0,0.0
10774,2025-02-23,0.0,2981.0,0.0
10775,2025-02-24,0.0,2981.0,0.0
10776,2025-02-25,0.0,2981.0,0.0
10777,2025-02-26,0.0,2981.0,0.0
10778,2025-02-27,0.0,2981.0,0.0
10779,2025-02-28,0.0,2981.0,0.0
10780,2025-03-01,0.0,2981.0,0.0
10781,2025-03-02,0.0,2981.0,0.0
10782,2025-03-03,0.0,2981.0,0.0
10783,2025-03-04,0.0,2981.0,0.0
10784,2025-03-05,0.0,2981.0,0.0
10785,2025-03-06,0.0,2981.0,0.0
10786,2025-03-07,0.0,2981.0,0.0
10787,2025-03-08,0.0,2981.0,0.0
10788,2025-03-09,0.0,2981.0,0.0
10789,2025-03-10,0.0,2981.0,0.0
10790,2025-03-11,0.0,2981.0,0.0
10791,2025-03-12,0.0,2981.0,0.0
10792,2025-03-13,0.0,2981.0,0.0
10793,2025-03-14,0.0,2981.0,0.0
10794,2025-03-15,0.0,2981.0,0.0
10795,2025-03-16,0.0,2981.0,0.0
10796,2025-03-17,0.0,2981.0,0.0
10797,2025-03-18,0.0,2981.0,0.0
10798,2025-03-19,0.0,2981.0,0.0
10799,2025-03-20,0.0,2981.0,0.0
10800,2025-03-21,0.0,2981.0,0.0
10801,2025-03-22,0.0,2981.0,0.0
10802,2025-03-23,0.0,2981.0,0.0
10803,2025-03-24,0.0,2981.0,0.0
10804,2025-03-25,0.0,2981.0,0.0
10805,2025-03-26,0.0,2981.0,0.0
10806,2025-03-27,0.0,2981.0,0.0
10807,2025-03-28,0.0,2981.0,0.0
10808,2025-03-29,0.0,2981.0,0.0
10809,2025-03-30,0.0,2981.0,0.0
10810,2025-03-31,0.0,2981.0,0.0
10811,2025-04-01,0.0,2981.0,0.0
10812,2025-04-02,0.0,2981.0,0.0
10813,2025-04-03,0.0,2981.0,0.0
10814,2025-04-04,0.0,2981.0,0.0
10815,2025-04-05,0.0,2981.0,0.0
10816,2025-04-06,0.0,2981.0,0.0
10817,2025-04-07,0.0,2981.0,0.0
10818,2025-04-08,0.0,2981.0,0.0
10819,2025-04-09,0.0,2981.0,0.0
10820,2025-04-10,0.0,2981.0,0.0
10821,2025-04-11,0.0,2981.0,0.0
10822,2025-04-12,0.0,2981.0,0.0
10823,2025-04-13,0.0,2981.0,0.0
10824,2025-04-14,0.0,2981.0,0.0
10825,2025-04-15,0.0,2981.0,0.0
10826,2025-04-16,0.0,2981.0,0.0
10827,2025-04-17,0.0,2981.0,0.0
10828,2025-04-18,0.0,2981.0,0.0
10829,2025-04-19,0.0,2981.0,0.0
10830,2025-04-20,0.0,2981.0,0.0
10831,2025-04-21,0.0,2981.0,0.0
10832,2025-04-22,0.0,2981.0,0.0
10833,2025-04-23,0.0,2981.0,0.0
10834,2025-04-24,0.0,2981.0,0.0
10835,2025-04-25,0.0,2981.0,0.0
10836,2025-04-26,0.0,2981.0,0.0
10837,2025-04-27,0.0,2981.0,0.0
10838,2025-04-28,0.0,2981.0,0.0
10839,2025-04-29,0.0,2981.0,0.0
10840,2025-04-30,0.0,2981.0,0.0
10841,2025-05-01,0.0,2981.0,0.0
10842,2025-05-02,0.0,2981.0,0.0
10843,2025-05-03,0.0,2981.0,0.0
10844,2025-05-04,0.0,2981.0,0.0
10845,2025-05-05,0.0,2981.0,0.0
10846,2025-05-06,0.0,2981.0,0.0
10847,2025-05-07,0.0,2981.0,0.0
10848,2025-05-08,0.0,2981.0,0.0
10849,2025-05-09,0.0,2981.0,0.0
10850,2025-05-10,0.0,2981.0,0.0
10851,2025-05-11,0.0,2981.0,0.0
10852,2025-05-12,0.0,2981.0,0.0
10853,2025-05-13,0.0,2981.0,0.0
10854,2025-05-14,0.0,2981.0,0.0
10855,2025-05-15,0.0,2981.0,0.0
10856,2025-05-16,0.0,2981.0,0.0
10857,2025-05-17,0.0,2981.0,0.0
10858,2025-05-18,0.0,2981.0,0.0
10859,2025-05-19,0.0,2981.0,0.0
10860,2025-05-20,0.0,2981.0,0.0
10861,2025-05-21,0.0,2981.0,0.0
10862,2025-05-22,0.0,2981.0,0.0
10863,2025-05-23,0.0,2981.0,0.0
10864,2025-05-24,0.0,2981.0,0.0
10865,2025-05-25,0.0,2981.0,0.0
10866,2025-05-26,0.0,2981.0,0.0
10867,2025-05-27,0.0,2981.0,0.0
10868,2025-05-28,0.0,2981.0,0.0
10869,2025-05-29,0.0,2981.0,0.0
10870,2025-05-30,0.0,2981.0,0.0
10871,2025-05-31,0.0,2981.0,0.0
10872,2025-01-01,0.0,3005.0,0.0
10873,2025-01-02,0.0,3005.0,0.0
10874,2025-01-03,0.0,3005.0,0.0
10875,2025-01-04,0.0,3005.0,0.0
10876,2025-01-05,0.0,3005.0,0.0
10877,2025-01-06,0.0,3005.0,0.0
10878,2025-01-07,0.0,3005.0,0.0
10879,2025-01-08,0.0,3005.0,0.0
10880,2025-01-09,0.0,3005.0,0.0
10881,2025-01-10,0.0,3005.0,0.0
10882,2025-01-11,0.0,3005.0,0.0
10883,2025-01-12,0.0,3005.0,0.0
10884,2025-01-13,0.0,3005.0,0.0
10885,2025-01-14,0.0,3005.0,0.0
10886,2025-01-15,0.0,3005.0,0.0
10887,2025-01-16,0.0,3005.0,0.0
10888,2025-01-17,0.0,3005.0,0.0
10889,2025-01-18,0.0,3005.0,0.0
10890,2025-01-19,0.0,3005.0,0.0
10891,2025-01-20,0.0,3005.0,0.0
10892,2025-01-21,0.0,3005.0,0.0
10893,2025-01-22,0.0,3005.0,0.0
10894,2025-01-23,0.0,3005.0,0.0
10895,2025-01-24,0.0,3005.0,0.0
10896,2025-01-25,0.0,3005.0,0.0
10897,2025-01-26,0.0,3005.0,0.0
10898,2025-01-27,0.0,3005.0,0.0
10899,2025-01-28,0.0,3005.0,0.0
10900,2025-01-29,0.0,3005.0,0.0
10901,2025-01-30,0.0,3005.0,0.0
10902,2025-01-31,0.0,3005.0,0.0
10903,2025-02-01,0.0,3005.0,0.0
10904,2025-02-02,0.0,3005.0,0.0
10905,2025-02-03,0.0,3005.0,0.0
10906,2025-02-04,0.0,3005.0,0.0
10907,2025-02-05,0.0,3005.0,0.0
10908,2025-02-06,0.0,3005.0,0.0
10909,2025-02-07,0.0,3005.0,0.0
10910,2025-02-08,0.0,3005.0,0.0
10911,2025-02-09,0.0,3005.0,0.0
10912,2025-02-10,0.0,3005.0,0.0
10913,2025-02-11,0.0,3005.0,0.0
10914,2025-02-12,0.0,3005.0,0.0
10915,2025-02-13,0.0,3005.0,0.0
10916,2025-02-14,0.0,3005.0,0.0
10917,2025-02-15,0.0,3005.0,0.0
10918,2025-02-16,0.0,3005.0,0.0
10919,2025-02-17,0.0,3005.0,0.0
10920,2025-02-18,0.0,3005.0,0.0
10921,2025-02-19,0.0,3005.0,0.0
10922,2025-02-20,0.0,3005.0,0.0
10923,2025-02-21,0.0,3005.0,0.0
10924,2025-02-22,0.0,3005.0,0.0
10925,2025-02-23,0.0,3005.0,0.0
10926,2025-02-24,0.0,3005.0,0.0
10927,2025-02-25,0.0,3005.0,0.0
10928,2025-02-26,0.0,3005.0,0.0
10929,2025-02-27,0.0,3005.0,0.0
10930,2025-02-28,0.0,3005.0,0.0
10931,2025-03-01,0.0,3005.0,0.0
10932,2025-03-02,0.0,3005.0,0.0
10933,2025-03-03,0.0,3005.0,0.0
10934,2025-03-04,0.0,3005.0,0.0
10935,2025-03-05,0.0,3005.0,0.0
10936,2025-03-06,0.0,3005.0,0.0
10937,2025-03-07,0.0,3005.0,0.0
10938,2025-03-08,0.0,3005.0,0.0
10939,2025-03-09,0.0,3005.0,0.0
10940,2025-03-10,0.0,3005.0,0.0
10941,2025-03-11,0.0,3005.0,0.0
10942,2025-03-12,0.0,3005.0,0.0
10943,2025-03-13,0.0,3005.0,0.0
10944,2025-03-14,0.0,3005.0,0.0
10945,2025-03-15,0.0,3005.0,0.0
10946,2025-03-16,0.0,3005.0,0.0
10947,2025-03-17,0.0,3005.0,0.0
10948,2025-03-18,0.0,3005.0,0.0
10949,2025-03-19,0.0,3005.0,0.0
10950,2025-03-20,0.0,3005.0,0.0
10951,2025-03-21,0.0,3005.0,0.0
10952,2025-03-22,0.0,3005.0,0.0
10953,2025-03-23,0.0,3005.0,0.0
10954,2025-03-24,0.0,3005.0,0.0
10955,2025-03-25,0.0,3005.0,0.0
10956,2025-03-26,0.0,3005.0,0.0
10957,2025-03-27,0.0,3005.0,0.0
10958,2025-03-28,0.0,3005.0,0.0
10959,2025-03-29,0.0,3005.0,0.0
10960,2025-03-30,0.0,3005.0,0.0
10961,2025-03-31,0.0,3005.0,0.0
10962,2025-04-01,0.0,3005.0,0.0
10963,2025-04-02,0.0,3005.0,0.0
10964,2025-04-03,0.0,3005.0,0.0
10965,2025-04-04,0.0,3005.0,0.0
10966,2025-04-05,0.0,3005.0,0.0
10967,2025-04-06,0.0,3005.0,0.0
10968,2025-04-07,0.0,3005.0,0.0
10969,2025-04-08,0.0,3005.0,0.0
10970,2025-04-09,0.0,3005.0,0.0
10971,2025-04-10,0.0,3005.0,0.0
10972,2025-04-11,0.0,3005.0,0.0
10973,2025-04-12,0.0,3005.0,0.0
10974,2025-04-13,0.0,3005.0,0.0
10975,2025-04-14,0.0,3005.0,0.0
10976,2025-04-15,0.0,3005.0,0.0
10977,2025-04-16,0.0,3005.0,0.0
10978,2025-04-17,0.0,3005.0,0.0
10979,2025-04-18,0.0,3005.0,0.0
10980,2025-04-19,0.0,3005.0,0.0
10981,2025-04-20,0.0,3005.0,0.0
10982,2025-04-21,0.0,3005.0,0.0
10983,2025-04-22,0.0,3005.0,0.0
10984,2025-04-23,0.0,3005.0,0.0
10985,2025-04-24,0.0,3005.0,0.0
10986,2025-04-25,0.0,3005.0,0.0
10987,2025-04-26,0.0,3005.0,0.0
10988,2025-04-27,0.0,3005.0,0.0
10989,2025-04-28,0.0,3005.0,0.0
10990,2025-04-29,0.0,3005.0,0.0
10991,2025-04-30,0.0,3005.0,0.0
10992,2025-05-01,0.0,3005.0,0.0
10993,2025-05-02,0.0,3005.0,0.0
10994,2025-05-03,0.0,3005.0,0.0
10995,2025-05-04,0.0,3005.0,0.0
10996,2025-05-05,0.0,3005.0,0.0
10997,2025-05-06,0.0,3005.0,0.0
10998,2025-05-07,0.0,3005.0,0.0
10999,2025-05-08,0.0,3005.0,0.0
11000,2025-05-09,0.0,3005.0,0.0
11001,2025-05-10,0.0,3005.0,0.0
11002,2025-05-11,0.0,3005.0,0.0
11003,2025-05-12,0.0,3005.0,0.0
11004,2025-05-13,0.0,3005.0,0.0
11005,2025-05-14,0.0,3005.0,0.0
11006,2025-05-15,0.0,3005.0,0.0
11007,2025-05-16,0.0,3005.0,0.0
11008,2025-05-17,0.0,3005.0,0.0
11009,2025-05-18,0.0,3005.0,0.0
11010,2025-05-19,0.0,3005.0,0.0
11011,2025-05-20,0.0,3005.0,0.0
11012,2025-05-21,0.0,3005.0,0.0
11013,2025-05-22,0.0,3005.0,0.0
11014,2025-05-23,0.0,3005.0,0.0
11015,2025-05-24,0.0,3005.0,0.0
11016,2025-05-25,0.0,3005.0,0.0
11017,2025-05-26,0.0,3005.0,0.0
11018,2025-05-27,0.0,3005.0,0.0
11019,2025-05-28,0.0,3005.0,0.0
11020,2025-05-29,0.0,3005.0,0.0
11021,2025-05-30,0.0,3005.0,0.0
11022,2025-05-31,0.0,3005.0,0.0
11023,2025-01-01,7236.825401013735,3123.0,7236.825401013735
11024,2025-01-02,7463.079694235685,3123.0,14699.90509524942
11025,2025-01-03,7584.986417091667,3123.0,22284.891512341088
11026,2025-01-04,1131.8754480444597,3123.0,23416.766960385547
11027,2025-01-05,1186.809373550908,3123.0,24603.576333936457
11028,2025-01-06,7762.153879994339,3123.0,32365.730213930794
11029,2025-01-07,7759.4912575768385,3123.0,40125.22147150763
11030,2025-01-08,7729.025903134249,3123.0,47854.247374641884
11031,2025-01-09,7673.951980562382,3123.0,55528.19935520426
11032,2025-01-10,7598.236264903562,3123.0,63126.435620107826
11033,2025-01-11,934.5736550534314,3123.0,64061.00927516126
11034,2025-01-12,827.9265595078617,3123.0,64888.93583466912
11035,2025-01-13,7295.796230857672,3123.0,72184.7320655268
11036,2025-01-14,7188.005083151728,3123.0,79372.73714867851
11037,2025-01-15,7086.197038376968,3123.0,86458.93418705549
11038,2025-01-16,6995.961323718716,3123.0,93454.89551077421
11039,2025-01-17,6922.602084761974,3123.0,100377.49759553617
11040,2025-01-18,271.0287632135472,3123.0,100648.52635874972
11041,2025-01-19,241.46250919136557,3123.0,100889.9888679411
11042,2025-01-20,6849.5388644811055,3123.0,107739.5277324222
11043,2025-01-21,6886.15192943248,3123.0,114625.67966185468
11044,2025-01-22,6957.24509195111,3123.0,121582.92475380578
11045,2025-01-23,7063.883685922304,3123.0,128646.80843972809
11046,2025-01-24,7206.196085336237,3123.0,135853.00452506432
11047,2025-01-25,755.3707091189012,3123.0,136608.37523418322
11048,2025-01-26,961.6837292541841,3123.0,137570.05896343742
11049,2025-01-27,7834.565852162985,3123.0,145404.6248156004
11050,2025-01-28,8102.6161601372605,3123.0,153507.24097573766
11051,2025-01-29,8393.763430610354,3123.0,161901.00440634802
11052,2025-01-30,8703.338333835802,3123.0,170604.3427401838
11053,2025-01-31,9026.20607087082,3123.0,179630.54881105464
11054,2025-02-01,2700.8592183989927,3123.0,182331.40802945363
11055,2025-02-02,3029.725711067903,3123.0,185361.13374052153
11056,2025-02-03,10019.129907072751,3123.0,195380.26364759429
11057,2025-02-04,10339.379720295956,3123.0,205719.64336789024
11058,2025-02-05,10645.178511020433,3123.0,216364.82187891068
11059,2025-02-06,10931.556729075997,3123.0,227296.37860798667
11060,2025-02-07,11194.040008606888,3123.0,238490.41861659355
11061,2025-02-08,4744.670257884652,3123.0,243235.0888744782
11062,2025-02-09,4944.4195741387775,3123.0,248179.50844861698
11063,2025-02-10,11802.86940714522,3123.0,259982.3778557622
11064,2025-02-11,11938.197856943936,3123.0,271920.57571270614
11065,2025-02-12,12037.676844051975,3123.0,283958.2525567581
11066,2025-02-13,12101.310245947423,3123.0,296059.5628027055
11067,2025-02-14,12129.900953819066,3123.0,308189.4637565246
11068,2025-02-15,5412.883786594336,3123.0,313602.3475431189
11069,2025-02-16,5372.752010371823,3123.0,318975.09955349076
11070,2025-02-17,12024.386706737876,3123.0,330999.4862602286
11071,2025-02-18,11934.903382148077,3123.0,342934.3896423767
11072,2025-02-19,11824.22143217466,3123.0,354758.61107455136
11073,2025-02-20,11696.423691369348,3123.0,366455.0347659207
11074,2025-02-21,11555.764528227992,3123.0,378010.7992941487
11075,2025-02-22,4666.382308301064,3123.0,382677.1816024498
11076,2025-02-23,4508.829674990317,3123.0,387186.01127744006
11077,2025-02-24,11099.164854059327,3123.0,398285.1761314994
11078,2025-02-25,10948.786469455581,3123.0,409233.962600955
11079,2025-02-26,10805.217495485935,3123.0,420039.18009644095
11080,2025-02-27,10671.3375091031,3123.0,430710.517605544
11081,2025-02-28,10549.487785826668,3123.0,441260.0053913707
11082,2025-03-01,3673.2194364592065,3123.0,444933.2248278299
11083,2025-03-02,3576.079262123501,3123.0,448509.3040899534
11084,2025-03-03,10270.606187891828,3123.0,458779.9102778452
11085,2025-03-04,10208.284836101848,3123.0,468988.1951139471
11086,2025-03-05,10160.658251918341,3123.0,479148.8533658654
11087,2025-03-06,10126.527752589078,3123.0,489275.3811184545
11088,2025-03-07,10104.227985787604,3123.0,499379.6091042421
11089,2025-03-08,3295.459877308161,3123.0,502675.0689815503
11090,2025-03-09,3286.3561824269214,3123.0,505961.4251639772
11091,2025-03-10,10086.381692701287,3123.0,516047.80685667845
11092,2025-03-11,10088.379006056704,3123.0,526136.1858627351
11093,2025-03-12,10089.959256160515,3123.0,536226.1451188957
11094,2025-03-13,10088.596264894153,3123.0,546314.7413837898
11095,2025-03-14,10081.978065463147,3123.0,556396.7194492529
11096,2025-03-15,3243.813844376798,3123.0,559640.5332936298
11097,2025-03-16,3217.054416383575,3123.0,562857.5877100134
11098,2025-03-17,10012.561217249053,3123.0,572870.1489272624
11099,2025-03-18,9969.103079458979,3123.0,582839.2520067215
11100,2025-03-19,9914.881733359754,3123.0,592754.1337400811
11101,2025-03-20,9850.379185281787,3123.0,602604.5129253629
11102,2025-03-21,9776.650890017938,3123.0,612381.1638153809
11103,2025-03-22,2842.9820369242757,3123.0,615224.1458523051
11104,2025-03-23,2752.1520517951026,3123.0,617976.2979041003
11105,2025-03-24,9518.77840541356,3123.0,627495.0763095138
11106,2025-03-25,9429.190020746619,3123.0,636924.2663302604
11107,2025-03-26,9343.034860851983,3123.0,646267.3011911124
11108,2025-03-27,9263.85099721127,3123.0,655531.1521883237
11109,2025-03-28,9195.295835443147,3123.0,664726.4480237669
11110,2025-03-29,2260.6701893150143,3123.0,666987.1182130818
11111,2025-03-30,2220.2687057835947,3123.0,669207.3869188655
11112,2025-03-31,9089.46258306353,3123.0,678296.849501929
11113,2025-04-01,9098.534017645143,3123.0,687395.3835195741
11114,2025-04-02,9134.468147905567,3123.0,696529.8516674797
11115,2025-04-03,9199.364989933474,3123.0,705729.2166574132
11116,2025-04-04,9294.733437937635,3123.0,715023.9500953507
11117,2025-04-05,2513.0197131327764,3123.0,717536.9698084836
11118,2025-04-06,2667.184276976119,3123.0,720204.1540854597
11119,2025-04-07,9768.664016406005,3123.0,729972.8181018657
11120,2025-04-08,9987.304310330399,3123.0,739960.1224121961
11121,2025-04-09,10233.464086465156,3123.0,750193.5864986612
11122,2025-04-10,10504.385949534726,3123.0,760697.972448196
11123,2025-04-11,10796.657571723363,3123.0,771494.6300199194
11124,2025-04-12,4169.8295687104055,3123.0,775664.4595886298
11125,2025-04-13,4488.28403725786,3123.0,780152.7436258876
11126,2025-04-14,11759.119637777076,3123.0,791911.8632636647
11127,2025-04-15,12092.201823966732,3123.0,804004.0650876315
11128,2025-04-16,12422.578127828107,3123.0,816426.6432154595
11129,2025-04-17,12609.769921853114,3123.0,829036.4131373126
11130,2025-04-18,12917.083247542712,3123.0,841953.4963848554
11131,2025-04-19,6378.7472583911385,3123.0,848332.2436432465
11132,2025-04-20,6554.065013935331,3123.0,854886.3086571818
11133,2025-04-21,13935.938433997822,3123.0,868822.2470911796
11134,2025-04-22,14053.209839986757,3123.0,882875.4569311664
11135,2025-04-23,14223.659529524573,3123.0,897099.116460691
11136,2025-04-24,14356.091994557753,3123.0,911455.2084552487
11137,2025-04-25,14448.676872830536,3123.0,925903.8853280792
11138,2025-04-26,7507.87098294744,3123.0,933411.7563110268
11139,2025-04-27,7514.554777954326,3123.0,940926.311088981
11140,2025-04-28,14481.421907553833,3123.0,955407.7329965349
11141,2025-04-29,14412.907628476369,3123.0,969820.6406250112
11142,2025-04-30,14307.859119793842,3123.0,984128.499744805
11143,2025-05-01,14008.667175739929,3123.0,998137.166920545
11144,2025-05-02,14001.089208017102,3123.0,1012138.2561285621
11145,2025-05-03,6786.881797746668,3123.0,1018925.1379263088
11146,2025-05-04,6568.689733218997,3123.0,1025493.8276595278
11147,2025-05-05,13363.761746875758,3123.0,1038857.5894064035
11148,2025-05-06,13124.447604319159,3123.0,1051982.0370107228
11149,2025-05-07,12880.982435746857,3123.0,1064863.0194464696
11150,2025-05-08,12639.05515023436,3123.0,1077502.074596704
11151,2025-05-09,12404.260272481244,3123.0,1089906.3348691852
11152,2025-05-10,5133.3676230961255,3123.0,1095039.7024922813
11153,2025-05-11,4924.643174675376,3123.0,1099964.3456669566
11154,2025-05-12,11794.72195793912,3123.0,1111759.0676248958
11155,2025-05-13,11638.455946484622,3123.0,1123397.5235713804
11156,2025-05-14,11511.94155665087,3123.0,1134909.4651280313
11157,2025-05-15,11417.983547964013,3123.0,1146327.4486759952
11158,2025-05-16,11358.660379800018,3123.0,1157686.1090557952
11159,2025-05-17,4262.028775606523,3123.0,1161948.1378314018
11160,2025-05-18,4267.7587518478085,3123.0,1166215.8965832496
11161,2025-05-19,11397.800402013541,3123.0,1177613.6969852631
11162,2025-05-20,11482.452803289823,3123.0,1189096.149788553
11163,2025-05-21,11600.654179200936,3123.0,1200696.803967754
11164,2025-05-22,11750.009566136034,3123.0,1212446.81353389
11165,2025-05-23,11927.509186274207,3123.0,1224374.3227201642
11166,2025-05-24,5024.910874872385,3123.0,1229399.2335950364
11167,2025-05-25,5243.582597081534,3123.0,1234642.816192118
11168,2025-05-26,12591.166457740252,3123.0,1247233.9826498583
11169,2025-05-27,12841.617414441987,3123.0,1260075.6000643002
11170,2025-05-28,13098.817066955946,3123.0,1273174.4171312563
11171,2025-05-29,13541.876349695116,3123.0,1286716.2934809513
11172,2025-05-30,13613.953274320596,3123.0,1300330.246755272
11173,2025-05-31,6729.574812060554,3123.0,1307059.8215673326
11174,2025-01-01,8655.014990473446,3122.0,8655.014990473446
11175,2025-01-02,9094.163065624534,3122.0,17749.178056097982
11176,2025-01-03,9430.586773067298,3122.0,27179.76482916528
11177,2025-01-04,1625.1152556857621,3122.0,28804.88008485104
11178,2025-01-05,1969.2671121094293,3122.0,30774.147196960468
11179,2025-01-06,10465.971232253933,3122.0,41240.1184292144
11180,2025-01-07,10811.9630647461,3122.0,52052.081493960504
11181,2025-01-08,11154.485393649584,3122.0,63206.56688761008
11182,2025-01-09,11491.245841461661,3122.0,74697.81272907175
11183,2025-01-10,11820.012443674648,3122.0,86517.8251727464
11184,2025-01-11,3978.4897694197925,3122.0,90496.3149421662
11185,2025-01-12,4283.165399033274,3122.0,94779.48034119947
11186,2025-01-13,12737.412776640927,3122.0,107516.89311784039
11187,2025-01-14,13013.89696075914,3122.0,120530.79007859953
11188,2025-01-15,13272.948657832734,3122.0,133803.73873643228
11189,2025-01-16,13513.193037412138,3122.0,147316.9317738444
11190,2025-01-17,13733.47891896741,3122.0,161050.41069281183
11191,2025-01-18,5760.4177768150175,3122.0,166810.82846962684
11192,2025-01-19,5936.5544366839395,3122.0,172747.38290631078
11193,2025-01-20,14266.790323074476,3122.0,187014.17322938525
11194,2025-01-21,14400.770684786992,3122.0,201414.94391417224
11195,2025-01-22,14512.90135783319,3122.0,215927.84527200542
11196,2025-01-23,14603.617009552754,3122.0,230531.4622815582
11197,2025-01-24,14673.611964516707,3122.0,245205.0742460749
11198,2025-01-25,6539.011351125489,3122.0,251744.08559720038
11199,2025-01-26,6568.837829313256,3122.0,258312.92342651365
11200,2025-01-27,14769.73087621283,3122.0,273082.65430272644
11201,2025-01-28,14768.296139938644,3122.0,287850.95044266514
11202,2025-01-29,14752.751627724974,3122.0,302603.7020703901
11203,2025-01-30,14724.828961287772,3122.0,317328.53103167785
11204,2025-01-31,14686.306928950467,3122.0,332014.8379606283
11205,2025-02-01,6441.823729370066,3122.0,338456.6616899984
11206,2025-02-02,6385.656642289373,3122.0,344842.3183322878
11207,2025-02-03,14524.762022619481,3122.0,359367.08035490726
11208,2025-02-04,14461.118725231043,3122.0,373828.1990801383
11209,2025-02-05,14395.042170254952,3122.0,388223.2412503932
11210,2025-02-06,14327.762548791254,3122.0,402551.0037991845
11211,2025-02-07,14260.30927606973,3122.0,416811.3130752542
11212,2025-02-08,5984.015299556596,3122.0,422795.3283748108
11213,2025-02-09,5916.6618827560205,3122.0,428711.99025756685
11214,2025-02-10,14063.890995617992,3122.0,442775.8812531848
11215,2025-02-11,14001.592292180145,3122.0,456777.473545365
11216,2025-02-12,13940.930624052224,3122.0,470718.4041694172
11217,2025-02-13,13881.64123038941,3122.0,484600.04539980664
11218,2025-02-14,13823.29809884662,3122.0,498423.3434986532
11219,2025-02-15,5543.535018414108,3122.0,503966.87851706735
11220,2025-02-16,5483.5707709299795,3122.0,509450.4492879973
11221,2025-02-17,13647.99904988511,3122.0,523098.4483378824
11222,2025-02-18,13587.213499497435,3122.0,536685.6618373799
11223,2025-02-19,13524.132440474365,3122.0,550209.7942778543
11224,2025-02-20,13458.184295871388,3122.0,563667.9785737256
11225,2025-02-21,13388.923185441105,3122.0,577056.9017591667
11226,2025-02-22,5081.921053553636,3122.0,582138.8228127203
11227,2025-02-23,5003.619856664502,3122.0,587142.4426693849
11228,2025-02-24,13159.439399106335,3122.0,600301.8820684912
11229,2025-02-25,13076.176410854034,3122.0,613378.0584793452
11230,2025-02-26,12990.360033317063,3122.0,626368.4185126623
11231,2025-02-27,12902.860714386436,3122.0,639271.2792270487
11232,2025-02-28,12814.788137720308,3122.0,652086.067364769
11233,2025-03-01,4480.993576096373,3122.0,656567.0609408654
11234,2025-03-02,4394.194381497419,3122.0,660961.2553223629
11235,2025-03-03,12561.353164796616,3122.0,673522.6084871595
11236,2025-03-04,12486.014212531149,3122.0,686008.6226996906
11237,2025-03-05,12418.264386565568,3122.0,698426.8870862562
11238,2025-03-06,12359.952648276676,3122.0,710786.8397345329
11239,2025-03-07,12312.870768228962,3122.0,723099.7105027618
11240,2025-03-08,4019.880007824472,3122.0,727119.5905105863
11241,2025-03-09,3998.335614307295,3122.0,731117.9261248936
11242,2025-03-10,12254.778149364842,3122.0,743372.7042742585
11243,2025-03-11,12267.26022193922,3122.0,755639.9644961976
11244,2025-03-12,12296.976604826197,3122.0,767936.9411010238
11245,2025-03-13,12344.167288251956,3122.0,780281.1083892757
11246,2025-03-14,12408.660900949899,3122.0,792689.7692902257
11247,2025-03-15,4218.710334805422,3122.0,796908.4796250311
11248,2025-03-16,4313.803982670964,3122.0,801222.283607702
11249,2025-03-17,12697.755378544402,3122.0,813920.0389862465
11250,2025-03-18,12821.103078864018,3122.0,826741.1420651105
11251,2025-03-19,12954.486772215136,3122.0,839695.6288373256
11252,2025-03-20,13095.30197101021,3122.0,852790.9308083358
11253,2025-03-21,13240.66317376632,3122.0,866031.5939821021
11254,2025-03-22,5103.9922521623785,3122.0,871135.5862342645
11255,2025-03-23,5247.245262797494,3122.0,876382.831497062
11256,2025-03-24,13672.412881540924,3122.0,890055.244378603
11257,2025-03-25,13803.988677630363,3122.0,903859.2330562333
11258,2025-03-26,13924.06884248258,3122.0,917783.3018987159
11259,2025-03-27,14029.718681487075,3122.0,931813.0205802029
11260,2025-03-28,14118.298912669788,3122.0,945931.3194928728
11261,2025-03-29,5891.734676729827,3122.0,951823.0541696026
11262,2025-03-30,5938.071991314009,3122.0,957761.1261609166
11263,2025-03-31,14261.2914684669,3122.0,972022.4176293835
11264,2025-04-01,14263.73851692763,3122.0,986286.1561463111
11265,2025-04-02,14242.834241768358,3122.0,1000528.9903880794
11266,2025-04-03,14199.03853602331,3122.0,1014728.0289241028
11267,2025-04-04,14133.424965279537,3122.0,1028861.4538893823
11268,2025-04-05,5739.519972771266,3122.0,1034600.9738621536
11269,2025-04-06,5634.086111328633,3122.0,1040235.0599734823
11270,2025-04-07,13825.157045645494,3122.0,1054060.2170191277
11271,2025-04-08,13694.351614663305,3122.0,1067754.568633791
11272,2025-04-09,13555.134489937855,3122.0,1081309.703123729
11273,2025-04-10,13411.33340918331,3122.0,1094721.0365329122
11274,2025-04-11,13266.940934297489,3122.0,1107987.9774672096
11275,2025-04-12,4805.524103597689,3122.0,1112793.5015708073
11276,2025-04-13,4670.257254722387,3122.0,1117463.7588255298
11277,2025-04-14,12870.223628355683,3122.0,1130333.9824538855
11278,2025-04-15,12762.680384494248,3122.0,1143096.6628383796
11279,2025-04-16,12672.956502072408,3122.0,1155769.6193404521
11280,2025-04-17,12413.832101450025,3122.0,1168183.4514419022
11281,2025-04-18,12367.197746904187,3122.0,1180550.6491888063
11282,2025-04-19,4200.591850089102,3122.0,1184751.2410388954
11283,2025-04-20,4070.546241235852,3122.0,1188821.7872801314
11284,2025-04-21,12503.273404877711,3122.0,1201325.060685009
11285,2025-04-22,12607.469924469564,3122.0,1213932.5306094785
11286,2025-04-23,12676.844282292255,3122.0,1226609.3748917708
11287,2025-04-24,12764.999815384943,3122.0,1239374.3747071556
11288,2025-04-25,12868.723325402982,3122.0,1252243.0980325588
11289,2025-04-26,4639.032403885412,3122.0,1256882.1304364442
11290,2025-04-27,4760.0845858643,3122.0,1261642.2150223085
11291,2025-04-28,13232.376892584025,3122.0,1274874.5919148924
11292,2025-04-29,13355.25418948688,3122.0,1288229.8461043793
11293,2025-04-30,13470.389222874854,3122.0,1301700.2353272543
11294,2025-05-01,13413.704022741287,3122.0,1315113.9393499955
11295,2025-05-02,13656.628530772045,3122.0,1328770.5678807674
11296,2025-05-03,5360.377181551991,3122.0,1334130.9450623195
11297,2025-05-04,5392.645963767861,3122.0,1339523.5910260873
11298,2025-05-05,13754.976026748654,3122.0,1353278.567052836
11299,2025-05-06,13724.104023524604,3122.0,1367002.6710763606
11300,2025-05-07,13657.081879848785,3122.0,1380659.7529562095
11301,2025-05-08,13552.650629022884,3122.0,1394212.4035852323
11302,2025-05-09,13410.55051229147,3122.0,1407622.9540975238
11303,2025-05-10,4861.755554584513,3122.0,1412484.7096521084
11304,2025-05-11,4645.972814912047,3122.0,1417130.6824670203
11305,2025-05-12,12771.387735490584,3122.0,1429902.0702025108
11306,2025-05-13,12497.006138893792,3122.0,1442399.0763414046
11307,2025-05-14,12199.259280864375,3122.0,1454598.335622269
11308,2025-05-15,11883.856458240103,3122.0,1466482.1920805092
11309,2025-05-16,11557.23732841478,3122.0,1478039.429408924
11310,2025-05-17,3031.9771495057857,3122.0,1481071.4065584298
11311,2025-05-18,2514.976957170112,3122.0,1483586.3835155999
11312,2025-05-19,10582.297930912095,3122.0,1494168.681446512
11313,2025-05-20,10284.430889467225,3122.0,1504453.1123359792
11314,2025-05-21,10012.901195498018,3122.0,1514466.0135314772
11315,2025-05-22,9774.994930490077,3122.0,1524241.0084619673
11316,2025-05-23,9577.47260473223,3122.0,1533818.4810666996
11317,2025-05-24,1031.9091520164386,3122.0,1534850.3902187159
11318,2025-05-25,930.6722865595805,3122.0,1535781.0625052755
11319,2025-05-26,9283.196717317283,3122.0,1545064.2592225927
11320,2025-05-27,9298.239388617916,3122.0,1554362.4986112106
11321,2025-05-28,9373.7855668,3122.0,1563736.2841780107
11322,2025-05-29,9487.597510088426,3122.0,1573223.8816880991
11323,2025-05-30,9706.742108392364,3122.0,1582930.6237964914
11324,2025-05-31,1554.1305116884207,3122.0,1584484.75430818
11325,2025-01-01,6943.76784969007,3126.0,6943.76784969007
11326,2025-01-02,7066.6014961030205,3126.0,14010.36934579309
11327,2025-01-03,7117.0277953182995,3126.0,21127.39714111139
11328,2025-01-04,0.0,3126.0,21127.39714111139
11329,2025-01-05,0.0,3126.0,21127.39714111139
11330,2025-01-06,7462.3465691491865,3126.0,28589.743710260576
11331,2025-01-07,7641.663363227946,3126.0,36231.407073488524
11332,2025-01-08,7851.32267020435,3126.0,44082.72974369287
11333,2025-01-09,8089.339125813944,3126.0,52172.06886950682
11334,2025-01-10,8353.133487747706,3126.0,60525.20235725452
11335,2025-01-11,0.0,3126.0,60525.20235725452
11336,2025-01-12,0.0,3126.0,60525.20235725452
11337,2025-01-13,9265.444585981964,3126.0,69790.64694323648
11338,2025-01-14,9596.4277993712,3126.0,79387.07474260769
11339,2025-01-15,9933.34005424802,3126.0,89320.41479685571
11340,2025-01-16,10271.40508495836,3126.0,99591.81988181407
11341,2025-01-17,10605.819026495628,3126.0,110197.63890830969
11342,2025-01-18,1545.5095549765135,3126.0,111743.14846328621
11343,2025-01-19,1864.7470682119279,3126.0,113607.89553149814
11344,2025-01-20,11541.082349705677,3126.0,125148.97788120381
11345,2025-01-21,11816.248273832687,3126.0,136965.2261550365
11346,2025-01-22,12067.22656465211,3126.0,149032.45271968862
11347,2025-01-23,12291.309672671454,3126.0,161323.76239236008
11348,2025-01-24,12486.440883398038,3126.0,173810.2032757581
11349,2025-01-25,3307.4674417607293,3126.0,177117.67071751883
11350,2025-01-26,3447.431528297488,3126.0,180565.10224581632
11351,2025-01-27,12888.20443667358,3126.0,193453.3066824899
11352,2025-01-28,12961.275465783765,3126.0,206414.58214827365
11353,2025-01-29,13005.89964855914,3126.0,219420.4817968328
11354,2025-01-30,13024.266557521301,3126.0,232444.74835435412
11355,2025-01-31,13019.148264124193,3126.0,245463.8966184783
11356,2025-02-01,3692.579422247668,3126.0,249156.47604072597
11357,2025-02-02,3656.7837927394685,3126.0,252813.25983346545
11358,2025-02-03,12897.485036795322,3126.0,265710.74487026077
11359,2025-02-04,12834.588112132822,3126.0,278545.33298239356
11360,2025-02-05,12767.438629868368,3126.0,291312.77161226195
11361,2025-02-06,12700.153964392977,3126.0,304012.9255766549
11362,2025-02-07,12636.657795283421,3126.0,316649.5833719383
11363,2025-02-08,3321.887172748887,3126.0,319971.47054468724
11364,2025-02-09,3282.473190540017,3126.0,323253.9437352272
11365,2025-02-10,12502.86228429962,3126.0,335756.80601952685
11366,2025-02-11,12486.035540311248,3126.0,348242.8415598381
11367,2025-02-12,12486.032464326183,3126.0,360728.8740241643
11368,2025-02-13,12503.600155954518,3126.0,373232.4741801188
11369,2025-02-14,12538.768643199934,3126.0,385771.24282331875
11370,2025-02-15,3374.7330683174964,3126.0,389145.9758916363
11371,2025-02-16,3448.4261926929453,3126.0,392594.40208432917
11372,2025-02-17,12739.57331386817,3126.0,405333.97539819736
11373,2025-02-18,12831.554306974782,3126.0,418165.5297051722
11374,2025-02-19,12931.27511205702,3126.0,431096.80481722916
11375,2025-02-20,13035.194148102837,3126.0,444131.998965332
11376,2025-02-21,13139.471549541164,3126.0,457271.47051487316
11377,2025-02-22,4066.5323270330728,3126.0,461338.0028419062
11378,2025-02-23,4165.508900677245,3126.0,465503.5117425835
11379,2025-02-24,13414.18057395687,3126.0,478917.69231654034
11380,2025-02-25,13479.903185600064,3126.0,492397.5955021404
11381,2025-02-26,13526.729098679027,3126.0,505924.32460081944
11382,2025-02-27,13551.690225820083,3126.0,519476.01482663956
11383,2025-02-28,13552.38245372369,3126.0,533028.3972803632
11384,2025-03-01,4396.056857064968,3126.0,537424.4541374282
11385,2025-03-02,4349.769450281379,3126.0,541774.2235877096
11386,2025-03-03,13395.037160618162,3126.0,555169.2607483277
11387,2025-03-04,13288.66661172308,3126.0,568457.9273600508
11388,2025-03-05,13156.958590780185,3126.0,581614.885950831
11389,2025-03-06,13002.09289954788,3126.0,594616.9788503789
11390,2025-03-07,12827.006971918854,3126.0,607443.9858222977
11391,2025-03-08,3546.892123617786,3126.0,610990.8779459156
11392,2025-03-09,3348.949182276782,3126.0,614339.8271281923
11393,2025-03-10,12219.684397726367,3126.0,626559.5115259186
11394,2025-03-11,12005.587984341495,3126.0,638565.0995102602
11395,2025-03-12,11794.402527774388,3126.0,650359.5020380345
11396,2025-03-13,11591.618786924593,3126.0,661951.1208249591
11397,2025-03-14,11402.687276852694,3126.0,673353.8081018118
11398,2025-03-15,2186.9871077390508,3126.0,675540.7952095509
11399,2025-03-16,2047.2821320840453,3126.0,677588.0773416349
11400,2025-03-17,10969.776035108685,3126.0,688557.8533767436
11401,2025-03-18,10884.781282595804,3126.0,699442.6346593394
11402,2025-03-19,10835.209686790156,3126.0,710277.8443461296
11403,2025-03-20,10823.350596062595,3126.0,721101.1949421922
11404,2025-03-21,10850.59533876891,3126.0,731951.7902809611
11405,2025-03-22,1914.0619787087394,3126.0,733865.8522596698
11406,2025-03-23,2025.9335845167566,3126.0,735891.7858441866
11407,2025-03-24,11166.44724892462,3126.0,747058.2330931112
11408,2025-03-25,11344.716366329534,3126.0,758402.9494594408
11409,2025-03-26,11554.589797511986,3126.0,769957.5392569527
11410,2025-03-27,11791.838183779619,3126.0,781749.3774407323
11411,2025-03-28,12051.492630864477,3126.0,793800.8700715968
11412,2025-03-29,3367.1994167432867,3126.0,797168.06948834
11413,2025-03-30,3660.484846754401,3126.0,800828.5543350945
11414,2025-03-31,12906.691685954973,3126.0,813735.2460210494
11415,2025-04-01,13195.936729210935,3126.0,826931.1827502605
11416,2025-04-02,13476.289346578671,3126.0,840407.4720968391
11417,2025-04-03,13741.286739047644,3126.0,854148.7588358867
11418,2025-04-04,13984.779774785306,3126.0,868133.538610672
11419,2025-04-05,5282.885504317736,3126.0,873416.4241149898
11420,2025-04-06,5473.024955736285,3126.0,878889.449070726
11421,2025-04-07,14532.636000852173,3126.0,893422.0850715783
11422,2025-04-08,14640.08256586646,3126.0,908062.1676374447
11423,2025-04-09,14704.96125753136,3126.0,922767.128894976
11424,2025-04-10,14725.751860063336,3126.0,937492.8807550394
11425,2025-04-11,14701.979545533191,3126.0,952194.8603005726
11426,2025-04-12,5758.582589166546,3126.0,957953.4428897391
11427,2025-04-13,5654.553695184161,3126.0,963607.9965849232
11428,2025-04-14,14374.277749032648,3126.0,977982.274333956
11429,2025-04-15,14188.263152396283,3126.0,992170.5374863523
11430,2025-04-16,13970.472603971988,3126.0,1006141.0100903242
11431,2025-04-17,13410.338777700428,3126.0,1019551.3488680247
11432,2025-04-18,13142.420698377133,3126.0,1032693.7695664017
11433,2025-04-19,4347.478019118507,3126.0,1037041.2475855203
11434,2025-04-20,3881.283316781697,3126.0,1040922.530902302
11435,2025-04-21,12789.870463439798,3126.0,1053712.4013657419
11436,2025-04-22,12317.018699375652,3126.0,1066029.4200651173
11437,2025-04-23,12043.19048998383,3126.0,1078072.6105551012
11438,2025-04-24,11786.690965783639,3126.0,1089859.301520885
11439,2025-04-25,11553.053980980121,3126.0,1101412.355501865
11440,2025-04-26,2556.6580737567697,3126.0,1103969.0135756219
11441,2025-04-27,2388.7949969396263,3126.0,1106357.8085725615
11442,2025-04-28,11034.547327842405,3126.0,1117392.3559004038
11443,2025-04-29,10933.515995312042,3126.0,1128325.8718957158
11444,2025-04-30,10871.60339953952,3126.0,1139197.4752952554
11445,2025-05-01,10694.059611365425,3126.0,1149891.5349066209
11446,2025-05-02,10866.074748327745,3126.0,1160757.6096549486
11447,2025-05-03,2172.556690958216,3126.0,1162930.1663459067
11448,2025-05-04,2268.415541220871,3126.0,1165198.5818871276
11449,2025-05-05,11132.26444005375,3126.0,1176330.8463271814
11450,2025-05-06,11282.542543444624,3126.0,1187613.388870626
11451,2025-05-07,11456.661882318604,3126.0,1199070.0507529445
11452,2025-05-08,11649.667032905423,3126.0,1210719.71778585
11453,2025-05-09,11856.258621104724,3126.0,1222575.9764069547
11454,2025-05-10,3365.5290630517748,3126.0,1225941.5054700065
11455,2025-05-11,3588.817506597682,3126.0,1229530.322976604
11456,2025-05-12,12502.4172680029,3126.0,1242032.7402446072
11457,2025-05-13,12708.512972530336,3126.0,1254741.2532171374
11458,2025-05-14,12901.54774751414,3126.0,1267642.8009646516
11459,2025-05-15,13077.109563206106,3126.0,1280719.9105278577
11460,2025-05-16,13231.359695484418,3126.0,1293951.270223342
11461,2025-05-17,4813.9383658980305,3126.0,1298765.2085892402
11462,2025-05-18,4807.145954638075,3126.0,1303572.3545438782
11463,2025-05-19,13538.053287844807,3126.0,1317110.407831723
11464,2025-05-20,13582.611320289318,3126.0,1330693.0191520124
11465,2025-05-21,13597.445530581894,3126.0,1344290.4646825942
11466,2025-05-22,13583.167972051118,3126.0,1357873.6326546452
11467,2025-05-23,13541.101629985662,3126.0,1371414.734284631
11468,2025-05-24,4852.928923256976,3126.0,1376267.663207888
11469,2025-05-25,4767.8488196343615,3126.0,1381035.5120275223
11470,2025-05-26,13270.639982790484,3126.0,1394306.1520103128
11471,2025-05-27,13142.356619969738,3126.0,1407448.5086302825
11472,2025-05-28,13000.86433220277,3126.0,1420449.3729624853
11473,2025-05-29,12970.05319675373,3126.0,1433419.4261592391
11474,2025-05-30,12693.512809198319,3126.0,1446112.9389684375
11475,2025-05-31,3957.5297514915205,3126.0,1450070.468719929
11476,2025-01-01,8013.032848883559,3124.0,8013.032848883559
11477,2025-01-02,8449.21402162291,3124.0,16462.24687050647
11478,2025-01-03,8808.768048573622,3124.0,25271.01491908009
11479,2025-01-04,1330.5626050588858,3124.0,26601.57752413898
11480,2025-01-05,1694.8274564126593,3124.0,28296.404980551637
11481,2025-01-06,9910.123027595619,3124.0,38206.52800814726
11482,2025-01-07,10273.930896914928,3124.0,48480.45890506219
11483,2025-01-08,10630.886821091293,3124.0,59111.34572615348
11484,2025-01-09,10978.090297681856,3124.0,70089.43602383533
11485,2025-01-10,11312.833127660158,3124.0,81402.2691514955
11486,2025-01-11,3761.2694258779957,3124.0,85163.53857737349
11487,2025-01-12,4059.9494924896576,3124.0,89223.48806986315
11488,2025-01-13,12218.759776930985,3124.0,101442.24784679413
11489,2025-01-14,12481.502709023467,3124.0,113923.75055581759
11490,2025-01-15,12722.17300374045,3124.0,126645.92355955805
11491,2025-01-16,12939.803953026983,3124.0,139585.72751258503
11492,2025-01-17,13133.786113996923,3124.0,152719.51362658196
11493,2025-01-18,5404.900624430084,3124.0,158124.41425101203
11494,2025-01-19,5547.269645965553,3124.0,163671.6838969776
11495,2025-01-20,13573.206127014748,3124.0,177244.89002399234
11496,2025-01-21,13673.757130671007,3124.0,190918.64715466334
11497,2025-01-22,13752.997784094736,3124.0,204671.64493875808
11498,2025-01-23,13812.389791420983,3124.0,218484.03473017906
11499,2025-01-24,13853.66785632142,3124.0,232337.70258650047
11500,2025-01-25,5952.217050870002,3124.0,238289.91963737048
11501,2025-01-26,5959.424733208353,3124.0,244249.34437057882
11502,2025-01-27,13889.430132092784,3124.0,258138.77450267161
11503,2025-01-28,13879.62718906729,3124.0,272018.4016917389
11504,2025-01-29,13862.978908480389,3124.0,285881.3806002193
11505,2025-01-30,13841.898161553512,3124.0,299723.2787617728
11506,2025-01-31,13818.719601904306,3124.0,313541.9983636771
11507,2025-02-01,5841.446681187564,3124.0,319383.44504486467
11508,2025-02-02,5816.538367438518,3124.0,325199.9834123032
11509,2025-02-03,13757.599247698985,3124.0,338957.58266000217
11510,2025-02-04,13745.889324354614,3124.0,352703.4719843568
11511,2025-02-05,13740.712063540605,3124.0,366444.1840478974
11512,2025-02-06,13742.875516110953,3124.0,380187.0595640084
11513,2025-02-07,13752.811129340931,3124.0,393939.8706933493
11514,2025-02-08,5788.75365097311,3124.0,399728.6243443224
11515,2025-02-09,5810.02604061533,3124.0,405538.6503849377
11516,2025-02-10,13827.73184382245,3124.0,419366.38222876017
11517,2025-02-11,13865.330217215187,3124.0,433231.71244597534
11518,2025-02-12,13907.150637156035,3124.0,447138.8630831314
11519,2025-02-13,13951.480216611775,3124.0,461090.3432997432
11520,2025-02-14,13996.366561161887,3124.0,475086.7098609051
11521,2025-02-15,6030.257509745973,3124.0,481116.967370651
11522,2025-02-16,6065.799751030811,3124.0,487182.7671216818
11523,2025-02-17,14112.536588527311,3124.0,501295.30371020915
11524,2025-02-18,14137.538287579799,3124.0,515432.841997789
11525,2025-02-19,14152.020231262999,3124.0,529584.862229052
11526,2025-02-20,14154.02001179845,3124.0,543738.8822408504
11527,2025-02-21,14141.83518859959,3124.0,557880.71742945
11528,2025-02-22,6077.06188005391,3124.0,563957.7793095039
11529,2025-02-23,6028.835512008388,3124.0,569986.6148215123
11530,2025-02-24,14008.453425598278,3124.0,583995.0682471106
11531,2025-02-25,13929.972954521416,3124.0,597925.041201632
11532,2025-02-26,13834.840600375768,3124.0,611759.8818020078
11533,2025-02-27,13724.06406098528,3124.0,625483.945862993
11534,2025-02-28,13599.190224764438,3124.0,639083.1360877574
11535,2025-03-01,5397.650786385766,3124.0,644480.7868741433
11536,2025-03-02,5247.358815170734,3124.0,649728.145689314
11537,2025-03-03,13163.178016501157,3124.0,662891.3237058151
11538,2025-03-04,13007.420935293865,3124.0,675898.744641109
11539,2025-03-05,12852.434371349014,3124.0,688751.179012458
11540,2025-03-06,12702.226335465277,3124.0,701453.4053479233
11541,2025-03-07,12560.96062788516,3124.0,714014.3659758085
11542,2025-03-08,4340.603353744229,3124.0,718354.9693295527
11543,2025-03-09,4225.887425509081,3124.0,722580.8567550618
11544,2025-03-10,12232.65904600717,3124.0,734813.515801069
11545,2025-03-11,12168.324761224365,3124.0,746981.8405622933
11546,2025-03-12,12132.45917514685,3124.0,759114.2997374402
11547,2025-03-13,12127.968900371789,3124.0,771242.2686378119
11548,2025-03-14,12157.199979530926,3124.0,783399.4686173429
11549,2025-03-15,4101.993489795286,3124.0,787501.4621071381
11550,2025-03-16,4199.13544349043,3124.0,791700.5975506286
11551,2025-03-17,12460.704248080194,3124.0,804161.3017987087
11552,2025-03-18,12634.593419572346,3124.0,816795.8952182811
11553,2025-03-19,12843.26806291416,3124.0,829639.1632811953
11554,2025-03-20,13084.588462950773,3124.0,842723.751744146
11555,2025-03-21,13355.645722176656,3124.0,856079.3974663228
11556,2025-03-22,5505.331223317302,3124.0,861584.7286896401
11557,2025-03-23,5820.362978051063,3124.0,867405.091667691
11558,2025-03-24,14307.70858933263,3124.0,881712.8002570237
11559,2025-03-25,14655.239215644573,3124.0,896368.0394726683
11560,2025-03-26,15008.66953217901,3124.0,911376.7090048473
11561,2025-03-27,15362.053397425687,3124.0,926738.762402273
11562,2025-03-28,15709.337042654795,3124.0,942448.0994449278
11563,2025-03-29,7869.408427894285,3124.0,950317.507872822
11564,2025-03-30,8182.64321110981,3124.0,958500.1510839319
11565,2025-03-31,16655.32459669375,3124.0,975155.4756806256
11566,2025-04-01,16920.3298397965,3124.0,992075.805520422
11567,2025-04-02,17152.13716037476,3124.0,1009227.9426807968
11568,2025-04-03,17346.861948511985,3124.0,1026574.8046293089
11569,2025-04-04,17501.38423006094,3124.0,1044076.1888593698
11570,2025-04-05,9410.726551062675,3124.0,1053486.9154104325
11571,2025-04-06,9474.964046651063,3124.0,1062961.8794570835
11572,2025-04-07,17705.48561255894,3124.0,1080667.3650696424
11573,2025-04-08,17685.56152585258,3124.0,1098352.926595495
11574,2025-04-09,17623.274163366084,3124.0,1115976.2007588611
11575,2025-04-10,17520.96384662155,3124.0,1133497.1646054827
11576,2025-04-11,17381.81563380126,3124.0,1150878.980239284
11577,2025-04-12,8979.470051649378,3124.0,1159858.4502909333
11578,2025-04-13,8775.223693308297,3124.0,1168633.6739842417
11579,2025-04-14,16786.082530253807,3124.0,1185419.7565144955
11580,2025-04-15,16545.187498645286,3124.0,1201964.9440131406
11581,2025-04-16,16292.672858304957,3124.0,1218257.6168714457
11582,2025-04-17,15775.43586011863,3124.0,1234033.0527315643
11583,2025-04-18,15515.496680679915,3124.0,1249548.5494122442
11584,2025-04-19,7267.398035589913,3124.0,1256815.947447834
11585,2025-04-20,6842.484718681191,3124.0,1263658.4321665154
11586,2025-04-21,14952.262311661274,3124.0,1278610.6944781765
11587,2025-04-22,14860.926691952303,3124.0,1293471.621170129
11588,2025-04-23,14684.346944957082,3124.0,1308155.968115086
11589,2025-04-24,14535.872239571192,3124.0,1322691.8403546573
11590,2025-04-25,14417.665787130372,3124.0,1337109.5061417876
11591,2025-04-26,6045.455737651063,3124.0,1343154.9618794387
11592,2025-04-27,5986.701173983363,3124.0,1349141.663053422
11593,2025-04-28,14252.64707666789,3124.0,1363394.3101300898
11594,2025-04-29,14258.905340936673,3124.0,1377653.2154710265
11595,2025-04-30,14292.61842013787,3124.0,1391945.8338911645
11596,2025-05-01,14133.071148345982,3124.0,1406078.9050395105
11597,2025-05-02,14429.28656346962,3124.0,1420508.19160298
11598,2025-05-03,6210.948406101863,3124.0,1426719.140009082
11599,2025-05-04,6313.21196477941,3124.0,1433032.3519738612
11600,2025-05-05,14742.819285992397,3124.0,1447775.1712598538
11601,2025-05-06,14856.408354538622,3124.0,1462631.5796143922
11602,2025-05-07,14965.837283244247,3124.0,1477597.4168976366
11603,2025-05-08,15066.035128223606,3124.0,1492663.45202586
11604,2025-05-09,15152.240945453925,3124.0,1507815.692971314
11605,2025-05-10,6879.388291169728,3124.0,1514695.0812624837
11606,2025-05-11,6921.315646755803,3124.0,1521616.3969092397
11607,2025-05-12,15286.818881290046,3124.0,1536903.2157905297
11608,2025-05-13,15280.299951478879,3124.0,1552183.5157420086
11609,2025-05-14,15245.066368459367,3124.0,1567428.5821104678
11610,2025-05-15,15180.630423131208,3124.0,1582609.212533599
11611,2025-05-16,15087.432772532251,3124.0,1597696.6453061313
11612,2025-05-17,6733.386825020196,3124.0,1604430.0321311515
11613,2025-05-18,6448.79696949916,3124.0,1610878.8291006507
11614,2025-05-19,14653.345206007627,3124.0,1625532.1743066583
11615,2025-05-20,14467.407970175318,3124.0,1639999.5822768337
11616,2025-05-21,14267.819619706754,3124.0,1654267.4018965403
11617,2025-05-22,14059.641868578226,3124.0,1668327.0437651186
11618,2025-05-23,13848.340064493415,3124.0,1682175.383829612
11619,2025-05-24,5243.65526076305,3124.0,1687419.0390903752
11620,2025-05-25,5039.4207355942635,3124.0,1692458.4598259693
11621,2025-05-26,13253.226633318705,3124.0,1705711.686459288
11622,2025-05-27,13086.814909841692,3124.0,1718798.5013691299
11623,2025-05-28,12945.266229384257,3124.0,1731743.767598514
11624,2025-05-29,12877.59091994965,3124.0,1744621.3585184636
11625,2025-05-30,12754.635026366303,3124.0,1757375.99354483
11626,2025-05-31,4289.144602164324,3124.0,1761665.1381469944
11627,2025-01-01,0.0,3142.0,0.0
11628,2025-01-02,0.0,3142.0,0.0
11629,2025-01-03,0.0,3142.0,0.0
11630,2025-01-04,0.0,3142.0,0.0
11631,2025-01-05,0.0,3142.0,0.0
11632,2025-01-06,0.0,3142.0,0.0
11633,2025-01-07,0.0,3142.0,0.0
11634,2025-01-08,0.0,3142.0,0.0
11635,2025-01-09,0.0,3142.0,0.0
11636,2025-01-10,0.0,3142.0,0.0
11637,2025-01-11,0.0,3142.0,0.0
11638,2025-01-12,0.0,3142.0,0.0
11639,2025-01-13,0.0,3142.0,0.0
11640,2025-01-14,0.0,3142.0,0.0
11641,2025-01-15,0.0,3142.0,0.0
11642,2025-01-16,0.0,3142.0,0.0
11643,2025-01-17,0.0,3142.0,0.0
11644,2025-01-18,0.0,3142.0,0.0
11645,2025-01-19,0.0,3142.0,0.0
11646,2025-01-20,0.0,3142.0,0.0
11647,2025-01-21,0.0,3142.0,0.0
11648,2025-01-22,0.0,3142.0,0.0
11649,2025-01-23,0.0,3142.0,0.0
11650,2025-01-24,0.0,3142.0,0.0
11651,2025-01-25,0.0,3142.0,0.0
11652,2025-01-26,0.0,3142.0,0.0
11653,2025-01-27,0.0,3142.0,0.0
11654,2025-01-28,0.0,3142.0,0.0
11655,2025-01-29,0.0,3142.0,0.0
11656,2025-01-30,0.0,3142.0,0.0
11657,2025-01-31,0.0,3142.0,0.0
11658,2025-02-01,0.0,3142.0,0.0
11659,2025-02-02,0.0,3142.0,0.0
11660,2025-02-03,0.0,3142.0,0.0
11661,2025-02-04,0.0,3142.0,0.0
11662,2025-02-05,0.0,3142.0,0.0
11663,2025-02-06,0.0,3142.0,0.0
11664,2025-02-07,0.0,3142.0,0.0
11665,2025-02-08,0.0,3142.0,0.0
11666,2025-02-09,0.0,3142.0,0.0
11667,2025-02-10,0.0,3142.0,0.0
11668,2025-02-11,0.0,3142.0,0.0
11669,2025-02-12,0.0,3142.0,0.0
11670,2025-02-13,0.0,3142.0,0.0
11671,2025-02-14,0.0,3142.0,0.0
11672,2025-02-15,0.0,3142.0,0.0
11673,2025-02-16,0.0,3142.0,0.0
11674,2025-02-17,0.0,3142.0,0.0
11675,2025-02-18,0.0,3142.0,0.0
11676,2025-02-19,0.0,3142.0,0.0
11677,2025-02-20,0.0,3142.0,0.0
11678,2025-02-21,0.0,3142.0,0.0
11679,2025-02-22,0.0,3142.0,0.0
11680,2025-02-23,0.0,3142.0,0.0
11681,2025-02-24,0.0,3142.0,0.0
11682,2025-02-25,0.0,3142.0,0.0
11683,2025-02-26,0.0,3142.0,0.0
11684,2025-02-27,0.0,3142.0,0.0
11685,2025-02-28,0.0,3142.0,0.0
11686,2025-03-01,0.0,3142.0,0.0
11687,2025-03-02,0.0,3142.0,0.0
11688,2025-03-03,0.0,3142.0,0.0
11689,2025-03-04,0.0,3142.0,0.0
11690,2025-03-05,0.0,3142.0,0.0
11691,2025-03-06,0.0,3142.0,0.0
11692,2025-03-07,0.0,3142.0,0.0
11693,2025-03-08,0.0,3142.0,0.0
11694,2025-03-09,0.0,3142.0,0.0
11695,2025-03-10,0.0,3142.0,0.0
11696,2025-03-11,0.0,3142.0,0.0
11697,2025-03-12,0.0,3142.0,0.0
11698,2025-03-13,0.0,3142.0,0.0
11699,2025-03-14,0.0,3142.0,0.0
11700,2025-03-15,0.0,3142.0,0.0
11701,2025-03-16,0.0,3142.0,0.0
11702,2025-03-17,0.0,3142.0,0.0
11703,2025-03-18,0.0,3142.0,0.0
11704,2025-03-19,0.0,3142.0,0.0
11705,2025-03-20,0.0,3142.0,0.0
11706,2025-03-21,0.0,3142.0,0.0
11707,2025-03-22,0.0,3142.0,0.0
11708,2025-03-23,0.0,3142.0,0.0
11709,2025-03-24,0.0,3142.0,0.0
11710,2025-03-25,0.0,3142.0,0.0
11711,2025-03-26,0.0,3142.0,0.0
11712,2025-03-27,0.0,3142.0,0.0
11713,2025-03-28,0.0,3142.0,0.0
11714,2025-03-29,0.0,3142.0,0.0
11715,2025-03-30,0.0,3142.0,0.0
11716,2025-03-31,0.0,3142.0,0.0
11717,2025-04-01,0.0,3142.0,0.0
11718,2025-04-02,0.0,3142.0,0.0
11719,2025-04-03,0.0,3142.0,0.0
11720,2025-04-04,0.0,3142.0,0.0
11721,2025-04-05,0.0,3142.0,0.0
11722,2025-04-06,0.0,3142.0,0.0
11723,2025-04-07,0.0,3142.0,0.0
11724,2025-04-08,0.0,3142.0,0.0
11725,2025-04-09,0.0,3142.0,0.0
11726,2025-04-10,0.0,3142.0,0.0
11727,2025-04-11,0.0,3142.0,0.0
11728,2025-04-12,0.0,3142.0,0.0
11729,2025-04-13,0.0,3142.0,0.0
11730,2025-04-14,0.0,3142.0,0.0
11731,2025-04-15,0.0,3142.0,0.0
11732,2025-04-16,0.0,3142.0,0.0
11733,2025-04-17,0.0,3142.0,0.0
11734,2025-04-18,0.0,3142.0,0.0
11735,2025-04-19,0.0,3142.0,0.0
11736,2025-04-20,0.0,3142.0,0.0
11737,2025-04-21,0.0,3142.0,0.0
11738,2025-04-22,0.0,3142.0,0.0
11739,2025-04-23,0.0,3142.0,0.0
11740,2025-04-24,0.0,3142.0,0.0
11741,2025-04-25,0.0,3142.0,0.0
11742,2025-04-26,0.0,3142.0,0.0
11743,2025-04-27,0.0,3142.0,0.0
11744,2025-04-28,0.0,3142.0,0.0
11745,2025-04-29,0.0,3142.0,0.0
11746,2025-04-30,0.0,3142.0,0.0
11747,2025-05-01,0.0,3142.0,0.0
11748,2025-05-02,0.0,3142.0,0.0
11749,2025-05-03,0.0,3142.0,0.0
11750,2025-05-04,0.0,3142.0,0.0
11751,2025-05-05,0.0,3142.0,0.0
11752,2025-05-06,0.0,3142.0,0.0
11753,2025-05-07,0.0,3142.0,0.0
11754,2025-05-08,0.0,3142.0,0.0
11755,2025-05-09,0.0,3142.0,0.0
11756,2025-05-10,0.0,3142.0,0.0
11757,2025-05-11,0.0,3142.0,0.0
11758,2025-05-12,0.0,3142.0,0.0
11759,2025-05-13,0.0,3142.0,0.0
11760,2025-05-14,0.0,3142.0,0.0
11761,2025-05-15,0.0,3142.0,0.0
11762,2025-05-16,0.0,3142.0,0.0
11763,2025-05-17,0.0,3142.0,0.0
11764,2025-05-18,0.0,3142.0,0.0
11765,2025-05-19,0.0,3142.0,0.0
11766,2025-05-20,0.0,3142.0,0.0
11767,2025-05-21,0.0,3142.0,0.0
11768,2025-05-22,0.0,3142.0,0.0
11769,2025-05-23,0.0,3142.0,0.0
11770,2025-05-24,0.0,3142.0,0.0
11771,2025-05-25,0.0,3142.0,0.0
11772,2025-05-26,0.0,3142.0,0.0
11773,2025-05-27,0.0,3142.0,0.0
11774,2025-05-28,0.0,3142.0,0.0
11775,2025-05-29,0.0,3142.0,0.0
11776,2025-05-30,0.0,3142.0,0.0
11777,2025-05-31,0.0,3142.0,0.0
11778,2025-01-01,0.0,3121.0,0.0
11779,2025-01-02,0.0,3121.0,0.0
11780,2025-01-03,0.0,3121.0,0.0
11781,2025-01-04,0.0,3121.0,0.0
11782,2025-01-05,0.0,3121.0,0.0
11783,2025-01-06,0.0,3121.0,0.0
11784,2025-01-07,0.0,3121.0,0.0
11785,2025-01-08,0.0,3121.0,0.0
11786,2025-01-09,0.0,3121.0,0.0
11787,2025-01-10,0.0,3121.0,0.0
11788,2025-01-11,0.0,3121.0,0.0
11789,2025-01-12,0.0,3121.0,0.0
11790,2025-01-13,0.0,3121.0,0.0
11791,2025-01-14,0.0,3121.0,0.0
11792,2025-01-15,0.0,3121.0,0.0
11793,2025-01-16,0.0,3121.0,0.0
11794,2025-01-17,0.0,3121.0,0.0
11795,2025-01-18,0.0,3121.0,0.0
11796,2025-01-19,0.0,3121.0,0.0
11797,2025-01-20,0.0,3121.0,0.0
11798,2025-01-21,0.0,3121.0,0.0
11799,2025-01-22,0.0,3121.0,0.0
11800,2025-01-23,0.0,3121.0,0.0
11801,2025-01-24,0.0,3121.0,0.0
11802,2025-01-25,0.0,3121.0,0.0
11803,2025-01-26,0.0,3121.0,0.0
11804,2025-01-27,0.0,3121.0,0.0
11805,2025-01-28,0.0,3121.0,0.0
11806,2025-01-29,0.0,3121.0,0.0
11807,2025-01-30,0.0,3121.0,0.0
11808,2025-01-31,0.0,3121.0,0.0
11809,2025-02-01,0.0,3121.0,0.0
11810,2025-02-02,0.0,3121.0,0.0
11811,2025-02-03,0.0,3121.0,0.0
11812,2025-02-04,0.0,3121.0,0.0
11813,2025-02-05,0.0,3121.0,0.0
11814,2025-02-06,0.0,3121.0,0.0
11815,2025-02-07,0.0,3121.0,0.0
11816,2025-02-08,0.0,3121.0,0.0
11817,2025-02-09,0.0,3121.0,0.0
11818,2025-02-10,0.0,3121.0,0.0
11819,2025-02-11,0.0,3121.0,0.0
11820,2025-02-12,0.0,3121.0,0.0
11821,2025-02-13,0.0,3121.0,0.0
11822,2025-02-14,0.0,3121.0,0.0
11823,2025-02-15,0.0,3121.0,0.0
11824,2025-02-16,0.0,3121.0,0.0
11825,2025-02-17,0.0,3121.0,0.0
11826,2025-02-18,0.0,3121.0,0.0
11827,2025-02-19,0.0,3121.0,0.0
11828,2025-02-20,0.0,3121.0,0.0
11829,2025-02-21,0.0,3121.0,0.0
11830,2025-02-22,0.0,3121.0,0.0
11831,2025-02-23,0.0,3121.0,0.0
11832,2025-02-24,0.0,3121.0,0.0
11833,2025-02-25,0.0,3121.0,0.0
11834,2025-02-26,0.0,3121.0,0.0
11835,2025-02-27,0.0,3121.0,0.0
11836,2025-02-28,0.0,3121.0,0.0
11837,2025-03-01,0.0,3121.0,0.0
11838,2025-03-02,0.0,3121.0,0.0
11839,2025-03-03,0.0,3121.0,0.0
11840,2025-03-04,0.0,3121.0,0.0
11841,2025-03-05,0.0,3121.0,0.0
11842,2025-03-06,0.0,3121.0,0.0
11843,2025-03-07,0.0,3121.0,0.0
11844,2025-03-08,0.0,3121.0,0.0
11845,2025-03-09,0.0,3121.0,0.0
11846,2025-03-10,0.0,3121.0,0.0
11847,2025-03-11,0.0,3121.0,0.0
11848,2025-03-12,0.0,3121.0,0.0
11849,2025-03-13,0.0,3121.0,0.0
11850,2025-03-14,0.0,3121.0,0.0
11851,2025-03-15,0.0,3121.0,0.0
11852,2025-03-16,0.0,3121.0,0.0
11853,2025-03-17,0.0,3121.0,0.0
11854,2025-03-18,0.0,3121.0,0.0
11855,2025-03-19,0.0,3121.0,0.0
11856,2025-03-20,0.0,3121.0,0.0
11857,2025-03-21,0.0,3121.0,0.0
11858,2025-03-22,0.0,3121.0,0.0
11859,2025-03-23,0.0,3121.0,0.0
11860,2025-03-24,0.0,3121.0,0.0
11861,2025-03-25,0.0,3121.0,0.0
11862,2025-03-26,0.0,3121.0,0.0
11863,2025-03-27,0.0,3121.0,0.0
11864,2025-03-28,0.0,3121.0,0.0
11865,2025-03-29,0.0,3121.0,0.0
11866,2025-03-30,0.0,3121.0,0.0
11867,2025-03-31,0.0,3121.0,0.0
11868,2025-04-01,0.0,3121.0,0.0
11869,2025-04-02,0.0,3121.0,0.0
11870,2025-04-03,0.0,3121.0,0.0
11871,2025-04-04,0.0,3121.0,0.0
11872,2025-04-05,0.0,3121.0,0.0
11873,2025-04-06,0.0,3121.0,0.0
11874,2025-04-07,0.0,3121.0,0.0
11875,2025-04-08,0.0,3121.0,0.0
11876,2025-04-09,0.0,3121.0,0.0
11877,2025-04-10,0.0,3121.0,0.0
11878,2025-04-11,0.0,3121.0,0.0
11879,2025-04-12,0.0,3121.0,0.0
11880,2025-04-13,0.0,3121.0,0.0
11881,2025-04-14,0.0,3121.0,0.0
11882,2025-04-15,0.0,3121.0,0.0
11883,2025-04-16,0.0,3121.0,0.0
11884,2025-04-17,0.0,3121.0,0.0
11885,2025-04-18,0.0,3121.0,0.0
11886,2025-04-19,0.0,3121.0,0.0
11887,2025-04-20,0.0,3121.0,0.0
11888,2025-04-21,0.0,3121.0,0.0
11889,2025-04-22,0.0,3121.0,0.0
11890,2025-04-23,0.0,3121.0,0.0
11891,2025-04-24,0.0,3121.0,0.0
11892,2025-04-25,0.0,3121.0,0.0
11893,2025-04-26,0.0,3121.0,0.0
11894,2025-04-27,0.0,3121.0,0.0
11895,2025-04-28,0.0,3121.0,0.0
11896,2025-04-29,0.0,3121.0,0.0
11897,2025-04-30,0.0,3121.0,0.0
11898,2025-05-01,0.0,3121.0,0.0
11899,2025-05-02,0.0,3121.0,0.0
11900,2025-05-03,0.0,3121.0,0.0
11901,2025-05-04,0.0,3121.0,0.0
11902,2025-05-05,0.0,3121.0,0.0
11903,2025-05-06,0.0,3121.0,0.0
11904,2025-05-07,0.0,3121.0,0.0
11905,2025-05-08,0.0,3121.0,0.0
11906,2025-05-09,0.0,3121.0,0.0
11907,2025-05-10,0.0,3121.0,0.0
11908,2025-05-11,0.0,3121.0,0.0
11909,2025-05-12,0.0,3121.0,0.0
11910,2025-05-13,0.0,3121.0,0.0
11911,2025-05-14,0.0,3121.0,0.0
11912,2025-05-15,0.0,3121.0,0.0
11913,2025-05-16,0.0,3121.0,0.0
11914,2025-05-17,0.0,3121.0,0.0
11915,2025-05-18,0.0,3121.0,0.0
11916,2025-05-19,0.0,3121.0,0.0
11917,2025-05-20,0.0,3121.0,0.0
11918,2025-05-21,0.0,3121.0,0.0
11919,2025-05-22,0.0,3121.0,0.0
11920,2025-05-23,0.0,3121.0,0.0
11921,2025-05-24,0.0,3121.0,0.0
11922,2025-05-25,0.0,3121.0,0.0
11923,2025-05-26,0.0,3121.0,0.0
11924,2025-05-27,0.0,3121.0,0.0
11925,2025-05-28,0.0,3121.0,0.0
11926,2025-05-29,0.0,3121.0,0.0
11927,2025-05-30,0.0,3121.0,0.0
11928,2025-05-31,0.0,3121.0,0.0
11929,2025-01-01,9413.933604596696,3125.0,9413.933604596696
11930,2025-01-02,9850.463493806563,3125.0,19264.397098403257
11931,2025-01-03,10224.912216606543,3125.0,29489.3093150098
11932,2025-01-04,107.77684281849304,3125.0,29597.086157828293
11933,2025-01-05,569.1813242533728,3125.0,30166.26748208167
11934,2025-01-06,11626.030292709136,3125.0,41792.2977747908
11935,2025-01-07,12167.086102570418,3125.0,53959.38387736122
11936,2025-01-08,12733.783769592312,3125.0,66693.16764695353
11937,2025-01-09,13318.268283996076,3125.0,80011.4359309496
11938,2025-01-10,13912.1738957612,3125.0,93923.6098267108
11939,2025-01-11,3913.1341031547017,3125.0,97836.74392986551
11940,2025-01-12,4492.0144118998205,3125.0,102328.75834176534
11941,2025-01-13,15662.378098150788,3125.0,117991.13643991612
11942,2025-01-14,16205.674584793216,3125.0,134196.81102470934
11943,2025-01-15,16714.62884179145,3125.0,150911.4398665008
11944,2025-01-16,17181.36204126173,3125.0,168092.8019077625
11945,2025-01-17,17598.7114179875,3125.0,185691.51332575
11946,2025-01-18,7314.260398028768,3125.0,193005.77372377878
11947,2025-01-19,7607.5451068173315,3125.0,200613.3188305961
11948,2025-01-20,18496.995656436036,3125.0,219110.31448703216
11949,2025-01-21,18665.05287102691,3125.0,237775.36735805907
11950,2025-01-22,18763.93963389194,3125.0,256539.306991951
11951,2025-01-23,18793.66758675699,3125.0,275332.974578708
11952,2025-01-24,18755.700523935717,3125.0,294088.6751026437
11953,2025-01-25,7954.313072348772,3125.0,302042.9881749925
11954,2025-01-26,7783.590024300059,3125.0,309826.57819929253
11955,2025-01-27,18271.677969016644,3125.0,328098.2561683092
11956,2025-01-28,18005.685732725357,3125.0,346103.94190103456
11957,2025-01-29,17699.717964939384,3125.0,363803.6598659739
11958,2025-01-30,17362.67692878804,3125.0,381166.33679476194
11959,2025-01-31,17004.21038371039,3125.0,398170.54717847233
11960,2025-02-01,5883.374055188493,3125.0,404053.92123366083
11961,2025-02-02,5505.434827061815,3125.0,409559.35606072267
11962,2025-02-03,15903.480138149582,3125.0,425462.83619887225
11963,2025-02-04,15563.185572777827,3125.0,441026.02177165006
11964,2025-02-05,15253.228795316016,3125.0,456279.2505669661
11965,2025-02-06,14983.036918429772,3125.0,471262.28748539585
11966,2025-02-07,14761.198533591814,3125.0,486023.48601898766
11967,2025-02-08,3791.6347572927502,3125.0,489815.1207762804
11968,2025-02-09,3680.431407629194,3125.0,493495.55218390963
11969,2025-02-10,14455.046211969531,3125.0,507950.59839587915
11970,2025-02-11,14489.19260816909,3125.0,522439.79100404825
11971,2025-02-12,14595.885857261646,3125.0,537035.6768613099
11972,2025-02-13,14775.384171487995,3125.0,551811.0610327979
11973,2025-02-14,15026.303007267024,3125.0,566837.3640400649
11974,2025-02-15,4489.516488916545,3125.0,571326.8805289814
11975,2025-02-16,4865.218155158197,3125.0,576192.0986841397
11976,2025-02-17,16169.89795545672,3125.0,592361.9966395964
11977,2025-02-18,16661.48190069469,3125.0,609023.4785402911
11978,2025-02-19,17195.11372100031,3125.0,626218.5922612913
11979,2025-02-20,17761.353829439064,3125.0,643979.9460907304
11980,2025-02-21,18350.018648401656,3125.0,662329.9647391321
11981,2025-02-22,8041.792933525879,3125.0,670371.757672658
11982,2025-02-23,8635.4575277756,3125.0,679007.2152004335
11983,2025-02-24,20142.53377514715,3125.0,699149.7489755807
11984,2025-02-25,20712.53820450679,3125.0,719862.2871800875
11985,2025-02-26,21251.323868594263,3125.0,741113.6110486818
11986,2025-02-27,21749.330578534955,3125.0,762862.9416272168
11987,2025-02-28,22197.9171835783,3125.0,785060.858810795
11988,2025-03-01,11628.433089841108,3125.0,796689.2919006362
11989,2025-03-02,11949.348130643923,3125.0,808638.64003128
11990,2025-03-03,23178.293137741748,3125.0,831816.9331690219
11991,2025-03-04,23367.159043087388,3125.0,855184.0922121092
11992,2025-03-05,23482.73494773281,3125.0,878666.827159842
11993,2025-03-06,23524.761175455187,3125.0,902191.5883352972
11994,2025-03-07,23494.527018885197,3125.0,925686.1153541824
11995,2025-03-08,12381.200849100745,3125.0,938067.3162032831
11996,2025-03-09,12208.69358965885,3125.0,950276.009792942
11997,2025-03-10,23004.963379394678,3125.0,973280.9731723367
11998,2025-03-11,22726.866854108284,3125.0,996007.840026445
11999,2025-03-12,22403.043849062477,3125.0,1018410.8838755074
12000,2025-03-13,22041.766498320485,3125.0,1040452.6503738279
12001,2025-03-14,21651.839012477005,3125.0,1062104.489386305
12002,2025-03-15,10176.265131683585,3125.0,1072280.7545179885
12003,2025-03-16,9748.963856712104,3125.0,1082029.7183747005
12004,2025-03-17,20401.49339826751,3125.0,1102431.211772968
12005,2025-03-18,19987.84203648875,3125.0,1122419.0538094568
12006,2025-03-19,19589.773859967372,3125.0,1142008.8276694242
12007,2025-03-20,19214.70940602575,3125.0,1161223.53707545
12008,2025-03-21,18869.17759449727,3125.0,1180092.7146699473
12009,2025-03-22,7440.078444233668,3125.0,1187532.793114181
12010,2025-03-23,7161.509762958043,3125.0,1194694.302877139
12011,2025-03-24,18059.162867733306,3125.0,1212753.4657448723
12012,2025-03-25,17875.292500543805,3125.0,1230628.758245416
12013,2025-03-26,17736.74368487273,3125.0,1248365.5019302887
12014,2025-03-27,17643.058775468908,3125.0,1266008.5607057577
12015,2025-03-28,17592.646125233965,3125.0,1283601.2068309917
12016,2025-03-29,6411.768147921143,3125.0,1290012.9749789129
12017,2025-03-30,6431.571343059861,3125.0,1296444.5463219727
12018,2025-03-31,17670.206322421524,3125.0,1314114.7526443943
12019,2025-04-01,17757.988472985082,3125.0,1331872.7411173794
12020,2025-04-02,17868.076932691372,3125.0,1349740.8180500707
12021,2025-04-03,17994.739661794058,3125.0,1367735.5577118648
12022,2025-04-04,18132.133469533004,3125.0,1385867.6911813978
12023,2025-04-05,7050.878498121991,3125.0,1392918.5696795196
12024,2025-04-06,7185.1234668655825,3125.0,1400103.6931463853
12025,2025-04-07,18552.197855263774,3125.0,1418655.891001649
12026,2025-04-08,18677.75293284801,3125.0,1437333.6439344971
12027,2025-04-09,18788.870519169748,3125.0,1456122.5144536668
12028,2025-04-10,18882.258354954676,3125.0,1475004.7728086214
12029,2025-04-11,18955.415046663064,3125.0,1493960.1878552847
12030,2025-04-12,7730.572382212212,3125.0,1501690.7602374968
12031,2025-04-13,7751.591344110204,3125.0,1509442.351581607
12032,2025-04-14,19040.96195889325,3125.0,1528483.3135405001
12033,2025-04-15,19024.765349238278,3125.0,1547508.0788897385
12034,2025-04-16,18988.082482137306,3125.0,1566496.1613718758
12035,2025-04-17,18658.311726635842,3125.0,1585154.4730985116
12036,2025-04-18,18586.735577849857,3125.0,1603741.2086763615
12037,2025-04-19,7450.0865050451675,3125.0,1611191.2951814067
12038,2025-04-20,7189.948017803067,3125.0,1618381.2431992097
12039,2025-04-21,18308.05255997052,3125.0,1636689.2957591803
12040,2025-04-22,18485.089891975447,3125.0,1655174.3856511556
12041,2025-04-23,18384.111650511997,3125.0,1673558.4973016677
12042,2025-04-24,18286.761032078324,3125.0,1691845.258333746
12043,2025-04-25,18195.641749113332,3125.0,1710040.9000828594
12044,2025-04-26,6731.786390827595,3125.0,1716772.686473687
12045,2025-04-27,6651.435720368688,3125.0,1723424.1221940557
12046,2025-04-28,17978.034096705014,3125.0,1741402.1562907607
12047,2025-04-29,17927.202159008786,3125.0,1759329.3584497694
12048,2025-04-30,17887.170335861927,3125.0,1777216.5287856313
12049,2025-05-01,17646.28032817608,3125.0,1794862.8091138075
12050,2025-05-02,17834.924390697077,3125.0,1812697.7335045044
12051,2025-05-03,6385.40732391253,3125.0,1819083.1408284171
12052,2025-05-04,6365.492880439717,3125.0,1825448.6337088568
12053,2025-05-05,17794.76790608994,3125.0,1843243.4016149468
12054,2025-05-06,17780.42738020552,3125.0,1861023.8289951521
12055,2025-05-07,17760.326823064588,3125.0,1878784.1558182167
12056,2025-05-08,17731.277046287705,3125.0,1896515.4328645046
12057,2025-05-09,17690.266066993463,3125.0,1914205.698931498
12058,2025-05-10,6148.510559621745,3125.0,1920354.2094911197
12059,2025-05-11,6068.411195245656,3125.0,1926422.6206863653
12060,2025-05-12,17470.753004448077,3125.0,1943893.3736908135
12061,2025-05-13,17359.808121536098,3125.0,1961253.1818123495
12062,2025-05-14,17228.819828164684,3125.0,1978482.0016405142
12063,2025-05-15,17078.231413812588,3125.0,1995560.2330543268
12064,2025-05-16,16909.297995646615,3125.0,2012469.5310499736
12065,2025-05-17,5410.0243174467005,3125.0,2017879.5553674202
12066,2025-05-18,4979.39096636954,3125.0,2022858.9463337897
12067,2025-05-19,16317.037681846068,3125.0,2039175.9840156357
12068,2025-05-20,16103.060540312481,3125.0,2055279.0445559483
12069,2025-05-21,15888.364121475204,3125.0,2071167.4086774234
12070,2025-05-22,15678.212746691435,3125.0,2086845.6214241148
12071,2025-05-23,15478.167042882409,3125.0,2102323.7884669974
12072,2025-05-24,3702.8527862634355,3125.0,2106026.641253261
12073,2025-05-25,3532.5965917833855,3125.0,2109559.237845044
12074,2025-05-26,14995.376800361555,3125.0,2124554.6146454057
12075,2025-05-27,14891.658280825395,3125.0,2139446.272926231
12076,2025-05-28,14824.598911940564,3125.0,2154270.8718381715
12077,2025-05-29,14734.669302489947,3125.0,2169005.5411406616
12078,2025-05-30,14815.229399130378,3125.0,2183820.770539792
12079,2025-05-31,3234.5586065126627,3125.0,2187055.3291463046
12080,2025-01-01,0.0,3162.0,0.0
12081,2025-01-02,0.0,3162.0,0.0
12082,2025-01-03,0.0,3162.0,0.0
12083,2025-01-04,0.0,3162.0,0.0
12084,2025-01-05,0.0,3162.0,0.0
12085,2025-01-06,0.0,3162.0,0.0
12086,2025-01-07,0.0,3162.0,0.0
12087,2025-01-08,0.0,3162.0,0.0
12088,2025-01-09,0.0,3162.0,0.0
12089,2025-01-10,0.0,3162.0,0.0
12090,2025-01-11,0.0,3162.0,0.0
12091,2025-01-12,0.0,3162.0,0.0
12092,2025-01-13,0.0,3162.0,0.0
12093,2025-01-14,0.0,3162.0,0.0
12094,2025-01-15,0.0,3162.0,0.0
12095,2025-01-16,0.0,3162.0,0.0
12096,2025-01-17,0.0,3162.0,0.0
12097,2025-01-18,0.0,3162.0,0.0
12098,2025-01-19,0.0,3162.0,0.0
12099,2025-01-20,0.0,3162.0,0.0
12100,2025-01-21,0.0,3162.0,0.0
12101,2025-01-22,0.0,3162.0,0.0
12102,2025-01-23,0.0,3162.0,0.0
12103,2025-01-24,0.0,3162.0,0.0
12104,2025-01-25,0.0,3162.0,0.0
12105,2025-01-26,0.0,3162.0,0.0
12106,2025-01-27,0.0,3162.0,0.0
12107,2025-01-28,0.0,3162.0,0.0
12108,2025-01-29,0.0,3162.0,0.0
12109,2025-01-30,0.0,3162.0,0.0
12110,2025-01-31,0.0,3162.0,0.0
12111,2025-02-01,0.0,3162.0,0.0
12112,2025-02-02,0.0,3162.0,0.0
12113,2025-02-03,0.0,3162.0,0.0
12114,2025-02-04,0.0,3162.0,0.0
12115,2025-02-05,0.0,3162.0,0.0
12116,2025-02-06,0.0,3162.0,0.0
12117,2025-02-07,0.0,3162.0,0.0
12118,2025-02-08,0.0,3162.0,0.0
12119,2025-02-09,0.0,3162.0,0.0
12120,2025-02-10,0.0,3162.0,0.0
12121,2025-02-11,0.0,3162.0,0.0
12122,2025-02-12,0.0,3162.0,0.0
12123,2025-02-13,0.0,3162.0,0.0
12124,2025-02-14,0.0,3162.0,0.0
12125,2025-02-15,0.0,3162.0,0.0
12126,2025-02-16,0.0,3162.0,0.0
12127,2025-02-17,0.0,3162.0,0.0
12128,2025-02-18,0.0,3162.0,0.0
12129,2025-02-19,0.0,3162.0,0.0
12130,2025-02-20,0.0,3162.0,0.0
12131,2025-02-21,0.0,3162.0,0.0
12132,2025-02-22,0.0,3162.0,0.0
12133,2025-02-23,0.0,3162.0,0.0
12134,2025-02-24,0.0,3162.0,0.0
12135,2025-02-25,0.0,3162.0,0.0
12136,2025-02-26,0.0,3162.0,0.0
12137,2025-02-27,0.0,3162.0,0.0
12138,2025-02-28,0.0,3162.0,0.0
12139,2025-03-01,0.0,3162.0,0.0
12140,2025-03-02,0.0,3162.0,0.0
12141,2025-03-03,0.0,3162.0,0.0
12142,2025-03-04,0.0,3162.0,0.0
12143,2025-03-05,0.0,3162.0,0.0
12144,2025-03-06,0.0,3162.0,0.0
12145,2025-03-07,0.0,3162.0,0.0
12146,2025-03-08,0.0,3162.0,0.0
12147,2025-03-09,0.0,3162.0,0.0
12148,2025-03-10,0.0,3162.0,0.0
12149,2025-03-11,0.0,3162.0,0.0
12150,2025-03-12,0.0,3162.0,0.0
12151,2025-03-13,0.0,3162.0,0.0
12152,2025-03-14,0.0,3162.0,0.0
12153,2025-03-15,0.0,3162.0,0.0
12154,2025-03-16,0.0,3162.0,0.0
12155,2025-03-17,0.0,3162.0,0.0
12156,2025-03-18,0.0,3162.0,0.0
12157,2025-03-19,0.0,3162.0,0.0
12158,2025-03-20,0.0,3162.0,0.0
12159,2025-03-21,0.0,3162.0,0.0
12160,2025-03-22,0.0,3162.0,0.0
12161,2025-03-23,0.0,3162.0,0.0
12162,2025-03-24,0.0,3162.0,0.0
12163,2025-03-25,0.0,3162.0,0.0
12164,2025-03-26,0.0,3162.0,0.0
12165,2025-03-27,0.0,3162.0,0.0
12166,2025-03-28,0.0,3162.0,0.0
12167,2025-03-29,0.0,3162.0,0.0
12168,2025-03-30,0.0,3162.0,0.0
12169,2025-03-31,0.0,3162.0,0.0
12170,2025-04-01,0.0,3162.0,0.0
12171,2025-04-02,0.0,3162.0,0.0
12172,2025-04-03,0.0,3162.0,0.0
12173,2025-04-04,0.0,3162.0,0.0
12174,2025-04-05,0.0,3162.0,0.0
12175,2025-04-06,0.0,3162.0,0.0
12176,2025-04-07,0.0,3162.0,0.0
12177,2025-04-08,0.0,3162.0,0.0
12178,2025-04-09,0.0,3162.0,0.0
12179,2025-04-10,0.0,3162.0,0.0
12180,2025-04-11,0.0,3162.0,0.0
12181,2025-04-12,0.0,3162.0,0.0
12182,2025-04-13,0.0,3162.0,0.0
12183,2025-04-14,0.0,3162.0,0.0
12184,2025-04-15,0.0,3162.0,0.0
12185,2025-04-16,0.0,3162.0,0.0
12186,2025-04-17,0.0,3162.0,0.0
12187,2025-04-18,0.0,3162.0,0.0
12188,2025-04-19,0.0,3162.0,0.0
12189,2025-04-20,0.0,3162.0,0.0
12190,2025-04-21,0.0,3162.0,0.0
12191,2025-04-22,0.0,3162.0,0.0
12192,2025-04-23,0.0,3162.0,0.0
12193,2025-04-24,0.0,3162.0,0.0
12194,2025-04-25,0.0,3162.0,0.0
12195,2025-04-26,0.0,3162.0,0.0
12196,2025-04-27,0.0,3162.0,0.0
12197,2025-04-28,0.0,3162.0,0.0
12198,2025-04-29,0.0,3162.0,0.0
12199,2025-04-30,0.0,3162.0,0.0
12200,2025-05-01,0.0,3162.0,0.0
12201,2025-05-02,0.0,3162.0,0.0
12202,2025-05-03,0.0,3162.0,0.0
12203,2025-05-04,0.0,3162.0,0.0
12204,2025-05-05,0.0,3162.0,0.0
12205,2025-05-06,0.0,3162.0,0.0
12206,2025-05-07,0.0,3162.0,0.0
12207,2025-05-08,0.0,3162.0,0.0
12208,2025-05-09,0.0,3162.0,0.0
12209,2025-05-10,0.0,3162.0,0.0
12210,2025-05-11,0.0,3162.0,0.0
12211,2025-05-12,0.0,3162.0,0.0
12212,2025-05-13,0.0,3162.0,0.0
12213,2025-05-14,0.0,3162.0,0.0
12214,2025-05-15,0.0,3162.0,0.0
12215,2025-05-16,0.0,3162.0,0.0
12216,2025-05-17,0.0,3162.0,0.0
12217,2025-05-18,0.0,3162.0,0.0
12218,2025-05-19,0.0,3162.0,0.0
12219,2025-05-20,0.0,3162.0,0.0
12220,2025-05-21,0.0,3162.0,0.0
12221,2025-05-22,0.0,3162.0,0.0
12222,2025-05-23,0.0,3162.0,0.0
12223,2025-05-24,0.0,3162.0,0.0
12224,2025-05-25,0.0,3162.0,0.0
12225,2025-05-26,0.0,3162.0,0.0
12226,2025-05-27,0.0,3162.0,0.0
12227,2025-05-28,0.0,3162.0,0.0
12228,2025-05-29,0.0,3162.0,0.0
12229,2025-05-30,0.0,3162.0,0.0
12230,2025-05-31,0.0,3162.0,0.0
12231,2025-01-01,0.0,3161.0,0.0
12232,2025-01-02,0.0,3161.0,0.0
12233,2025-01-03,0.0,3161.0,0.0
12234,2025-01-04,0.0,3161.0,0.0
12235,2025-01-05,0.0,3161.0,0.0
12236,2025-01-06,0.0,3161.0,0.0
12237,2025-01-07,0.0,3161.0,0.0
12238,2025-01-08,0.0,3161.0,0.0
12239,2025-01-09,0.0,3161.0,0.0
12240,2025-01-10,0.0,3161.0,0.0
12241,2025-01-11,0.0,3161.0,0.0
12242,2025-01-12,0.0,3161.0,0.0
12243,2025-01-13,0.0,3161.0,0.0
12244,2025-01-14,0.0,3161.0,0.0
12245,2025-01-15,0.0,3161.0,0.0
12246,2025-01-16,0.0,3161.0,0.0
12247,2025-01-17,0.0,3161.0,0.0
12248,2025-01-18,0.0,3161.0,0.0
12249,2025-01-19,0.0,3161.0,0.0
12250,2025-01-20,0.0,3161.0,0.0
12251,2025-01-21,0.0,3161.0,0.0
12252,2025-01-22,0.0,3161.0,0.0
12253,2025-01-23,0.0,3161.0,0.0
12254,2025-01-24,0.0,3161.0,0.0
12255,2025-01-25,0.0,3161.0,0.0
12256,2025-01-26,0.0,3161.0,0.0
12257,2025-01-27,0.0,3161.0,0.0
12258,2025-01-28,0.0,3161.0,0.0
12259,2025-01-29,0.0,3161.0,0.0
12260,2025-01-30,0.0,3161.0,0.0
12261,2025-01-31,0.0,3161.0,0.0
12262,2025-02-01,0.0,3161.0,0.0
12263,2025-02-02,0.0,3161.0,0.0
12264,2025-02-03,0.0,3161.0,0.0
12265,2025-02-04,0.0,3161.0,0.0
12266,2025-02-05,0.0,3161.0,0.0
12267,2025-02-06,0.0,3161.0,0.0
12268,2025-02-07,0.0,3161.0,0.0
12269,2025-02-08,0.0,3161.0,0.0
12270,2025-02-09,0.0,3161.0,0.0
12271,2025-02-10,0.0,3161.0,0.0
12272,2025-02-11,0.0,3161.0,0.0
12273,2025-02-12,0.0,3161.0,0.0
12274,2025-02-13,0.0,3161.0,0.0
12275,2025-02-14,0.0,3161.0,0.0
12276,2025-02-15,0.0,3161.0,0.0
12277,2025-02-16,0.0,3161.0,0.0
12278,2025-02-17,0.0,3161.0,0.0
12279,2025-02-18,0.0,3161.0,0.0
12280,2025-02-19,0.0,3161.0,0.0
12281,2025-02-20,0.0,3161.0,0.0
12282,2025-02-21,0.0,3161.0,0.0
12283,2025-02-22,0.0,3161.0,0.0
12284,2025-02-23,0.0,3161.0,0.0
12285,2025-02-24,0.0,3161.0,0.0
12286,2025-02-25,0.0,3161.0,0.0
12287,2025-02-26,0.0,3161.0,0.0
12288,2025-02-27,0.0,3161.0,0.0
12289,2025-02-28,0.0,3161.0,0.0
12290,2025-03-01,0.0,3161.0,0.0
12291,2025-03-02,0.0,3161.0,0.0
12292,2025-03-03,0.0,3161.0,0.0
12293,2025-03-04,0.0,3161.0,0.0
12294,2025-03-05,0.0,3161.0,0.0
12295,2025-03-06,0.0,3161.0,0.0
12296,2025-03-07,0.0,3161.0,0.0
12297,2025-03-08,0.0,3161.0,0.0
12298,2025-03-09,0.0,3161.0,0.0
12299,2025-03-10,0.0,3161.0,0.0
12300,2025-03-11,0.0,3161.0,0.0
12301,2025-03-12,0.0,3161.0,0.0
12302,2025-03-13,0.0,3161.0,0.0
12303,2025-03-14,0.0,3161.0,0.0
12304,2025-03-15,0.0,3161.0,0.0
12305,2025-03-16,0.0,3161.0,0.0
12306,2025-03-17,0.0,3161.0,0.0
12307,2025-03-18,0.0,3161.0,0.0
12308,2025-03-19,0.0,3161.0,0.0
12309,2025-03-20,0.0,3161.0,0.0
12310,2025-03-21,0.0,3161.0,0.0
12311,2025-03-22,0.0,3161.0,0.0
12312,2025-03-23,0.0,3161.0,0.0
12313,2025-03-24,0.0,3161.0,0.0
12314,2025-03-25,0.0,3161.0,0.0
12315,2025-03-26,0.0,3161.0,0.0
12316,2025-03-27,0.0,3161.0,0.0
12317,2025-03-28,0.0,3161.0,0.0
12318,2025-03-29,0.0,3161.0,0.0
12319,2025-03-30,0.0,3161.0,0.0
12320,2025-03-31,0.0,3161.0,0.0
12321,2025-04-01,0.0,3161.0,0.0
12322,2025-04-02,0.0,3161.0,0.0
12323,2025-04-03,0.0,3161.0,0.0
12324,2025-04-04,0.0,3161.0,0.0
12325,2025-04-05,0.0,3161.0,0.0
12326,2025-04-06,0.0,3161.0,0.0
12327,2025-04-07,0.0,3161.0,0.0
12328,2025-04-08,0.0,3161.0,0.0
12329,2025-04-09,0.0,3161.0,0.0
12330,2025-04-10,0.0,3161.0,0.0
12331,2025-04-11,0.0,3161.0,0.0
12332,2025-04-12,0.0,3161.0,0.0
12333,2025-04-13,0.0,3161.0,0.0
12334,2025-04-14,0.0,3161.0,0.0
12335,2025-04-15,0.0,3161.0,0.0
12336,2025-04-16,0.0,3161.0,0.0
12337,2025-04-17,0.0,3161.0,0.0
12338,2025-04-18,0.0,3161.0,0.0
12339,2025-04-19,0.0,3161.0,0.0
12340,2025-04-20,0.0,3161.0,0.0
12341,2025-04-21,0.0,3161.0,0.0
12342,2025-04-22,0.0,3161.0,0.0
12343,2025-04-23,0.0,3161.0,0.0
12344,2025-04-24,0.0,3161.0,0.0
12345,2025-04-25,0.0,3161.0,0.0
12346,2025-04-26,0.0,3161.0,0.0
12347,2025-04-27,0.0,3161.0,0.0
12348,2025-04-28,0.0,3161.0,0.0
12349,2025-04-29,0.0,3161.0,0.0
12350,2025-04-30,0.0,3161.0,0.0
12351,2025-05-01,0.0,3161.0,0.0
12352,2025-05-02,0.0,3161.0,0.0
12353,2025-05-03,0.0,3161.0,0.0
12354,2025-05-04,0.0,3161.0,0.0
12355,2025-05-05,0.0,3161.0,0.0
12356,2025-05-06,0.0,3161.0,0.0
12357,2025-05-07,0.0,3161.0,0.0
12358,2025-05-08,0.0,3161.0,0.0
12359,2025-05-09,0.0,3161.0,0.0
12360,2025-05-10,0.0,3161.0,0.0
12361,2025-05-11,0.0,3161.0,0.0
12362,2025-05-12,0.0,3161.0,0.0
12363,2025-05-13,0.0,3161.0,0.0
12364,2025-05-14,0.0,3161.0,0.0
12365,2025-05-15,0.0,3161.0,0.0
12366,2025-05-16,0.0,3161.0,0.0
12367,2025-05-17,0.0,3161.0,0.0
12368,2025-05-18,0.0,3161.0,0.0
12369,2025-05-19,0.0,3161.0,0.0
12370,2025-05-20,0.0,3161.0,0.0
12371,2025-05-21,0.0,3161.0,0.0
12372,2025-05-22,0.0,3161.0,0.0
12373,2025-05-23,0.0,3161.0,0.0
12374,2025-05-24,0.0,3161.0,0.0
12375,2025-05-25,0.0,3161.0,0.0
12376,2025-05-26,0.0,3161.0,0.0
12377,2025-05-27,0.0,3161.0,0.0
12378,2025-05-28,0.0,3161.0,0.0
12379,2025-05-29,0.0,3161.0,0.0
12380,2025-05-30,0.0,3161.0,0.0
12381,2025-05-31,0.0,3161.0,0.0
12382,2025-01-01,0.0,3241.0,0.0
12383,2025-01-02,0.0,3241.0,0.0
12384,2025-01-03,0.0,3241.0,0.0
12385,2025-01-04,0.0,3241.0,0.0
12386,2025-01-05,0.0,3241.0,0.0
12387,2025-01-06,0.0,3241.0,0.0
12388,2025-01-07,0.0,3241.0,0.0
12389,2025-01-08,0.0,3241.0,0.0
12390,2025-01-09,0.0,3241.0,0.0
12391,2025-01-10,0.0,3241.0,0.0
12392,2025-01-11,0.0,3241.0,0.0
12393,2025-01-12,0.0,3241.0,0.0
12394,2025-01-13,0.0,3241.0,0.0
12395,2025-01-14,0.0,3241.0,0.0
12396,2025-01-15,0.0,3241.0,0.0
12397,2025-01-16,0.0,3241.0,0.0
12398,2025-01-17,0.0,3241.0,0.0
12399,2025-01-18,0.0,3241.0,0.0
12400,2025-01-19,0.0,3241.0,0.0
12401,2025-01-20,0.0,3241.0,0.0
12402,2025-01-21,0.0,3241.0,0.0
12403,2025-01-22,0.0,3241.0,0.0
12404,2025-01-23,0.0,3241.0,0.0
12405,2025-01-24,0.0,3241.0,0.0
12406,2025-01-25,0.0,3241.0,0.0
12407,2025-01-26,0.0,3241.0,0.0
12408,2025-01-27,0.0,3241.0,0.0
12409,2025-01-28,0.0,3241.0,0.0
12410,2025-01-29,0.0,3241.0,0.0
12411,2025-01-30,0.0,3241.0,0.0
12412,2025-01-31,0.0,3241.0,0.0
12413,2025-02-01,0.0,3241.0,0.0
12414,2025-02-02,0.0,3241.0,0.0
12415,2025-02-03,0.0,3241.0,0.0
12416,2025-02-04,0.0,3241.0,0.0
12417,2025-02-05,0.0,3241.0,0.0
12418,2025-02-06,0.0,3241.0,0.0
12419,2025-02-07,0.0,3241.0,0.0
12420,2025-02-08,0.0,3241.0,0.0
12421,2025-02-09,0.0,3241.0,0.0
12422,2025-02-10,0.0,3241.0,0.0
12423,2025-02-11,0.0,3241.0,0.0
12424,2025-02-12,0.0,3241.0,0.0
12425,2025-02-13,0.0,3241.0,0.0
12426,2025-02-14,0.0,3241.0,0.0
12427,2025-02-15,0.0,3241.0,0.0
12428,2025-02-16,0.0,3241.0,0.0
12429,2025-02-17,0.0,3241.0,0.0
12430,2025-02-18,0.0,3241.0,0.0
12431,2025-02-19,0.0,3241.0,0.0
12432,2025-02-20,0.0,3241.0,0.0
12433,2025-02-21,0.0,3241.0,0.0
12434,2025-02-22,0.0,3241.0,0.0
12435,2025-02-23,0.0,3241.0,0.0
12436,2025-02-24,0.0,3241.0,0.0
12437,2025-02-25,0.0,3241.0,0.0
12438,2025-02-26,0.0,3241.0,0.0
12439,2025-02-27,0.0,3241.0,0.0
12440,2025-02-28,0.0,3241.0,0.0
12441,2025-03-01,0.0,3241.0,0.0
12442,2025-03-02,0.0,3241.0,0.0
12443,2025-03-03,0.0,3241.0,0.0
12444,2025-03-04,0.0,3241.0,0.0
12445,2025-03-05,0.0,3241.0,0.0
12446,2025-03-06,0.0,3241.0,0.0
12447,2025-03-07,0.0,3241.0,0.0
12448,2025-03-08,0.0,3241.0,0.0
12449,2025-03-09,0.0,3241.0,0.0
12450,2025-03-10,0.0,3241.0,0.0
12451,2025-03-11,0.0,3241.0,0.0
12452,2025-03-12,0.0,3241.0,0.0
12453,2025-03-13,0.0,3241.0,0.0
12454,2025-03-14,0.0,3241.0,0.0
12455,2025-03-15,0.0,3241.0,0.0
12456,2025-03-16,0.0,3241.0,0.0
12457,2025-03-17,0.0,3241.0,0.0
12458,2025-03-18,0.0,3241.0,0.0
12459,2025-03-19,0.0,3241.0,0.0
12460,2025-03-20,0.0,3241.0,0.0
12461,2025-03-21,0.0,3241.0,0.0
12462,2025-03-22,0.0,3241.0,0.0
12463,2025-03-23,0.0,3241.0,0.0
12464,2025-03-24,0.0,3241.0,0.0
12465,2025-03-25,0.0,3241.0,0.0
12466,2025-03-26,0.0,3241.0,0.0
12467,2025-03-27,0.0,3241.0,0.0
12468,2025-03-28,0.0,3241.0,0.0
12469,2025-03-29,0.0,3241.0,0.0
12470,2025-03-30,0.0,3241.0,0.0
12471,2025-03-31,0.0,3241.0,0.0
12472,2025-04-01,0.0,3241.0,0.0
12473,2025-04-02,0.0,3241.0,0.0
12474,2025-04-03,0.0,3241.0,0.0
12475,2025-04-04,0.0,3241.0,0.0
12476,2025-04-05,0.0,3241.0,0.0
12477,2025-04-06,0.0,3241.0,0.0
12478,2025-04-07,0.0,3241.0,0.0
12479,2025-04-08,0.0,3241.0,0.0
12480,2025-04-09,0.0,3241.0,0.0
12481,2025-04-10,0.0,3241.0,0.0
12482,2025-04-11,0.0,3241.0,0.0
12483,2025-04-12,0.0,3241.0,0.0
12484,2025-04-13,0.0,3241.0,0.0
12485,2025-04-14,0.0,3241.0,0.0
12486,2025-04-15,0.0,3241.0,0.0
12487,2025-04-16,0.0,3241.0,0.0
12488,2025-04-17,0.0,3241.0,0.0
12489,2025-04-18,0.0,3241.0,0.0
12490,2025-04-19,0.0,3241.0,0.0
12491,2025-04-20,0.0,3241.0,0.0
12492,2025-04-21,0.0,3241.0,0.0
12493,2025-04-22,0.0,3241.0,0.0
12494,2025-04-23,0.0,3241.0,0.0
12495,2025-04-24,0.0,3241.0,0.0
12496,2025-04-25,0.0,3241.0,0.0
12497,2025-04-26,0.0,3241.0,0.0
12498,2025-04-27,0.0,3241.0,0.0
12499,2025-04-28,0.0,3241.0,0.0
12500,2025-04-29,0.0,3241.0,0.0
12501,2025-04-30,0.0,3241.0,0.0
12502,2025-05-01,0.0,3241.0,0.0
12503,2025-05-02,0.0,3241.0,0.0
12504,2025-05-03,0.0,3241.0,0.0
12505,2025-05-04,0.0,3241.0,0.0
12506,2025-05-05,0.0,3241.0,0.0
12507,2025-05-06,0.0,3241.0,0.0
12508,2025-05-07,0.0,3241.0,0.0
12509,2025-05-08,0.0,3241.0,0.0
12510,2025-05-09,0.0,3241.0,0.0
12511,2025-05-10,0.0,3241.0,0.0
12512,2025-05-11,0.0,3241.0,0.0
12513,2025-05-12,0.0,3241.0,0.0
12514,2025-05-13,0.0,3241.0,0.0
12515,2025-05-14,0.0,3241.0,0.0
12516,2025-05-15,0.0,3241.0,0.0
12517,2025-05-16,0.0,3241.0,0.0
12518,2025-05-17,0.0,3241.0,0.0
12519,2025-05-18,0.0,3241.0,0.0
12520,2025-05-19,0.0,3241.0,0.0
12521,2025-05-20,0.0,3241.0,0.0
12522,2025-05-21,0.0,3241.0,0.0
12523,2025-05-22,0.0,3241.0,0.0
12524,2025-05-23,0.0,3241.0,0.0
12525,2025-05-24,0.0,3241.0,0.0
12526,2025-05-25,0.0,3241.0,0.0
12527,2025-05-26,0.0,3241.0,0.0
12528,2025-05-27,0.0,3241.0,0.0
12529,2025-05-28,0.0,3241.0,0.0
12530,2025-05-29,0.0,3241.0,0.0
12531,2025-05-30,0.0,3241.0,0.0
12532,2025-05-31,0.0,3241.0,0.0
12533,2025-01-01,0.0,3265.0,0.0
12534,2025-01-02,0.0,3265.0,0.0
12535,2025-01-03,0.0,3265.0,0.0
12536,2025-01-04,0.0,3265.0,0.0
12537,2025-01-05,0.0,3265.0,0.0
12538,2025-01-06,0.0,3265.0,0.0
12539,2025-01-07,0.0,3265.0,0.0
12540,2025-01-08,0.0,3265.0,0.0
12541,2025-01-09,0.0,3265.0,0.0
12542,2025-01-10,0.0,3265.0,0.0
12543,2025-01-11,0.0,3265.0,0.0
12544,2025-01-12,0.0,3265.0,0.0
12545,2025-01-13,0.0,3265.0,0.0
12546,2025-01-14,0.0,3265.0,0.0
12547,2025-01-15,0.0,3265.0,0.0
12548,2025-01-16,0.0,3265.0,0.0
12549,2025-01-17,0.0,3265.0,0.0
12550,2025-01-18,0.0,3265.0,0.0
12551,2025-01-19,0.0,3265.0,0.0
12552,2025-01-20,0.0,3265.0,0.0
12553,2025-01-21,0.0,3265.0,0.0
12554,2025-01-22,0.0,3265.0,0.0
12555,2025-01-23,0.0,3265.0,0.0
12556,2025-01-24,0.0,3265.0,0.0
12557,2025-01-25,0.0,3265.0,0.0
12558,2025-01-26,0.0,3265.0,0.0
12559,2025-01-27,0.0,3265.0,0.0
12560,2025-01-28,0.0,3265.0,0.0
12561,2025-01-29,0.0,3265.0,0.0
12562,2025-01-30,0.0,3265.0,0.0
12563,2025-01-31,0.0,3265.0,0.0
12564,2025-02-01,0.0,3265.0,0.0
12565,2025-02-02,0.0,3265.0,0.0
12566,2025-02-03,0.0,3265.0,0.0
12567,2025-02-04,0.0,3265.0,0.0
12568,2025-02-05,0.0,3265.0,0.0
12569,2025-02-06,0.0,3265.0,0.0
12570,2025-02-07,0.0,3265.0,0.0
12571,2025-02-08,0.0,3265.0,0.0
12572,2025-02-09,0.0,3265.0,0.0
12573,2025-02-10,0.0,3265.0,0.0
12574,2025-02-11,0.0,3265.0,0.0
12575,2025-02-12,0.0,3265.0,0.0
12576,2025-02-13,0.0,3265.0,0.0
12577,2025-02-14,0.0,3265.0,0.0
12578,2025-02-15,0.0,3265.0,0.0
12579,2025-02-16,0.0,3265.0,0.0
12580,2025-02-17,0.0,3265.0,0.0
12581,2025-02-18,0.0,3265.0,0.0
12582,2025-02-19,0.0,3265.0,0.0
12583,2025-02-20,0.0,3265.0,0.0
12584,2025-02-21,0.0,3265.0,0.0
12585,2025-02-22,0.0,3265.0,0.0
12586,2025-02-23,0.0,3265.0,0.0
12587,2025-02-24,0.0,3265.0,0.0
12588,2025-02-25,0.0,3265.0,0.0
12589,2025-02-26,0.0,3265.0,0.0
12590,2025-02-27,0.0,3265.0,0.0
12591,2025-02-28,0.0,3265.0,0.0
12592,2025-03-01,0.0,3265.0,0.0
12593,2025-03-02,0.0,3265.0,0.0
12594,2025-03-03,0.0,3265.0,0.0
12595,2025-03-04,0.0,3265.0,0.0
12596,2025-03-05,0.0,3265.0,0.0
12597,2025-03-06,0.0,3265.0,0.0
12598,2025-03-07,0.0,3265.0,0.0
12599,2025-03-08,0.0,3265.0,0.0
12600,2025-03-09,0.0,3265.0,0.0
12601,2025-03-10,0.0,3265.0,0.0
12602,2025-03-11,0.0,3265.0,0.0
12603,2025-03-12,0.0,3265.0,0.0
12604,2025-03-13,0.0,3265.0,0.0
12605,2025-03-14,0.0,3265.0,0.0
12606,2025-03-15,0.0,3265.0,0.0
12607,2025-03-16,0.0,3265.0,0.0
12608,2025-03-17,0.0,3265.0,0.0
12609,2025-03-18,0.0,3265.0,0.0
12610,2025-03-19,0.0,3265.0,0.0
12611,2025-03-20,0.0,3265.0,0.0
12612,2025-03-21,0.0,3265.0,0.0
12613,2025-03-22,0.0,3265.0,0.0
12614,2025-03-23,0.0,3265.0,0.0
12615,2025-03-24,0.0,3265.0,0.0
12616,2025-03-25,0.0,3265.0,0.0
12617,2025-03-26,0.0,3265.0,0.0
12618,2025-03-27,0.0,3265.0,0.0
12619,2025-03-28,0.0,3265.0,0.0
12620,2025-03-29,0.0,3265.0,0.0
12621,2025-03-30,0.0,3265.0,0.0
12622,2025-03-31,0.0,3265.0,0.0
12623,2025-04-01,0.0,3265.0,0.0
12624,2025-04-02,0.0,3265.0,0.0
12625,2025-04-03,0.0,3265.0,0.0
12626,2025-04-04,0.0,3265.0,0.0
12627,2025-04-05,0.0,3265.0,0.0
12628,2025-04-06,0.0,3265.0,0.0
12629,2025-04-07,0.0,3265.0,0.0
12630,2025-04-08,0.0,3265.0,0.0
12631,2025-04-09,0.0,3265.0,0.0
12632,2025-04-10,0.0,3265.0,0.0
12633,2025-04-11,0.0,3265.0,0.0
12634,2025-04-12,0.0,3265.0,0.0
12635,2025-04-13,0.0,3265.0,0.0
12636,2025-04-14,0.0,3265.0,0.0
12637,2025-04-15,0.0,3265.0,0.0
12638,2025-04-16,0.0,3265.0,0.0
12639,2025-04-17,0.0,3265.0,0.0
12640,2025-04-18,0.0,3265.0,0.0
12641,2025-04-19,0.0,3265.0,0.0
12642,2025-04-20,0.0,3265.0,0.0
12643,2025-04-21,0.0,3265.0,0.0
12644,2025-04-22,0.0,3265.0,0.0
12645,2025-04-23,0.0,3265.0,0.0
12646,2025-04-24,0.0,3265.0,0.0
12647,2025-04-25,0.0,3265.0,0.0
12648,2025-04-26,0.0,3265.0,0.0
12649,2025-04-27,0.0,3265.0,0.0
12650,2025-04-28,0.0,3265.0,0.0
12651,2025-04-29,0.0,3265.0,0.0
12652,2025-04-30,0.0,3265.0,0.0
12653,2025-05-01,0.0,3265.0,0.0
12654,2025-05-02,0.0,3265.0,0.0
12655,2025-05-03,0.0,3265.0,0.0
12656,2025-05-04,0.0,3265.0,0.0
12657,2025-05-05,0.0,3265.0,0.0
12658,2025-05-06,0.0,3265.0,0.0
12659,2025-05-07,0.0,3265.0,0.0
12660,2025-05-08,0.0,3265.0,0.0
12661,2025-05-09,0.0,3265.0,0.0
12662,2025-05-10,0.0,3265.0,0.0
12663,2025-05-11,0.0,3265.0,0.0
12664,2025-05-12,0.0,3265.0,0.0
12665,2025-05-13,0.0,3265.0,0.0
12666,2025-05-14,0.0,3265.0,0.0
12667,2025-05-15,0.0,3265.0,0.0
12668,2025-05-16,0.0,3265.0,0.0
12669,2025-05-17,0.0,3265.0,0.0
12670,2025-05-18,0.0,3265.0,0.0
12671,2025-05-19,0.0,3265.0,0.0
12672,2025-05-20,0.0,3265.0,0.0
12673,2025-05-21,0.0,3265.0,0.0
12674,2025-05-22,0.0,3265.0,0.0
12675,2025-05-23,0.0,3265.0,0.0
12676,2025-05-24,0.0,3265.0,0.0
12677,2025-05-25,0.0,3265.0,0.0
12678,2025-05-26,0.0,3265.0,0.0
12679,2025-05-27,0.0,3265.0,0.0
12680,2025-05-28,0.0,3265.0,0.0
12681,2025-05-29,0.0,3265.0,0.0
12682,2025-05-30,0.0,3265.0,0.0
12683,2025-05-31,0.0,3265.0,0.0
12684,2025-01-01,8985.63279104744,3282.0,8985.63279104744
12685,2025-01-02,9509.204696986399,3282.0,18494.837488033838
12686,2025-01-03,9916.111338868288,3282.0,28410.948826902124
12687,2025-01-04,2604.4817299785723,3282.0,31015.4305568807
12688,2025-01-05,2979.0441084674135,3282.0,33994.47466534811
12689,2025-01-06,11045.411950650663,3282.0,45039.886615998774
12690,2025-01-07,11379.939040734691,3282.0,56419.82565673346
12691,2025-01-08,11689.073769755614,3282.0,68108.89942648908
12692,2025-01-09,11970.96691961901,3282.0,80079.86634610809
12693,2025-01-10,12224.323459970727,3282.0,92304.18980607882
12694,2025-01-11,4721.439780883165,3282.0,97025.62958696198
12695,2025-01-12,4912.996836345154,3282.0,101938.62642330714
12696,2025-01-13,12808.342599279089,3282.0,114746.96902258623
12697,2025-01-14,12945.276758218548,3282.0,127692.24578080478
12698,2025-01-15,13054.977264977268,3282.0,140747.22304578204
12699,2025-01-16,13139.036230120513,3282.0,153886.25927590256
12700,2025-01-17,13199.384611082092,3282.0,167085.64388698465
12701,2025-01-18,5490.1539546574595,3282.0,172575.7978416421
12702,2025-01-19,5506.940234585553,3282.0,178082.73807622766
12703,2025-01-20,13261.415659604434,3282.0,191344.15373583208
12704,2025-01-21,13251.089507452834,3282.0,204595.24324328493
12705,2025-01-22,13229.857599417513,3282.0,217825.10084270244
12706,2025-01-23,13200.51980855265,3282.0,231025.6206512551
12707,2025-01-24,13165.832626122083,3282.0,244191.45327737718
12708,2025-01-25,5359.250589521999,3282.0,249550.70386689916
12709,2025-01-26,5318.71495141996,3282.0,254869.41881831913
12710,2025-01-27,13055.646810986847,3282.0,267925.06562930596
12711,2025-01-28,13024.732879450445,3282.0,280949.79850875644
12712,2025-01-29,13000.142630515322,3282.0,293949.9411392718
12713,2025-01-30,12983.567409057316,3282.0,306933.50854832906
12714,2025-01-31,12976.435548639329,3282.0,319909.9440969684
12715,2025-02-01,5189.56245551914,3282.0,325099.50655248755
12716,2025-02-02,5201.48715680697,3282.0,330300.9937092945
12717,2025-02-03,13021.863818962915,3282.0,343322.8575282574
12718,2025-02-04,13061.283617092411,3282.0,356384.14114534983
12719,2025-02-05,13113.16507181003,3282.0,369497.30621715984
12720,2025-02-06,13177.314960227543,3282.0,382674.6211773874
12721,2025-02-07,13253.301334711732,3282.0,395927.92251209915
12722,2025-02-08,5529.003302299648,3282.0,401456.9258143988
12723,2025-02-09,5623.482783487522,3282.0,407080.40859788633
12724,2025-02-10,13544.758685396157,3282.0,420625.16728328244
12725,2025-02-11,13659.646740301214,3282.0,434284.81402358366
12726,2025-02-12,13781.303152823994,3282.0,448066.11717640766
12727,2025-02-13,13908.286334663737,3282.0,461974.4035110714
12728,2025-02-14,14039.066344366043,3282.0,476013.46985543746
12729,2025-02-15,6339.452927882971,3282.0,482352.9227833204
12730,2025-02-16,6469.981582148611,3282.0,488822.904365469
12731,2025-02-17,14438.050413826175,3282.0,503260.9547792952
12732,2025-02-18,14567.759243005561,3282.0,517828.7140223008
12733,2025-02-19,14693.08936713414,3282.0,532521.8033894349
12734,2025-02-20,14812.450599324382,3282.0,547334.2539887592
12735,2025-02-21,14924.31336591201,3282.0,562258.5673546713
12736,2025-02-22,7173.503011745891,3282.0,569432.0703664172
12737,2025-02-23,7263.089883060131,3282.0,576695.1602494774
12738,2025-02-24,15200.880185450496,3282.0,591896.0404349278
12739,2025-02-25,15269.247108900245,3282.0,607165.287543828
12740,2025-02-26,15323.9407178677,3282.0,622489.2282616957
12741,2025-02-27,15364.115346275452,3282.0,637853.3436079712
12742,2025-02-28,15389.080232302553,3282.0,653242.4238402738
12743,2025-03-01,7523.456580795935,3282.0,660765.8804210697
12744,2025-03-02,7513.568572375481,3282.0,668279.4489934451
12745,2025-03-03,15368.28536807617,3282.0,683647.7343615213
12746,2025-03-04,15328.841502080275,3282.0,698976.5758636016
12747,2025-03-05,15273.274139968817,3282.0,714249.8500035704
12748,2025-03-06,15201.928007145598,3282.0,729451.7780107161
12749,2025-03-07,15115.321655502372,3282.0,744567.0996662184
12750,2025-03-08,7118.164322490843,3282.0,751685.2639887093
12751,2025-03-09,7000.244919210136,3282.0,758685.5089079194
12752,2025-03-10,14771.622353121998,3282.0,773457.1312610414
12753,2025-03-11,14632.432615029642,3282.0,788089.563876071
12754,2025-03-12,14482.951247327936,3282.0,802572.515123399
12755,2025-03-13,14324.5742382984,3282.0,816897.0893616973
12756,2025-03-14,14158.799124999048,3282.0,831055.8884866964
12757,2025-03-15,6070.101802984567,3282.0,837125.990289681
12758,2025-03-16,5891.324761692033,3282.0,843017.315051373
12759,2025-03-17,13633.218250510585,3282.0,856650.5333018836
12760,2025-03-18,13454.237954528993,3282.0,870104.7712564126
12761,2025-03-19,13276.238011501378,3282.0,883381.009267914
12762,2025-03-20,13100.934686714987,3282.0,896481.943954629
12763,2025-03-21,12930.010587533565,3282.0,909411.9545421625
12764,2025-03-22,4826.861095253576,3282.0,914238.8156374161
12765,2025-03-23,4666.4928010441245,3282.0,918905.3084384602
12766,2025-03-24,12459.427588023555,3282.0,931364.7360264838
12767,2025-03-25,12321.50388091967,3282.0,943686.2399074035
12768,2025-03-26,12195.213863149942,3282.0,955881.4537705533
12769,2025-03-27,12081.663971319116,3282.0,967963.1177418726
12770,2025-03-28,11981.816345245395,3282.0,979944.9340871179
12771,2025-03-29,3937.118772780259,3282.0,983882.0528598982
12772,2025-03-30,3863.926661428843,3282.0,987745.979521327
12773,2025-03-31,11771.782498538863,3282.0,999517.7620198659
12774,2025-04-01,11733.231962589009,3282.0,1011250.9939824549
12775,2025-04-02,11710.81517814937,3282.0,1022961.8091606043
12776,2025-04-03,11704.532177455692,3282.0,1034666.34133806
12777,2025-04-04,11714.22784613828,3282.0,1046380.5691841982
12778,2025-04-05,3759.1096073359367,3282.0,1050139.6787915342
12779,2025-04-06,3796.695030353474,3282.0,1053936.3738218877
12780,2025-04-07,11835.466613288625,3282.0,1065771.8404351762
12781,2025-04-08,11904.700571618041,3282.0,1077676.5410067942
12782,2025-04-09,11987.107906436262,3282.0,1089663.6489132305
12783,2025-04-10,12081.79871403362,3282.0,1101745.447627264
12784,2025-04-11,12187.802812461017,3282.0,1113933.2504397251
12785,2025-04-12,4302.465899717057,3282.0,1118235.7163394422
12786,2025-04-13,4424.912367941813,3282.0,1122660.628707384
12787,2025-04-14,12563.064124448469,3282.0,1135223.6928318324
12788,2025-04-15,12703.470254039352,3282.0,1147927.1630858718
12789,2025-04-16,12849.585918854196,3282.0,1160776.749004726
12790,2025-04-17,12771.565317069826,3282.0,1173548.314321796
12791,2025-04-18,12925.136428445483,3282.0,1186473.4507502413
12792,2025-04-19,5287.591892431739,3282.0,1191761.0426426732
12793,2025-04-20,5311.263027400369,3282.0,1197072.3056700735
12794,2025-04-21,13509.23911204576,3282.0,1210581.5447821193
12795,2025-04-22,13780.318968094876,3282.0,1224361.8637502142
12796,2025-04-23,13933.853237912735,3282.0,1238295.716988127
12797,2025-04-24,14084.09616143324,3282.0,1252379.81314956
12798,2025-04-25,14230.078717512346,3282.0,1266609.8918670726
12799,2025-04-26,6327.010477913799,3282.0,1272936.9023449863
12800,2025-04-27,6458.754855007297,3282.0,1279395.6571999935
12801,2025-04-28,14633.561838127656,3282.0,1294029.2190381212
12802,2025-04-29,14753.889187792105,3282.0,1308783.1082259133
12803,2025-04-30,14865.950711374142,3282.0,1323649.0589372874
12804,2025-05-01,14704.35995162477,3282.0,1338353.4188889123
12805,2025-05-02,15062.92069282704,3282.0,1353416.3395817392
12806,2025-05-03,7081.839079047022,3282.0,1360498.1786607862
12807,2025-05-04,7152.501850534002,3282.0,1367650.6805113202
12808,2025-05-05,15283.675109571423,3282.0,1382934.3556208918
12809,2025-05-06,15336.105080724357,3282.0,1398270.460701616
12810,2025-05-07,15377.705013912726,3282.0,1413648.165715529
12811,2025-05-08,15408.466783498901,3282.0,1429056.6324990278
12812,2025-05-09,15428.482054880738,3282.0,1444485.1145539084
12813,2025-05-10,7351.816452291889,3282.0,1451836.9310062004
12814,2025-05-11,7348.003752720163,3282.0,1459184.9347589205
12815,2025-05-12,15426.497783454175,3282.0,1474611.4325423746
12816,2025-05-13,15406.488574271649,3282.0,1490017.9211166464
12817,2025-05-14,15377.721162442813,3282.0,1505395.6422790892
12818,2025-05-15,15340.88854212799,3282.0,1520736.5308212172
12819,2025-05-16,15296.771654674712,3282.0,1536033.3024758918
12820,2025-05-17,7268.289747358752,3282.0,1543301.5922232505
12821,2025-05-18,7079.926371963436,3282.0,1550381.518595214
12822,2025-05-19,15129.668790954844,3282.0,1565511.1873861689
12823,2025-05-20,15065.675951642837,3282.0,1580576.8633378118
12824,2025-05-21,14999.29335580044,3282.0,1595576.1566936122
12825,2025-05-22,14931.610968619874,3282.0,1610507.767662232
12826,2025-05-23,14863.721262507353,3282.0,1625371.4889247394
12827,2025-05-24,6668.319703000755,3282.0,1632039.80862774
12828,2025-05-25,6600.203165787963,3282.0,1638640.011793528
12829,2025-05-26,14669.428667287704,3282.0,1653309.4404608158
12830,2025-05-27,14611.115366905082,3282.0,1667920.5558277208
12831,2025-05-28,14557.528773806023,3282.0,1682478.0846015268
12832,2025-05-29,14633.33001572166,3282.0,1697111.4146172486
12833,2025-05-30,14467.532283767749,3282.0,1711578.9469010164
12834,2025-05-31,6282.847706124289,3282.0,1717861.7946071406
12835,2025-01-01,3184.3082089816917,3362.0,3184.3082089816917
12836,2025-01-02,2987.8700937967396,3362.0,6172.178302778431
12837,2025-01-03,2780.2685825857225,3362.0,8952.446885364154
12838,2025-01-04,1687.469487297603,3362.0,10639.916372661757
12839,2025-01-05,1474.495753243171,3362.0,12114.412125904928
12840,2025-01-06,2152.0425096504264,3362.0,14266.454635555354
12841,2025-01-07,1955.7758535031292,3362.0,16222.230489058484
12842,2025-01-08,1773.2887943642538,3362.0,17995.51928342274
12843,2025-01-09,1608.5068252994677,3362.0,19604.026108722206
12844,2025-01-10,1464.94044179437,3362.0,21068.966550516576
12845,2025-01-11,449.8862187034727,3362.0,21518.852769220048
12846,2025-01-12,355.11320595138596,3362.0,21873.965975171435
12847,2025-01-13,1188.5602099766006,3362.0,23062.526185148035
12848,2025-01-14,1153.7058906641464,3362.0,24216.23207581218
12849,2025-01-15,1148.6541602945836,3362.0,25364.886236106766
12850,2025-01-16,1173.0096099185364,3362.0,26537.8958460253
12851,2025-01-17,1225.6527969303206,3362.0,27763.548642955622
12852,2025-01-18,394.65619132485267,3362.0,28158.204834280474
12853,2025-01-19,495.7318172157553,3362.0,28653.936651496228
12854,2025-01-20,1532.0172910339777,3362.0,30185.953942530206
12855,2025-01-21,1673.573933032588,3362.0,31859.527875562795
12856,2025-01-22,1828.6359086993991,3362.0,33688.16378426219
12857,2025-01-23,1992.9664178474272,3362.0,35681.13020210962
12858,2025-01-24,2162.1429643071388,3362.0,37843.27316641676
12859,2025-01-25,1407.1520427619882,3362.0,39250.42520917875
12860,2025-01-26,1570.5395613764529,3362.0,40820.9647705552
12861,2025-01-27,2654.206468578075,3362.0,43475.17123913328
12862,2025-01-28,2798.9372201860983,3362.0,46274.108459319374
12863,2025-01-29,2927.699243888861,3362.0,49201.80770320824
12864,2025-01-30,3037.3538819080622,3362.0,52239.1615851163
12865,2025-01-31,3125.316565234813,3362.0,55364.47815035111
12866,2025-02-01,2250.6898672999405,3362.0,57615.16801765105
12867,2025-02-02,2287.974954235301,3362.0,59903.14297188635
12868,2025-02-03,3242.737616881724,3362.0,63145.88058876808
12869,2025-02-04,3231.034351852267,3362.0,66376.91494062034
12870,2025-02-05,3194.6395330269647,3362.0,69571.55447364731
12871,2025-02-06,3135.002009816064,3362.0,72706.55648346337
12872,2025-02-07,3054.1876114997413,3362.0,75760.74409496311
12873,2025-02-08,2001.477050903525,3362.0,77762.22114586664
12874,2025-02-09,1884.5859349768937,3362.0,79646.80708084353
12875,2025-02-10,2713.171178624045,3362.0,82359.97825946758
12876,2025-02-11,2578.147878961188,3362.0,84938.12613842876
12877,2025-02-12,2438.860678800506,3362.0,87376.98681722928
12878,2025-02-13,2299.3252572971323,3362.0,89676.3120745264
12879,2025-02-14,2163.513959534133,3362.0,91839.82603406053
12880,2025-02-15,1067.4991063946409,3362.0,92907.32514045517
12881,2025-02-16,948.2795342690782,3362.0,93855.60467472425
12882,2025-02-17,1815.2399410153623,3362.0,95670.84461573961
12883,2025-02-18,1729.4824533926549,3362.0,97400.32706913227
12884,2025-02-19,1663.0738929030035,3362.0,99063.40096203527
12885,2025-02-20,1617.7079345757386,3362.0,100681.10889661101
12886,2025-02-21,1594.4698596149442,3362.0,102275.57875622596
12887,2025-02-22,611.6576594749176,3362.0,102887.23641570087
12888,2025-02-23,631.3401717341424,3362.0,103518.57658743502
12889,2025-02-24,1658.8836190875797,3362.0,105177.46020652259
12890,2025-02-25,1722.3981641453968,3362.0,106899.858370668
12891,2025-02-26,1804.144657965285,3362.0,108704.00302863328
12892,2025-02-27,1901.682076481285,3362.0,110605.68510511456
12893,2025-02-28,2012.1553304108265,3362.0,112617.84043552539
12894,2025-03-01,1135.8163167536043,3362.0,113753.656752279
12895,2025-03-02,1260.3135449534363,3362.0,115013.97029723243
12896,2025-03-03,2388.2636642104258,3362.0,117402.23396144286
12897,2025-03-04,2516.7694928964247,3362.0,119919.00345433928
12898,2025-03-05,2640.9228245459317,3362.0,122559.92627888522
12899,2025-03-06,2757.3557613119287,3362.0,125317.28204019714
12900,2025-03-07,2862.954704637161,3362.0,128180.2367448343
12901,2025-03-08,1943.9718701681422,3362.0,130124.20861500244
12902,2025-03-09,2017.9275446330084,3362.0,132142.13615963544
12903,2025-03-10,3089.101846605975,3362.0,135231.23800624142
12904,2025-03-11,3127.9972073972594,3362.0,138359.2352136387
12905,2025-03-12,3146.81161119341,3362.0,141506.0468248321
12906,2025-03-13,3145.2732050869176,3362.0,144651.320029919
12907,2025-03-14,3123.6682869735487,3362.0,147774.98831689256
12908,2025-03-15,2057.442704032027,3362.0,149832.4310209246
12909,2025-03-16,1996.63057328997,3362.0,151829.06159421455
12910,2025-03-17,2949.196893968978,3362.0,154778.25848818355
12911,2025-03-18,2860.393752273852,3362.0,157638.6522404574
12912,2025-03-19,2760.1732371463713,3362.0,160398.82547760376
12913,2025-03-20,2651.2952628260605,3362.0,163050.12074042982
12914,2025-03-21,2536.680303013724,3362.0,165586.80104344356
12915,2025-03-22,1379.5317470702587,3362.0,166966.3327905138
12916,2025-03-23,1260.3414068812601,3362.0,168226.67419739507
12917,2025-03-24,2188.150921569661,3362.0,170414.82511896474
12918,2025-03-25,2079.8851121793177,3362.0,172494.71023114404
12919,2025-03-26,1979.8009141016748,3362.0,174474.51114524572
12920,2025-03-27,1889.9747386595807,3362.0,176364.4858839053
12921,2025-03-28,1812.093064469602,3362.0,178176.5789483749
12922,2025-03-29,693.2122695716964,3362.0,178869.7912179466
12923,2025-03-30,640.4573969540971,3362.0,179510.2486149007
12924,2025-03-31,1660.3153506437711,3362.0,181170.56396554445
12925,2025-04-01,1638.051624509219,3362.0,182808.6155900537
12926,2025-04-02,1629.2916214766806,3362.0,184437.90721153037
12927,2025-04-03,1632.9713021110172,3362.0,186070.8785136414
12928,2025-04-04,1647.634381502252,3362.0,187718.51289514365
12929,2025-04-05,602.8814665975574,3362.0,188321.3943617412
12930,2025-04-06,631.7955828813085,3362.0,188953.1899446225
12931,2025-04-07,1738.2814796689725,3362.0,190691.47142429146
12932,2025-04-08,1776.5605800393275,3362.0,192468.0320043308
12933,2025-04-09,1814.860353406802,3362.0,194282.8923577376
12934,2025-04-10,1850.7855919116284,3362.0,196133.67794964922
12935,2025-04-11,1882.0626181637836,3362.0,198015.74056781302
12936,2025-04-12,823.6030791155605,3362.0,198839.34364692858
12937,2025-04-13,837.5688451956911,3362.0,199676.91249212428
12938,2025-04-14,1928.659971557671,3362.0,201605.57246368195
12939,2025-04-15,1923.583306965871,3362.0,203529.1557706478
12940,2025-04-16,1906.7413953085963,3362.0,205435.8971659564
12941,2025-04-17,1870.2518846015769,3362.0,207306.149050558
12942,2025-04-18,1829.6995836829406,3362.0,209135.84863424092
12943,2025-04-19,688.3248698732906,3362.0,209824.1735041142
12944,2025-04-20,615.7388855517239,3362.0,210439.91238966593
12945,2025-04-21,1646.811782861785,3362.0,212086.72417252773
12946,2025-04-22,1578.2897320441014,3362.0,213665.01390457182
12947,2025-04-23,1498.0138890944427,3362.0,215163.02779366626
12948,2025-04-24,1416.1565949583853,3362.0,216579.18438862465
12949,2025-04-25,1335.4275474302697,3362.0,217914.61193605492
12950,2025-04-26,146.81502339633474,3362.0,218061.42695945126
12951,2025-04-27,74.76432766270204,3362.0,218136.19128711396
12952,2025-04-28,1128.2380203363066,3362.0,219264.42930745028
12953,2025-04-29,1080.0504212199212,3362.0,220344.47972867018
12954,2025-04-30,1046.5199350658775,3362.0,221390.99966373606
12955,2025-05-01,1021.2803473539708,3362.0,222412.28001109004
12956,2025-05-02,1031.6283293787058,3362.0,223443.90834046874
12957,2025-05-03,0.0,3362.0,223443.90834046874
12958,2025-05-04,0.0,3362.0,223443.90834046874
12959,2025-05-05,1159.966181914089,3362.0,224603.87452238283
12960,2025-05-06,1245.0470966511978,3362.0,225848.92161903402
12961,2025-05-07,1350.6835983343176,3362.0,227199.60521736834
12962,2025-05-08,1475.7480490355958,3362.0,228675.35326640395
12963,2025-05-09,1618.62199498192,3362.0,230293.97526138587
12964,2025-05-10,636.5837238675914,3362.0,230930.55898525345
12965,2025-05-11,806.3798638055168,3362.0,231736.93884905896
12966,2025-05-12,2131.342464711086,3362.0,233868.28131377004
12967,2025-05-13,2320.870733045924,3362.0,236189.152046816
12968,2025-05-14,2514.316789564086,3362.0,238703.46883638005
12969,2025-05-15,2708.1867932352116,3362.0,241411.65562961527
12970,2025-05-16,2898.9255254010204,3362.0,244310.5811550163
12971,2025-05-17,1916.3469117836173,3362.0,246226.9280667999
12972,2025-05-18,2099.853660147435,3362.0,248326.78172694735
12973,2025-05-19,3417.5719739254864,3362.0,251744.35370087283
12974,2025-05-20,3561.801220029431,3362.0,255306.15492090228
12975,2025-05-21,3686.9523163497606,3362.0,258993.10723725203
12976,2025-05-22,3790.690768714966,3362.0,262783.798005967
12977,2025-05-23,3871.0955215447875,3362.0,266654.8935275118
12978,2025-05-24,2757.2319887519902,3362.0,269412.12551626377
12979,2025-05-25,2784.9685011777306,3362.0,272197.0940174415
12980,2025-05-26,3959.96800511259,3362.0,276157.0620225541
12981,2025-05-27,3937.106500674228,3362.0,280094.1685232283
12982,2025-05-28,3888.3597903960645,3362.0,283982.5283136244
12983,2025-05-29,3805.0226252820667,3362.0,287787.55093890644
12984,2025-05-30,3717.2968786887986,3362.0,291504.84781759523
12985,2025-05-31,2414.190868646549,3362.0,293919.0386862418
12986,2025-01-01,708.3438955150801,3421.0,708.3438955150801
12987,2025-01-02,736.1434224207801,3421.0,1444.4873179358601
12988,2025-01-03,761.7637935975955,3421.0,2206.2511115334555
12989,2025-01-04,259.2730693346378,3421.0,2465.5241808680935
12990,2025-01-05,286.74757001631707,3421.0,2752.2717508844107
12991,2025-01-06,845.7654200806406,3421.0,3598.0371709650512
12992,2025-01-07,874.6265570604251,3421.0,4472.663728025476
12993,2025-01-08,903.1925434660806,3421.0,5375.856271491557
12994,2025-01-09,931.067442949799,3421.0,6306.9237144413555
12995,2025-01-10,957.8924135570321,3421.0,7264.816127998388
12996,2025-01-11,448.99102452517405,3421.0,7713.807152523562
12997,2025-01-12,472.139426798159,3421.0,8185.946579321721
12998,2025-01-13,1029.159935282146,3421.0,9215.106514603867
12999,2025-01-14,1049.133619694444,3421.0,10264.24013429831
13000,2025-01-15,1066.996147798101,3421.0,11331.236282096412
13001,2025-01-16,1082.6984309356553,3421.0,12413.934713032068
13002,2025-01-17,1096.2448870007036,3421.0,13510.17960003277
13003,2025-01-18,568.5765970064507,3421.0,14078.756197039222
13004,2025-01-19,577.3436853325421,3421.0,14656.099882371764
13005,2025-01-20,1124.7257769255762,3421.0,15780.82565929734
13006,2025-01-21,1130.636273696269,3421.0,16911.46193299361
13007,2025-01-22,1135.0748894476096,3421.0,18046.53682244122
13008,2025-01-23,1138.2702342303485,3421.0,19184.80705667157
13009,2025-01-24,1140.465340312064,3421.0,20325.27239698363
13010,2025-01-25,598.043555263474,3421.0,20923.315952247103
13011,2025-01-26,598.3091803511946,3421.0,21521.6251325983
13012,2025-01-27,1143.5418239222288,3421.0,22665.16695652053
13013,2025-01-28,1144.200156585546,3421.0,23809.367113106073
13014,2025-01-29,1145.0394858811492,3421.0,24954.406598987225
13015,2025-01-30,1146.244954689392,3421.0,26100.651553676616
13016,2025-01-31,1147.9731007307896,3421.0,27248.624654407406
13017,2025-02-01,601.7291220455571,3421.0,27850.35377645296
13018,2025-02-02,604.1640527642741,3421.0,28454.517829217235
13019,2025-02-03,1157.3707270144025,3421.0,29611.88855623164
13020,2025-02-04,1162.0939731236879,3421.0,30773.982529355326
13021,2025-02-05,1167.619268687298,3421.0,31941.601798042626
13022,2025-02-06,1173.9015363970088,3421.0,33115.503334439636
13023,2025-02-07,1180.866556355746,3421.0,34296.36989079538
13024,2025-02-08,635.0421855903772,3421.0,34931.41207638576
13025,2025-02-09,642.3733762238458,3421.0,35573.785452609605
13026,2025-02-10,1204.7597743019792,3421.0,36778.545226911585
13027,2025-02-11,1213.271127181608,3421.0,37991.81635409319
13028,2025-02-12,1221.8046062102492,3421.0,39213.62096030344
13029,2025-02-13,1230.2056940173131,3421.0,40443.82665432075
13030,2025-02-14,1238.324971615692,3421.0,41682.15162593644
13031,2025-02-15,687.8979863949338,3421.0,42370.04961233138
13032,2025-02-16,694.3721431311499,3421.0,43064.42175546253
13033,2025-02-17,1259.679481763661,3421.0,44324.10123722619
13034,2025-02-18,1265.4505420691914,3421.0,45589.55177929538
13035,2025-02-19,1270.433488154823,3421.0,46859.9852674502
13036,2025-02-20,1274.600299732196,3421.0,48134.585567182396
13037,2025-02-21,1277.9524061195182,3421.0,49412.537973301914
13038,2025-02-22,717.6431038385242,3421.0,50130.18107714044
13039,2025-02-23,718.8108037747953,3421.0,50848.99188091524
13040,2025-02-24,1283.582186438635,3421.0,52132.574067353875
13041,2025-02-25,1284.2805473938954,3421.0,53416.85461474777
13042,2025-02-26,1284.6036558539943,3421.0,54701.45827060176
13043,2025-02-27,1284.713147500245,3421.0,55986.17141810201
13044,2025-02-28,1284.7878963212042,3421.0,57270.95931442321
13045,2025-03-01,717.3888659637861,3421.0,57988.348180386994
13046,2025-03-02,717.2995627363607,3421.0,58705.64774312336
13047,2025-03-03,1286.761330075668,3421.0,59992.40907319903
13048,2025-03-04,1288.6787714038708,3421.0,61281.087844602895
13049,2025-03-05,1291.5596768131797,3421.0,62572.647521416075
13050,2025-03-06,1295.5915739690588,3421.0,63868.239095385135
13051,2025-03-07,1300.9472889692831,3421.0,65169.18638435442
13052,2025-03-08,735.3970403282874,3421.0,65904.5834246827
13053,2025-03-09,743.1611228348958,3421.0,66647.7445475176
13054,2025-03-10,1326.3824404880718,3421.0,67974.12698800568
13055,2025-03-11,1338.3340423823308,3421.0,69312.461030388
13056,2025-03-12,1352.125959433962,3421.0,70664.58698982197
13057,2025-03-13,1367.7734432653149,3421.0,72032.36043308728
13058,2025-03-14,1385.2588302153438,3421.0,73417.61926330262
13059,2025-03-15,827.3944899413575,3421.0,74245.01375324398
13060,2025-03-16,847.6907828167963,3421.0,75092.70453606077
13061,2025-03-17,1448.0682581102108,3421.0,76540.77279417099
13062,2025-03-18,1472.0690882315037,3421.0,78012.8418824025
13063,2025-03-19,1497.3319547867593,3421.0,79510.17383718926
13064,2025-03-20,1523.652484180381,3421.0,81033.82632136963
13065,2025-03-21,1550.8013270404851,3421.0,82584.62764841013
13066,2025-03-22,996.6373278243992,3421.0,83581.26497623452
13067,2025-03-23,1023.9896407822567,3421.0,84605.25461701678
13068,2025-03-24,1634.6080725061076,3421.0,86239.86268952288
13069,2025-03-25,1662.3765708444216,3421.0,87902.2392603673
13070,2025-03-26,1689.5540810645618,3421.0,89591.79334143187
13071,2025-03-27,1715.8249513331414,3421.0,91307.61829276501
13072,2025-03-28,1740.8709382551722,3421.0,93048.48923102018
13073,2025-03-29,1177.7323248049572,3421.0,94226.22155582513
13074,2025-03-30,1198.7020089328546,3421.0,95424.92356475799
13075,2025-03-31,1805.5119499044174,3421.0,97230.43551466241
13076,2025-04-01,1822.546861741089,3421.0,99052.9823764035
13077,2025-04-02,1836.8494098534318,3421.0,100889.83178625692
13078,2025-04-03,1848.1591915624351,3421.0,102737.99097781937
13079,2025-04-04,1856.2375060098198,3421.0,104594.22848382918
13080,2025-04-05,1269.4754745967532,3421.0,105863.70395842593
13081,2025-04-06,1269.7993408271634,3421.0,107133.5032992531
13082,2025-04-07,1859.0923993550082,3421.0,108992.59569860811
13083,2025-04-08,1852.4083588062404,3421.0,110845.00405741435
13084,2025-04-09,1841.740367787897,3421.0,112686.74442520224
13085,2025-04-10,1827.0480171134034,3421.0,114513.79244231565
13086,2025-04-11,1808.3342112165944,3421.0,116322.12665353225
13087,2025-04-12,1189.499453946252,3421.0,117511.6261074785
13088,2025-04-13,1162.2572894645946,3421.0,118673.88339694309
13089,2025-04-14,1728.790361501968,3421.0,120402.67375844506
13090,2025-04-15,1694.9617739863863,3421.0,122097.63553243145
13091,2025-04-16,1657.845934320531,3421.0,123755.48146675198
13092,2025-04-17,1609.5252202284585,3421.0,125365.00668698043
13093,2025-04-18,1566.7174508174157,3421.0,126931.72413779785
13094,2025-04-19,929.1074460841231,3421.0,127860.83158388197
13095,2025-04-20,874.41791929745,3421.0,128735.24950317942
13096,2025-04-21,1457.4625727553885,3421.0,130192.71207593482
13097,2025-04-22,1386.2327575502736,3421.0,131578.9448334851
13098,2025-04-23,1337.114952329883,3421.0,132916.05978581496
13099,2025-04-24,1288.35289822206,3421.0,134204.41268403703
13100,2025-04-25,1240.5518986846623,3421.0,135444.9645827217
13101,2025-04-26,588.675320003295,3421.0,136033.63990272497
13102,2025-04-27,543.9719506639806,3421.0,136577.61185338895
13103,2025-04-28,1109.092347540454,3421.0,137686.7042009294
13104,2025-04-29,1071.2889249591015,3421.0,138757.99312588852
13105,2025-04-30,1037.4642066257957,3421.0,139795.4573325143
13106,2025-05-01,1000.88755537022,3421.0,140796.34488788454
13107,2025-05-02,983.8293071558708,3421.0,141780.1741950404
13108,2025-05-03,354.5192799934381,3421.0,142134.69347503386
13109,2025-05-04,340.7085246700991,3421.0,142475.40199970396
13110,2025-05-05,944.7093740947178,3421.0,143420.11137379866
13111,2025-05-06,943.859549923764,3421.0,144363.97092372243
13112,2025-05-07,949.3378463075906,3421.0,145313.30877003
13113,2025-05-08,961.1366792871868,3421.0,146274.4454493172
13114,2025-05-09,979.1433893010034,3421.0,147253.58883861822
13115,2025-05-10,387.97823338036324,3421.0,147641.56707199858
13116,2025-05-11,416.95290467632765,3421.0,148058.5199766749
13117,2025-05-12,1067.669522297453,3421.0,149126.18949897235
13118,2025-05-13,1107.2346718165759,3421.0,150233.42417078893
13119,2025-05-14,1150.852807160745,3421.0,151384.27697794966
13120,2025-05-15,1197.8017105221825,3421.0,152582.07868847187
13121,2025-05-16,1247.281560104451,3421.0,153829.3602485763
13122,2025-05-17,670.1515744935205,3421.0,154499.51182306983
13123,2025-05-18,729.733627889892,3421.0,155229.24545095972
13124,2025-05-19,1402.0247591586867,3421.0,156631.2702101184
13125,2025-05-20,1452.5623104875615,3421.0,158083.83252060597
13126,2025-05-21,1500.9760748020435,3421.0,159584.80859540802
13127,2025-05-22,1546.3276146259661,3421.0,161131.136210034
13128,2025-05-23,1587.721985432768,3421.0,162718.85819546675
13129,2025-05-24,999.6629621311888,3421.0,163718.52115759792
13130,2025-05-25,1030.0549374939815,3421.0,164748.5760950919
13131,2025-05-26,1680.2909950565775,3421.0,166428.8670901485
13132,2025-05-27,1698.4810608284085,3421.0,168127.3481509769
13133,2025-05-28,1709.5839582773435,3421.0,169836.93210925424
13134,2025-05-29,1717.0081115794103,3421.0,171553.94022083367
13135,2025-05-30,1709.7556558714068,3421.0,173263.69587670505
13136,2025-05-31,1069.4363912249005,3421.0,174333.13226792996
13137,2025-01-01,0.0,3441.0,0.0
13138,2025-01-02,0.0,3441.0,0.0
13139,2025-01-03,0.0,3441.0,0.0
13140,2025-01-04,0.0,3441.0,0.0
13141,2025-01-05,0.0,3441.0,0.0
13142,2025-01-06,0.0,3441.0,0.0
13143,2025-01-07,0.0,3441.0,0.0
13144,2025-01-08,0.0,3441.0,0.0
13145,2025-01-09,0.0,3441.0,0.0
13146,2025-01-10,0.0,3441.0,0.0
13147,2025-01-11,0.0,3441.0,0.0
13148,2025-01-12,0.0,3441.0,0.0
13149,2025-01-13,0.0,3441.0,0.0
13150,2025-01-14,0.0,3441.0,0.0
13151,2025-01-15,0.0,3441.0,0.0
13152,2025-01-16,0.0,3441.0,0.0
13153,2025-01-17,0.0,3441.0,0.0
13154,2025-01-18,0.0,3441.0,0.0
13155,2025-01-19,0.0,3441.0,0.0
13156,2025-01-20,0.0,3441.0,0.0
13157,2025-01-21,0.0,3441.0,0.0
13158,2025-01-22,0.0,3441.0,0.0
13159,2025-01-23,0.0,3441.0,0.0
13160,2025-01-24,0.0,3441.0,0.0
13161,2025-01-25,0.0,3441.0,0.0
13162,2025-01-26,0.0,3441.0,0.0
13163,2025-01-27,0.0,3441.0,0.0
13164,2025-01-28,0.0,3441.0,0.0
13165,2025-01-29,0.0,3441.0,0.0
13166,2025-01-30,0.0,3441.0,0.0
13167,2025-01-31,0.0,3441.0,0.0
13168,2025-02-01,0.0,3441.0,0.0
13169,2025-02-02,0.0,3441.0,0.0
13170,2025-02-03,0.0,3441.0,0.0
13171,2025-02-04,0.0,3441.0,0.0
13172,2025-02-05,0.0,3441.0,0.0
13173,2025-02-06,0.0,3441.0,0.0
13174,2025-02-07,0.0,3441.0,0.0
13175,2025-02-08,0.0,3441.0,0.0
13176,2025-02-09,0.0,3441.0,0.0
13177,2025-02-10,0.0,3441.0,0.0
13178,2025-02-11,0.0,3441.0,0.0
13179,2025-02-12,0.0,3441.0,0.0
13180,2025-02-13,0.0,3441.0,0.0
13181,2025-02-14,0.0,3441.0,0.0
13182,2025-02-15,0.0,3441.0,0.0
13183,2025-02-16,0.0,3441.0,0.0
13184,2025-02-17,0.0,3441.0,0.0
13185,2025-02-18,0.0,3441.0,0.0
13186,2025-02-19,0.0,3441.0,0.0
13187,2025-02-20,0.0,3441.0,0.0
13188,2025-02-21,0.0,3441.0,0.0
13189,2025-02-22,0.0,3441.0,0.0
13190,2025-02-23,0.0,3441.0,0.0
13191,2025-02-24,0.0,3441.0,0.0
13192,2025-02-25,0.0,3441.0,0.0
13193,2025-02-26,0.0,3441.0,0.0
13194,2025-02-27,0.0,3441.0,0.0
13195,2025-02-28,0.0,3441.0,0.0
13196,2025-03-01,0.0,3441.0,0.0
13197,2025-03-02,0.0,3441.0,0.0
13198,2025-03-03,0.0,3441.0,0.0
13199,2025-03-04,0.0,3441.0,0.0
13200,2025-03-05,0.0,3441.0,0.0
13201,2025-03-06,0.0,3441.0,0.0
13202,2025-03-07,0.0,3441.0,0.0
13203,2025-03-08,0.0,3441.0,0.0
13204,2025-03-09,0.0,3441.0,0.0
13205,2025-03-10,0.0,3441.0,0.0
13206,2025-03-11,0.0,3441.0,0.0
13207,2025-03-12,0.0,3441.0,0.0
13208,2025-03-13,0.0,3441.0,0.0
13209,2025-03-14,0.0,3441.0,0.0
13210,2025-03-15,0.0,3441.0,0.0
13211,2025-03-16,0.0,3441.0,0.0
13212,2025-03-17,0.0,3441.0,0.0
13213,2025-03-18,0.0,3441.0,0.0
13214,2025-03-19,0.0,3441.0,0.0
13215,2025-03-20,0.0,3441.0,0.0
13216,2025-03-21,0.0,3441.0,0.0
13217,2025-03-22,0.0,3441.0,0.0
13218,2025-03-23,0.0,3441.0,0.0
13219,2025-03-24,0.0,3441.0,0.0
13220,2025-03-25,0.0,3441.0,0.0
13221,2025-03-26,0.0,3441.0,0.0
13222,2025-03-27,0.0,3441.0,0.0
13223,2025-03-28,0.0,3441.0,0.0
13224,2025-03-29,0.0,3441.0,0.0
13225,2025-03-30,0.0,3441.0,0.0
13226,2025-03-31,0.0,3441.0,0.0
13227,2025-04-01,0.0,3441.0,0.0
13228,2025-04-02,0.0,3441.0,0.0
13229,2025-04-03,0.0,3441.0,0.0
13230,2025-04-04,0.0,3441.0,0.0
13231,2025-04-05,0.0,3441.0,0.0
13232,2025-04-06,0.0,3441.0,0.0
13233,2025-04-07,0.0,3441.0,0.0
13234,2025-04-08,0.0,3441.0,0.0
13235,2025-04-09,0.0,3441.0,0.0
13236,2025-04-10,0.0,3441.0,0.0
13237,2025-04-11,0.0,3441.0,0.0
13238,2025-04-12,0.0,3441.0,0.0
13239,2025-04-13,0.0,3441.0,0.0
13240,2025-04-14,0.0,3441.0,0.0
13241,2025-04-15,0.0,3441.0,0.0
13242,2025-04-16,0.0,3441.0,0.0
13243,2025-04-17,0.0,3441.0,0.0
13244,2025-04-18,0.0,3441.0,0.0
13245,2025-04-19,0.0,3441.0,0.0
13246,2025-04-20,0.0,3441.0,0.0
13247,2025-04-21,0.0,3441.0,0.0
13248,2025-04-22,0.0,3441.0,0.0
13249,2025-04-23,0.0,3441.0,0.0
13250,2025-04-24,0.0,3441.0,0.0
13251,2025-04-25,0.0,3441.0,0.0
13252,2025-04-26,0.0,3441.0,0.0
13253,2025-04-27,0.0,3441.0,0.0
13254,2025-04-28,0.0,3441.0,0.0
13255,2025-04-29,0.0,3441.0,0.0
13256,2025-04-30,0.0,3441.0,0.0
13257,2025-05-01,0.0,3441.0,0.0
13258,2025-05-02,0.0,3441.0,0.0
13259,2025-05-03,0.0,3441.0,0.0
13260,2025-05-04,0.0,3441.0,0.0
13261,2025-05-05,0.0,3441.0,0.0
13262,2025-05-06,0.0,3441.0,0.0
13263,2025-05-07,0.0,3441.0,0.0
13264,2025-05-08,0.0,3441.0,0.0
13265,2025-05-09,0.0,3441.0,0.0
13266,2025-05-10,0.0,3441.0,0.0
13267,2025-05-11,0.0,3441.0,0.0
13268,2025-05-12,0.0,3441.0,0.0
13269,2025-05-13,0.0,3441.0,0.0
13270,2025-05-14,0.0,3441.0,0.0
13271,2025-05-15,0.0,3441.0,0.0
13272,2025-05-16,0.0,3441.0,0.0
13273,2025-05-17,0.0,3441.0,0.0
13274,2025-05-18,0.0,3441.0,0.0
13275,2025-05-19,0.0,3441.0,0.0
13276,2025-05-20,0.0,3441.0,0.0
13277,2025-05-21,0.0,3441.0,0.0
13278,2025-05-22,0.0,3441.0,0.0
13279,2025-05-23,0.0,3441.0,0.0
13280,2025-05-24,0.0,3441.0,0.0
13281,2025-05-25,0.0,3441.0,0.0
13282,2025-05-26,0.0,3441.0,0.0
13283,2025-05-27,0.0,3441.0,0.0
13284,2025-05-28,0.0,3441.0,0.0
13285,2025-05-29,0.0,3441.0,0.0
13286,2025-05-30,0.0,3441.0,0.0
13287,2025-05-31,0.0,3441.0,0.0
13288,2025-01-01,0.0,3642.0,0.0
13289,2025-01-02,0.0,3642.0,0.0
13290,2025-01-03,0.0,3642.0,0.0
13291,2025-01-04,0.0,3642.0,0.0
13292,2025-01-05,0.0,3642.0,0.0
13293,2025-01-06,0.0,3642.0,0.0
13294,2025-01-07,0.0,3642.0,0.0
13295,2025-01-08,0.0,3642.0,0.0
13296,2025-01-09,0.0,3642.0,0.0
13297,2025-01-10,0.0,3642.0,0.0
13298,2025-01-11,0.0,3642.0,0.0
13299,2025-01-12,0.0,3642.0,0.0
13300,2025-01-13,0.0,3642.0,0.0
13301,2025-01-14,0.0,3642.0,0.0
13302,2025-01-15,0.0,3642.0,0.0
13303,2025-01-16,0.0,3642.0,0.0
13304,2025-01-17,0.0,3642.0,0.0
13305,2025-01-18,0.0,3642.0,0.0
13306,2025-01-19,0.0,3642.0,0.0
13307,2025-01-20,0.0,3642.0,0.0
13308,2025-01-21,0.0,3642.0,0.0
13309,2025-01-22,0.0,3642.0,0.0
13310,2025-01-23,0.0,3642.0,0.0
13311,2025-01-24,0.0,3642.0,0.0
13312,2025-01-25,0.0,3642.0,0.0
13313,2025-01-26,0.0,3642.0,0.0
13314,2025-01-27,0.0,3642.0,0.0
13315,2025-01-28,0.0,3642.0,0.0
13316,2025-01-29,0.0,3642.0,0.0
13317,2025-01-30,0.0,3642.0,0.0
13318,2025-01-31,0.0,3642.0,0.0
13319,2025-02-01,0.0,3642.0,0.0
13320,2025-02-02,0.0,3642.0,0.0
13321,2025-02-03,0.0,3642.0,0.0
13322,2025-02-04,0.0,3642.0,0.0
13323,2025-02-05,0.0,3642.0,0.0
13324,2025-02-06,0.0,3642.0,0.0
13325,2025-02-07,0.0,3642.0,0.0
13326,2025-02-08,0.0,3642.0,0.0
13327,2025-02-09,0.0,3642.0,0.0
13328,2025-02-10,0.0,3642.0,0.0
13329,2025-02-11,0.0,3642.0,0.0
13330,2025-02-12,0.0,3642.0,0.0
13331,2025-02-13,0.0,3642.0,0.0
13332,2025-02-14,0.0,3642.0,0.0
13333,2025-02-15,0.0,3642.0,0.0
13334,2025-02-16,0.0,3642.0,0.0
13335,2025-02-17,0.0,3642.0,0.0
13336,2025-02-18,0.0,3642.0,0.0
13337,2025-02-19,0.0,3642.0,0.0
13338,2025-02-20,0.0,3642.0,0.0
13339,2025-02-21,0.0,3642.0,0.0
13340,2025-02-22,0.0,3642.0,0.0
13341,2025-02-23,0.0,3642.0,0.0
13342,2025-02-24,0.0,3642.0,0.0
13343,2025-02-25,0.0,3642.0,0.0
13344,2025-02-26,0.0,3642.0,0.0
13345,2025-02-27,0.0,3642.0,0.0
13346,2025-02-28,0.0,3642.0,0.0
13347,2025-03-01,0.0,3642.0,0.0
13348,2025-03-02,0.0,3642.0,0.0
13349,2025-03-03,0.0,3642.0,0.0
13350,2025-03-04,0.0,3642.0,0.0
13351,2025-03-05,0.0,3642.0,0.0
13352,2025-03-06,0.0,3642.0,0.0
13353,2025-03-07,0.0,3642.0,0.0
13354,2025-03-08,0.0,3642.0,0.0
13355,2025-03-09,0.0,3642.0,0.0
13356,2025-03-10,0.0,3642.0,0.0
13357,2025-03-11,0.0,3642.0,0.0
13358,2025-03-12,0.0,3642.0,0.0
13359,2025-03-13,0.0,3642.0,0.0
13360,2025-03-14,0.0,3642.0,0.0
13361,2025-03-15,0.0,3642.0,0.0
13362,2025-03-16,0.0,3642.0,0.0
13363,2025-03-17,0.0,3642.0,0.0
13364,2025-03-18,0.0,3642.0,0.0
13365,2025-03-19,0.0,3642.0,0.0
13366,2025-03-20,0.0,3642.0,0.0
13367,2025-03-21,0.0,3642.0,0.0
13368,2025-03-22,0.0,3642.0,0.0
13369,2025-03-23,0.0,3642.0,0.0
13370,2025-03-24,0.0,3642.0,0.0
13371,2025-03-25,0.0,3642.0,0.0
13372,2025-03-26,0.0,3642.0,0.0
13373,2025-03-27,0.0,3642.0,0.0
13374,2025-03-28,0.0,3642.0,0.0
13375,2025-03-29,0.0,3642.0,0.0
13376,2025-03-30,0.0,3642.0,0.0
13377,2025-03-31,0.0,3642.0,0.0
13378,2025-04-01,0.0,3642.0,0.0
13379,2025-04-02,0.0,3642.0,0.0
13380,2025-04-03,0.0,3642.0,0.0
13381,2025-04-04,0.0,3642.0,0.0
13382,2025-04-05,0.0,3642.0,0.0
13383,2025-04-06,0.0,3642.0,0.0
13384,2025-04-07,0.0,3642.0,0.0
13385,2025-04-08,0.0,3642.0,0.0
13386,2025-04-09,0.0,3642.0,0.0
13387,2025-04-10,0.0,3642.0,0.0
13388,2025-04-11,0.0,3642.0,0.0
13389,2025-04-12,0.0,3642.0,0.0
13390,2025-04-13,0.0,3642.0,0.0
13391,2025-04-14,0.0,3642.0,0.0
13392,2025-04-15,0.0,3642.0,0.0
13393,2025-04-16,0.0,3642.0,0.0
13394,2025-04-17,0.0,3642.0,0.0
13395,2025-04-18,0.0,3642.0,0.0
13396,2025-04-19,0.0,3642.0,0.0
13397,2025-04-20,0.0,3642.0,0.0
13398,2025-04-21,0.0,3642.0,0.0
13399,2025-04-22,0.0,3642.0,0.0
13400,2025-04-23,0.0,3642.0,0.0
13401,2025-04-24,0.0,3642.0,0.0
13402,2025-04-25,0.0,3642.0,0.0
13403,2025-04-26,0.0,3642.0,0.0
13404,2025-04-27,0.0,3642.0,0.0
13405,2025-04-28,0.0,3642.0,0.0
13406,2025-04-29,0.0,3642.0,0.0
13407,2025-04-30,0.0,3642.0,0.0
13408,2025-05-01,0.0,3642.0,0.0
13409,2025-05-02,0.0,3642.0,0.0
13410,2025-05-03,0.0,3642.0,0.0
13411,2025-05-04,0.0,3642.0,0.0
13412,2025-05-05,0.0,3642.0,0.0
13413,2025-05-06,0.0,3642.0,0.0
13414,2025-05-07,0.0,3642.0,0.0
13415,2025-05-08,0.0,3642.0,0.0
13416,2025-05-09,0.0,3642.0,0.0
13417,2025-05-10,0.0,3642.0,0.0
13418,2025-05-11,0.0,3642.0,0.0
13419,2025-05-12,0.0,3642.0,0.0
13420,2025-05-13,0.0,3642.0,0.0
13421,2025-05-14,0.0,3642.0,0.0
13422,2025-05-15,0.0,3642.0,0.0
13423,2025-05-16,0.0,3642.0,0.0
13424,2025-05-17,0.0,3642.0,0.0
13425,2025-05-18,0.0,3642.0,0.0
13426,2025-05-19,0.0,3642.0,0.0
13427,2025-05-20,0.0,3642.0,0.0
13428,2025-05-21,0.0,3642.0,0.0
13429,2025-05-22,0.0,3642.0,0.0
13430,2025-05-23,0.0,3642.0,0.0
13431,2025-05-24,0.0,3642.0,0.0
13432,2025-05-25,0.0,3642.0,0.0
13433,2025-05-26,0.0,3642.0,0.0
13434,2025-05-27,0.0,3642.0,0.0
13435,2025-05-28,0.0,3642.0,0.0
13436,2025-05-29,0.0,3642.0,0.0
13437,2025-05-30,0.0,3642.0,0.0
13438,2025-05-31,0.0,3642.0,0.0
13439,2025-01-01,0.0,3761.0,0.0
13440,2025-01-02,0.0,3761.0,0.0
13441,2025-01-03,0.0,3761.0,0.0
13442,2025-01-04,0.0,3761.0,0.0
13443,2025-01-05,0.0,3761.0,0.0
13444,2025-01-06,0.0,3761.0,0.0
13445,2025-01-07,0.0,3761.0,0.0
13446,2025-01-08,0.0,3761.0,0.0
13447,2025-01-09,0.0,3761.0,0.0
13448,2025-01-10,0.0,3761.0,0.0
13449,2025-01-11,0.0,3761.0,0.0
13450,2025-01-12,0.0,3761.0,0.0
13451,2025-01-13,0.0,3761.0,0.0
13452,2025-01-14,0.0,3761.0,0.0
13453,2025-01-15,0.0,3761.0,0.0
13454,2025-01-16,0.0,3761.0,0.0
13455,2025-01-17,0.0,3761.0,0.0
13456,2025-01-18,0.0,3761.0,0.0
13457,2025-01-19,0.0,3761.0,0.0
13458,2025-01-20,0.0,3761.0,0.0
13459,2025-01-21,0.0,3761.0,0.0
13460,2025-01-22,0.0,3761.0,0.0
13461,2025-01-23,0.0,3761.0,0.0
13462,2025-01-24,0.0,3761.0,0.0
13463,2025-01-25,0.0,3761.0,0.0
13464,2025-01-26,0.0,3761.0,0.0
13465,2025-01-27,0.0,3761.0,0.0
13466,2025-01-28,0.0,3761.0,0.0
13467,2025-01-29,0.0,3761.0,0.0
13468,2025-01-30,0.0,3761.0,0.0
13469,2025-01-31,0.0,3761.0,0.0
13470,2025-02-01,0.0,3761.0,0.0
13471,2025-02-02,0.0,3761.0,0.0
13472,2025-02-03,0.0,3761.0,0.0
13473,2025-02-04,0.0,3761.0,0.0
13474,2025-02-05,0.0,3761.0,0.0
13475,2025-02-06,0.0,3761.0,0.0
13476,2025-02-07,0.0,3761.0,0.0
13477,2025-02-08,0.0,3761.0,0.0
13478,2025-02-09,0.0,3761.0,0.0
13479,2025-02-10,0.0,3761.0,0.0
13480,2025-02-11,0.0,3761.0,0.0
13481,2025-02-12,0.0,3761.0,0.0
13482,2025-02-13,0.0,3761.0,0.0
13483,2025-02-14,0.0,3761.0,0.0
13484,2025-02-15,0.0,3761.0,0.0
13485,2025-02-16,0.0,3761.0,0.0
13486,2025-02-17,0.0,3761.0,0.0
13487,2025-02-18,0.0,3761.0,0.0
13488,2025-02-19,0.0,3761.0,0.0
13489,2025-02-20,0.0,3761.0,0.0
13490,2025-02-21,0.0,3761.0,0.0
13491,2025-02-22,0.0,3761.0,0.0
13492,2025-02-23,0.0,3761.0,0.0
13493,2025-02-24,0.0,3761.0,0.0
13494,2025-02-25,0.0,3761.0,0.0
13495,2025-02-26,0.0,3761.0,0.0
13496,2025-02-27,0.0,3761.0,0.0
13497,2025-02-28,0.0,3761.0,0.0
13498,2025-03-01,0.0,3761.0,0.0
13499,2025-03-02,0.0,3761.0,0.0
13500,2025-03-03,0.0,3761.0,0.0
13501,2025-03-04,0.0,3761.0,0.0
13502,2025-03-05,0.0,3761.0,0.0
13503,2025-03-06,0.0,3761.0,0.0
13504,2025-03-07,0.0,3761.0,0.0
13505,2025-03-08,0.0,3761.0,0.0
13506,2025-03-09,0.0,3761.0,0.0
13507,2025-03-10,0.0,3761.0,0.0
13508,2025-03-11,0.0,3761.0,0.0
13509,2025-03-12,0.0,3761.0,0.0
13510,2025-03-13,0.0,3761.0,0.0
13511,2025-03-14,0.0,3761.0,0.0
13512,2025-03-15,0.0,3761.0,0.0
13513,2025-03-16,0.0,3761.0,0.0
13514,2025-03-17,0.0,3761.0,0.0
13515,2025-03-18,0.0,3761.0,0.0
13516,2025-03-19,0.0,3761.0,0.0
13517,2025-03-20,0.0,3761.0,0.0
13518,2025-03-21,0.0,3761.0,0.0
13519,2025-03-22,0.0,3761.0,0.0
13520,2025-03-23,0.0,3761.0,0.0
13521,2025-03-24,0.0,3761.0,0.0
13522,2025-03-25,0.0,3761.0,0.0
13523,2025-03-26,0.0,3761.0,0.0
13524,2025-03-27,0.0,3761.0,0.0
13525,2025-03-28,0.0,3761.0,0.0
13526,2025-03-29,0.0,3761.0,0.0
13527,2025-03-30,0.0,3761.0,0.0
13528,2025-03-31,0.0,3761.0,0.0
13529,2025-04-01,0.0,3761.0,0.0
13530,2025-04-02,0.0,3761.0,0.0
13531,2025-04-03,0.0,3761.0,0.0
13532,2025-04-04,0.0,3761.0,0.0
13533,2025-04-05,0.0,3761.0,0.0
13534,2025-04-06,0.0,3761.0,0.0
13535,2025-04-07,0.0,3761.0,0.0
13536,2025-04-08,0.0,3761.0,0.0
13537,2025-04-09,0.0,3761.0,0.0
13538,2025-04-10,0.0,3761.0,0.0
13539,2025-04-11,0.0,3761.0,0.0
13540,2025-04-12,0.0,3761.0,0.0
13541,2025-04-13,0.0,3761.0,0.0
13542,2025-04-14,0.0,3761.0,0.0
13543,2025-04-15,0.0,3761.0,0.0
13544,2025-04-16,0.0,3761.0,0.0
13545,2025-04-17,0.0,3761.0,0.0
13546,2025-04-18,0.0,3761.0,0.0
13547,2025-04-19,0.0,3761.0,0.0
13548,2025-04-20,0.0,3761.0,0.0
13549,2025-04-21,0.0,3761.0,0.0
13550,2025-04-22,0.0,3761.0,0.0
13551,2025-04-23,0.0,3761.0,0.0
13552,2025-04-24,0.0,3761.0,0.0
13553,2025-04-25,0.0,3761.0,0.0
13554,2025-04-26,0.0,3761.0,0.0
13555,2025-04-27,0.0,3761.0,0.0
13556,2025-04-28,0.0,3761.0,0.0
13557,2025-04-29,0.0,3761.0,0.0
13558,2025-04-30,0.0,3761.0,0.0
13559,2025-05-01,0.0,3761.0,0.0
13560,2025-05-02,0.0,3761.0,0.0
13561,2025-05-03,0.0,3761.0,0.0
13562,2025-05-04,0.0,3761.0,0.0
13563,2025-05-05,0.0,3761.0,0.0
13564,2025-05-06,0.0,3761.0,0.0
13565,2025-05-07,0.0,3761.0,0.0
13566,2025-05-08,0.0,3761.0,0.0
13567,2025-05-09,0.0,3761.0,0.0
13568,2025-05-10,0.0,3761.0,0.0
13569,2025-05-11,0.0,3761.0,0.0
13570,2025-05-12,0.0,3761.0,0.0
13571,2025-05-13,0.0,3761.0,0.0
13572,2025-05-14,0.0,3761.0,0.0
13573,2025-05-15,0.0,3761.0,0.0
13574,2025-05-16,0.0,3761.0,0.0
13575,2025-05-17,0.0,3761.0,0.0
13576,2025-05-18,0.0,3761.0,0.0
13577,2025-05-19,0.0,3761.0,0.0
13578,2025-05-20,0.0,3761.0,0.0
13579,2025-05-21,0.0,3761.0,0.0
13580,2025-05-22,0.0,3761.0,0.0
13581,2025-05-23,0.0,3761.0,0.0
13582,2025-05-24,0.0,3761.0,0.0
13583,2025-05-25,0.0,3761.0,0.0
13584,2025-05-26,0.0,3761.0,0.0
13585,2025-05-27,0.0,3761.0,0.0
13586,2025-05-28,0.0,3761.0,0.0
13587,2025-05-29,0.0,3761.0,0.0
13588,2025-05-30,0.0,3761.0,0.0
13589,2025-05-31,0.0,3761.0,0.0
13590,2025-01-01,5452.167440975872,3781.0,5452.167440975872
13591,2025-01-02,5508.295136574395,3781.0,10960.462577550266
13592,2025-01-03,5560.838665280455,3781.0,16521.30124283072
13593,2025-01-04,0.0,3781.0,16521.30124283072
13594,2025-01-05,0.0,3781.0,16521.30124283072
13595,2025-01-06,6087.360561209241,3781.0,22608.661804039963
13596,2025-01-07,6374.336383135665,3781.0,28982.998187175624
13597,2025-01-08,6708.16751867206,3781.0,35691.165705847685
13598,2025-01-09,7081.877203329119,3781.0,42773.0429091768
13599,2025-01-10,7487.597078615285,3781.0,50260.63998779209
13600,2025-01-11,930.1691043876174,3781.0,51190.809092179705
13601,2025-01-12,1420.2002633620853,3781.0,52611.00935554179
13602,2025-01-13,8808.694255442299,3781.0,61419.70361098409
13603,2025-01-14,9252.640741586738,3781.0,70672.34435257083
13604,2025-01-15,9682.766838186622,3781.0,80355.11119075745
13605,2025-01-16,10090.121824273303,3781.0,90445.23301503075
13606,2025-01-17,10466.328241364195,3781.0,100911.56125639495
13607,2025-01-18,4142.953428812377,3781.0,105054.51468520732
13608,2025-01-19,4481.50548218487,3781.0,109536.0201673922
13609,2025-01-20,11336.789179375295,3781.0,120872.80934676749
13610,2025-01-21,11522.394016825914,3781.0,132395.2033635934
13611,2025-01-22,11649.522037348874,3781.0,144044.7254009423
13612,2025-01-23,11716.440697349963,3781.0,155761.16609829225
13613,2025-01-24,11722.788198372804,3781.0,167483.95429666503
13614,2025-01-25,5334.495823282259,3781.0,172818.45011994732
13615,2025-01-26,5270.531835415294,3781.0,178088.9819553626
13616,2025-01-27,11394.818983874378,3781.0,189483.80093923697
13617,2025-01-28,11181.493575792561,3781.0,200665.29451502953
13618,2025-01-29,10924.719985140262,3781.0,211590.0145001698
13619,2025-01-30,10630.962228994425,3781.0,222220.97672916422
13620,2025-01-31,10307.335220555959,3781.0,232528.3119497202
13621,2025-02-01,3952.1105033981175,3781.0,236480.4224531183
13622,2025-02-02,3638.280210295006,3781.0,240118.7026634133
13623,2025-02-03,9234.1453033807,3781.0,249352.847966794
13624,2025-02-04,8868.488375657407,3781.0,258221.33634245142
13625,2025-02-05,8511.546671160624,3781.0,266732.88301361207
13626,2025-02-06,8170.298174327957,3781.0,274903.18118794
13627,2025-02-07,7851.072794251198,3781.0,282754.2539821912
13628,2025-02-08,1875.867513957266,3781.0,284630.12149614847
13629,2025-02-09,1662.9619883359496,3781.0,286293.0834844844
13630,2025-02-10,7076.408158950353,3781.0,293369.49164343474
13631,2025-02-11,6891.340113473986,3781.0,300260.83175690874
13632,2025-02-12,6746.31557525465,3781.0,307007.1473321634
13633,2025-02-13,6641.807515364776,3781.0,313648.9548475282
13634,2025-02-14,6577.24238599405,3781.0,320226.19723352225
13635,2025-02-15,1193.2637345743199,3781.0,321419.46096809657
13636,2025-02-16,1249.5071205069069,3781.0,322668.96808860346
13637,2025-02-17,6603.065066863281,3781.0,329272.0331554667
13638,2025-02-18,6673.972880874692,3781.0,335946.0060363414
13639,2025-02-19,6768.922141574637,3781.0,342714.92817791604
13640,2025-02-20,6882.92668990318,3781.0,349597.85486781923
13641,2025-02-21,7010.723771362719,3781.0,356608.578639182
13642,2025-02-22,2114.891567205618,3781.0,358723.4702063876
13643,2025-02-23,2300.6618776349233,3781.0,361024.1320840225
13644,2025-02-24,7423.215957373473,3781.0,368447.34804139595
13645,2025-02-25,7553.183613521063,3781.0,376000.53165491705
13646,2025-02-26,7671.552864844555,3781.0,383672.0845197616
13647,2025-02-27,7774.326688442027,3781.0,391446.41120820364
13648,2025-02-28,7858.101100038713,3781.0,399304.5123082423
13649,2025-03-01,3213.853660185913,3781.0,402518.36596842826
13650,2025-03-02,3298.619168897889,3781.0,405816.9851373261
13651,2025-03-03,7971.454604712942,3781.0,413788.4397420391
13652,2025-03-04,7958.80697890822,3781.0,421747.2467209473
13653,2025-03-05,7920.495570903331,3781.0,429667.7422918506
13654,2025-03-06,7857.25971462728,3781.0,437525.0020064779
13655,2025-03-07,7770.440147280023,3781.0,445295.4421537579
13656,2025-03-08,3281.392208156511,3781.0,448576.8343619144
13657,2025-03-09,3200.006138306434,3781.0,451776.8405002209
13658,2025-03-10,7389.3502383056675,3781.0,459166.1907385265
13659,2025-03-11,7230.942949496753,3781.0,466397.1336880233
13660,2025-03-12,7061.86756935476,3781.0,473459.0012573781
13661,2025-03-13,6885.292813669583,3781.0,480344.2940710476
13662,2025-03-14,6704.357819141901,3781.0,487048.65189018956
13663,2025-03-15,2467.325416380929,3781.0,489515.97730657045
13664,2025-03-16,2333.073413141533,3781.0,491849.050719712
13665,2025-03-17,6164.549132842903,3781.0,498013.5998525549
13666,2025-03-18,5994.081375691611,3781.0,504007.68122824654
13667,2025-03-19,5831.7615205366155,3781.0,509839.44274878316
13668,2025-03-20,5679.064970972169,3781.0,515518.5077197553
13669,2025-03-21,5537.058375366698,3781.0,521055.566095122
13670,2025-03-22,1677.398661389822,3781.0,522732.96475651185
13671,2025-03-23,1604.8852895046489,3781.0,524337.8500460165
13672,2025-03-24,5179.798215805577,3781.0,529517.6482618221
13673,2025-03-25,5083.302227764869,3781.0,534600.9504895869
13674,2025-03-26,4997.126442666055,3781.0,539598.076932253
13675,2025-03-27,4920.297908493348,3781.0,544518.3748407463
13676,2025-03-28,4851.661988987723,3781.0,549370.036829734
13677,2025-03-29,1386.6988388556854,3781.0,550756.7356685897
13678,2025-03-30,1377.0906805304023,3781.0,552133.8263491201
13679,2025-03-31,4681.8817790425555,3781.0,556815.7081281627
13680,2025-04-01,4632.90087021334,3781.0,561448.6089983761
13681,2025-04-02,4585.654837609018,3781.0,566034.2638359851
13682,2025-04-03,4539.083482202041,3781.0,570573.3473181871
13683,2025-04-04,4492.298610616312,3781.0,575065.6459288034
13684,2025-04-05,1367.1233183562283,3781.0,576432.7692471596
13685,2025-04-06,1364.5826952188713,3781.0,577797.3519423784
13686,2025-04-07,4344.800264850778,3781.0,582142.1522072293
13687,2025-04-08,4292.361720440296,3781.0,586434.5139276696
13688,2025-04-09,4238.357095909089,3781.0,590672.8710235787
13689,2025-04-10,4183.104013774054,3781.0,594855.9750373528
13690,2025-04-11,4127.0671752763255,3781.0,598983.042212629
13691,2025-04-12,1319.097403281583,3781.0,600302.1396159106
13692,2025-04-13,1309.8382965171547,3781.0,601611.9779124277
13693,2025-04-14,3960.3669926802877,3781.0,605572.3449051081
13694,2025-04-15,3907.521654567648,3781.0,609479.8665596757
13695,2025-04-16,3857.127921115193,3781.0,613336.9944807909
13696,2025-04-17,3735.452979111544,3781.0,617072.4474599025
13697,2025-04-18,3692.873276585575,3781.0,620765.320736488
13698,2025-04-19,1299.600619158124,3781.0,622064.9213556461
13699,2025-04-20,1266.381954391694,3781.0,623331.3033100378
13700,2025-04-21,3625.380275477181,3781.0,626956.683585515
13701,2025-04-22,3627.663059409906,3781.0,630584.346644925
13702,2025-04-23,3601.814182296515,3781.0,634186.1608272215
13703,2025-04-24,3578.5076493369547,3781.0,637764.6684765584
13704,2025-04-25,3556.985608231489,3781.0,641321.6540847899
13705,2025-04-26,1436.143693668523,3781.0,642757.7977784585
13706,2025-04-27,1461.9416845824146,3781.0,644219.7394630408
13707,2025-04-28,3493.6971845252024,3781.0,647713.436647566
13708,2025-04-29,3469.4911252039437,3781.0,651182.9277727699
13709,2025-04-30,3441.8942401802396,3781.0,654624.8220129502
13710,2025-05-01,3344.3720577028366,3781.0,657969.1940706531
13711,2025-05-02,3372.367374427824,3781.0,661341.5614450809
13712,2025-05-03,1554.14330387578,3781.0,662895.7047489566
13713,2025-05-04,1549.9048024719712,3781.0,664445.6095514286
13714,2025-05-05,3219.50520143314,3781.0,667665.1147528618
13715,2025-05-06,3153.309436688726,3781.0,670818.4241895505
13716,2025-05-07,3079.1060902446875,3781.0,673897.5302797952
13717,2025-05-08,2996.985060106669,3781.0,676894.5153399018
13718,2025-05-09,2907.25297606882,3781.0,679801.7683159707
13719,2025-05-10,1361.7291368821323,3781.0,681163.4974528528
13720,2025-05-11,1305.0479679860814,3781.0,682468.5454208389
13721,2025-05-12,2598.475052914029,3781.0,685067.0204737529
13722,2025-05-13,2485.246836380449,3781.0,687552.2673101333
13723,2025-05-14,2368.645595087013,3781.0,689920.9129052204
13724,2025-05-15,2249.8646873384937,3781.0,692170.7775925589
13725,2025-05-16,2130.127389771288,3781.0,694300.9049823302
13726,2025-05-17,932.6539397966976,3781.0,695233.5589221269
13727,2025-05-18,816.1821099291161,3781.0,696049.7410320559
13728,2025-05-19,1777.0095422625568,3781.0,697826.7505743186
13729,2025-05-20,1664.874942784293,3781.0,699491.6255171028
13730,2025-05-21,1556.973106144947,3781.0,701048.5986232478
13731,2025-05-22,1453.9191834365004,3781.0,702502.5178066842
13732,2025-05-23,1356.1312658341956,3781.0,703858.6490725185
13733,2025-05-24,466.63986354008676,3781.0,704325.2889360585
13734,2025-05-25,426.3399596523406,3781.0,704751.6288957109
13735,2025-05-26,1095.4130590672473,3781.0,705847.0419547781
13736,2025-05-27,1018.7075366928926,3781.0,706865.749491471
13737,2025-05-28,946.2874164440307,3781.0,707812.036907915
13738,2025-05-29,899.2993402114208,3781.0,708711.3362481265
13739,2025-05-30,811.2671304204727,3781.0,709522.603378547
13740,2025-05-31,275.463634413553,3781.0,709798.0670129606
13741,2025-01-01,0.0,3841.0,0.0
13742,2025-01-02,0.0,3841.0,0.0
13743,2025-01-03,0.0,3841.0,0.0
13744,2025-01-04,0.0,3841.0,0.0
13745,2025-01-05,0.0,3841.0,0.0
13746,2025-01-06,0.0,3841.0,0.0
13747,2025-01-07,0.0,3841.0,0.0
13748,2025-01-08,0.0,3841.0,0.0
13749,2025-01-09,0.0,3841.0,0.0
13750,2025-01-10,0.0,3841.0,0.0
13751,2025-01-11,0.0,3841.0,0.0
13752,2025-01-12,0.0,3841.0,0.0
13753,2025-01-13,0.0,3841.0,0.0
13754,2025-01-14,0.0,3841.0,0.0
13755,2025-01-15,0.0,3841.0,0.0
13756,2025-01-16,0.0,3841.0,0.0
13757,2025-01-17,0.0,3841.0,0.0
13758,2025-01-18,0.0,3841.0,0.0
13759,2025-01-19,0.0,3841.0,0.0
13760,2025-01-20,0.0,3841.0,0.0
13761,2025-01-21,0.0,3841.0,0.0
13762,2025-01-22,0.0,3841.0,0.0
13763,2025-01-23,0.0,3841.0,0.0
13764,2025-01-24,0.0,3841.0,0.0
13765,2025-01-25,0.0,3841.0,0.0
13766,2025-01-26,0.0,3841.0,0.0
13767,2025-01-27,0.0,3841.0,0.0
13768,2025-01-28,0.0,3841.0,0.0
13769,2025-01-29,0.0,3841.0,0.0
13770,2025-01-30,0.0,3841.0,0.0
13771,2025-01-31,0.0,3841.0,0.0
13772,2025-02-01,0.0,3841.0,0.0
13773,2025-02-02,0.0,3841.0,0.0
13774,2025-02-03,0.0,3841.0,0.0
13775,2025-02-04,0.0,3841.0,0.0
13776,2025-02-05,0.0,3841.0,0.0
13777,2025-02-06,0.0,3841.0,0.0
13778,2025-02-07,0.0,3841.0,0.0
13779,2025-02-08,0.0,3841.0,0.0
13780,2025-02-09,0.0,3841.0,0.0
13781,2025-02-10,0.0,3841.0,0.0
13782,2025-02-11,0.0,3841.0,0.0
13783,2025-02-12,0.0,3841.0,0.0
13784,2025-02-13,0.0,3841.0,0.0
13785,2025-02-14,0.0,3841.0,0.0
13786,2025-02-15,0.0,3841.0,0.0
13787,2025-02-16,0.0,3841.0,0.0
13788,2025-02-17,0.0,3841.0,0.0
13789,2025-02-18,0.0,3841.0,0.0
13790,2025-02-19,0.0,3841.0,0.0
13791,2025-02-20,0.0,3841.0,0.0
13792,2025-02-21,0.0,3841.0,0.0
13793,2025-02-22,0.0,3841.0,0.0
13794,2025-02-23,0.0,3841.0,0.0
13795,2025-02-24,0.0,3841.0,0.0
13796,2025-02-25,0.0,3841.0,0.0
13797,2025-02-26,0.0,3841.0,0.0
13798,2025-02-27,0.0,3841.0,0.0
13799,2025-02-28,0.0,3841.0,0.0
13800,2025-03-01,0.0,3841.0,0.0
13801,2025-03-02,0.0,3841.0,0.0
13802,2025-03-03,0.0,3841.0,0.0
13803,2025-03-04,0.0,3841.0,0.0
13804,2025-03-05,0.0,3841.0,0.0
13805,2025-03-06,0.0,3841.0,0.0
13806,2025-03-07,0.0,3841.0,0.0
13807,2025-03-08,0.0,3841.0,0.0
13808,2025-03-09,0.0,3841.0,0.0
13809,2025-03-10,0.0,3841.0,0.0
13810,2025-03-11,0.0,3841.0,0.0
13811,2025-03-12,0.0,3841.0,0.0
13812,2025-03-13,0.0,3841.0,0.0
13813,2025-03-14,0.0,3841.0,0.0
13814,2025-03-15,0.0,3841.0,0.0
13815,2025-03-16,0.0,3841.0,0.0
13816,2025-03-17,0.0,3841.0,0.0
13817,2025-03-18,0.0,3841.0,0.0
13818,2025-03-19,0.0,3841.0,0.0
13819,2025-03-20,0.0,3841.0,0.0
13820,2025-03-21,0.0,3841.0,0.0
13821,2025-03-22,0.0,3841.0,0.0
13822,2025-03-23,0.0,3841.0,0.0
13823,2025-03-24,0.0,3841.0,0.0
13824,2025-03-25,0.0,3841.0,0.0
13825,2025-03-26,0.0,3841.0,0.0
13826,2025-03-27,0.0,3841.0,0.0
13827,2025-03-28,0.0,3841.0,0.0
13828,2025-03-29,0.0,3841.0,0.0
13829,2025-03-30,0.0,3841.0,0.0
13830,2025-03-31,0.0,3841.0,0.0
13831,2025-04-01,0.0,3841.0,0.0
13832,2025-04-02,0.0,3841.0,0.0
13833,2025-04-03,0.0,3841.0,0.0
13834,2025-04-04,0.0,3841.0,0.0
13835,2025-04-05,0.0,3841.0,0.0
13836,2025-04-06,0.0,3841.0,0.0
13837,2025-04-07,0.0,3841.0,0.0
13838,2025-04-08,0.0,3841.0,0.0
13839,2025-04-09,0.0,3841.0,0.0
13840,2025-04-10,0.0,3841.0,0.0
13841,2025-04-11,0.0,3841.0,0.0
13842,2025-04-12,0.0,3841.0,0.0
13843,2025-04-13,0.0,3841.0,0.0
13844,2025-04-14,0.0,3841.0,0.0
13845,2025-04-15,0.0,3841.0,0.0
13846,2025-04-16,0.0,3841.0,0.0
13847,2025-04-17,0.0,3841.0,0.0
13848,2025-04-18,0.0,3841.0,0.0
13849,2025-04-19,0.0,3841.0,0.0
13850,2025-04-20,0.0,3841.0,0.0
13851,2025-04-21,0.0,3841.0,0.0
13852,2025-04-22,0.0,3841.0,0.0
13853,2025-04-23,0.0,3841.0,0.0
13854,2025-04-24,0.0,3841.0,0.0
13855,2025-04-25,0.0,3841.0,0.0
13856,2025-04-26,0.0,3841.0,0.0
13857,2025-04-27,0.0,3841.0,0.0
13858,2025-04-28,0.0,3841.0,0.0
13859,2025-04-29,0.0,3841.0,0.0
13860,2025-04-30,0.0,3841.0,0.0
13861,2025-05-01,0.0,3841.0,0.0
13862,2025-05-02,0.0,3841.0,0.0
13863,2025-05-03,0.0,3841.0,0.0
13864,2025-05-04,0.0,3841.0,0.0
13865,2025-05-05,0.0,3841.0,0.0
13866,2025-05-06,0.0,3841.0,0.0
13867,2025-05-07,0.0,3841.0,0.0
13868,2025-05-08,0.0,3841.0,0.0
13869,2025-05-09,0.0,3841.0,0.0
13870,2025-05-10,0.0,3841.0,0.0
13871,2025-05-11,0.0,3841.0,0.0
13872,2025-05-12,0.0,3841.0,0.0
13873,2025-05-13,0.0,3841.0,0.0
13874,2025-05-14,0.0,3841.0,0.0
13875,2025-05-15,0.0,3841.0,0.0
13876,2025-05-16,0.0,3841.0,0.0
13877,2025-05-17,0.0,3841.0,0.0
13878,2025-05-18,0.0,3841.0,0.0
13879,2025-05-19,0.0,3841.0,0.0
13880,2025-05-20,0.0,3841.0,0.0
13881,2025-05-21,0.0,3841.0,0.0
13882,2025-05-22,0.0,3841.0,0.0
13883,2025-05-23,0.0,3841.0,0.0
13884,2025-05-24,0.0,3841.0,0.0
13885,2025-05-25,0.0,3841.0,0.0
13886,2025-05-26,0.0,3841.0,0.0
13887,2025-05-27,0.0,3841.0,0.0
13888,2025-05-28,0.0,3841.0,0.0
13889,2025-05-29,0.0,3841.0,0.0
13890,2025-05-30,0.0,3841.0,0.0
13891,2025-05-31,0.0,3841.0,0.0
13892,2025-01-01,19815.082818834915,3865.0,19815.082818834915
13893,2025-01-02,20552.66333760131,3865.0,40367.746156436224
13894,2025-01-03,21150.714016055266,3865.0,61518.46017249149
13895,2025-01-04,53.48974741074959,3865.0,61571.94991990224
13896,2025-01-05,816.3671153528283,3865.0,62388.317035255066
13897,2025-01-06,23447.26013901552,3865.0,85835.57717427058
13898,2025-01-07,24362.795759581328,3865.0,110198.37293385192
13899,2025-01-08,25341.335425417554,3865.0,135539.70835926948
13900,2025-01-09,26373.887043041294,3865.0,161913.59540231078
13901,2025-01-10,27450.444841237564,3865.0,189364.04024354834
13902,2025-01-11,6747.631106048496,3865.0,196111.6713495968
13903,2025-01-12,7874.591803747245,3865.0,203986.26315334407
13904,2025-01-13,30832.52331065991,3865.0,234818.786464004
13905,2025-01-14,31971.028227455197,3865.0,266789.8146914592
13906,2025-01-15,33094.83470296983,3865.0,299884.649394429
13907,2025-01-16,34192.007140714566,3865.0,334076.65653514356
13908,2025-01-17,35251.09276722409,3865.0,369327.7493023677
13909,2025-01-18,14418.118764417035,3865.0,383745.8680667847
13910,2025-01-19,15365.344994034278,3865.0,399111.21306081896
13911,2025-01-20,38097.23658048398,3865.0,437208.4496413029
13912,2025-01-21,38906.76514367694,3865.0,476115.2147849799
13913,2025-01-22,39635.573729894946,3865.0,515750.7885148748
13914,2025-01-23,40279.223749981174,3865.0,556030.012264856
13915,2025-01-24,40834.882617048934,3865.0,596864.8948819049
13916,2025-01-25,19427.415051440938,3865.0,616292.3099333459
13917,2025-01-26,19800.74363118793,3865.0,636093.0535645338
13918,2025-01-27,41970.03723392233,3865.0,678063.0907984561
13919,2025-01-28,42177.753878107214,3865.0,720240.8446765634
13920,2025-01-29,42307.079895077644,3865.0,762547.924571641
13921,2025-01-30,42364.079599273326,3865.0,804912.0041709143
13922,2025-01-31,42355.83277190691,3865.0,847267.8369428213
13923,2025-02-01,20385.574443630456,3865.0,867653.4113864517
13924,2025-02-02,20266.665086154266,3865.0,887920.0764726059
13925,2025-02-03,42021.04487265842,3865.0,929941.1213452644
13926,2025-02-04,41835.115480755565,3865.0,971776.23682602
13927,2025-02-05,41626.59612120411,3865.0,1013402.832947224
13928,2025-02-06,41403.76034913684,3865.0,1054806.593296361
13929,2025-02-07,41174.244875040684,3865.0,1095980.8381714015
13930,2025-02-08,19009.490527935228,3865.0,1114990.3286993369
13931,2025-02-09,18781.599189107506,3865.0,1133771.9278884444
13932,2025-02-10,40508.34776219661,3865.0,1174280.275650641
13933,2025-02-11,40309.21143989289,3865.0,1214589.4870905338
13934,2025-02-12,40125.939183378265,3865.0,1254715.4262739122
13935,2025-02-13,39959.17174709486,3865.0,1294674.598021007
13936,2025-02-14,39808.1989095629,3865.0,1334482.79693057
13937,2025-02-15,17704.953673992317,3865.0,1352187.7506045622
13938,2025-02-16,17573.975551139934,3865.0,1369761.726155702
13939,2025-02-17,39424.16484508079,3865.0,1409185.8910007828
13940,2025-02-18,39305.08349954241,3865.0,1448490.9745003253
13941,2025-02-19,39181.33739610843,3865.0,1487672.3118964338
13942,2025-02-20,39046.61132136628,3865.0,1526718.9232178
13943,2025-02-21,38894.35727849888,3865.0,1565613.2804962988
13944,2025-02-22,16721.27160666408,3865.0,1582334.552102963
13945,2025-02-23,16510.242930551034,3865.0,1598844.795033514
13946,2025-02-24,38268.676825155875,3865.0,1637113.4718586698
13947,2025-02-25,37984.8605762617,3865.0,1675098.3324349315
13948,2025-02-26,37655.90072490546,3865.0,1712754.233159837
13949,2025-02-27,37278.89245741396,3865.0,1750033.125617251
13950,2025-02-28,36852.23343682648,3865.0,1786885.3590540774
13951,2025-03-01,14348.263868439897,3865.0,1801233.6229225174
13952,2025-03-02,13818.873841608023,3865.0,1815052.4967641253
13953,2025-03-03,35280.07712737896,3865.0,1850332.5738915044
13954,2025-03-04,34668.131917740175,3865.0,1885000.7058092444
13955,2025-03-05,34020.7479582528,3865.0,1919021.4537674973
13956,2025-03-06,33345.13536959753,3865.0,1952366.5891370948
13957,2025-03-07,32649.7272408322,3865.0,1985016.316377927
13958,2025-03-08,9885.810636529215,3865.0,1994902.1270144563
13959,2025-03-09,9175.671358666368,3865.0,2004077.7983731227
13960,2025-03-10,30543.348815261008,3865.0,2034621.1471883836
13961,2025-03-11,29870.50094355696,3865.0,2064491.6481319405
13962,2025-03-12,29230.926161501822,3865.0,2093722.5742934425
13963,2025-03-13,28635.593006271178,3865.0,2122358.1672997135
13964,2025-03-14,28094.926545440663,3865.0,2150453.093845154
13965,2025-03-15,5529.635017439449,3865.0,2155982.728862594
13966,2025-03-16,5121.640862646303,3865.0,2161104.36972524
13967,2025-03-17,26891.302898094007,3865.0,2187995.672623334
13968,2025-03-18,26653.34116871095,3865.0,2214649.013792045
13969,2025-03-19,26505.010209261352,3865.0,2241154.0240013064
13970,2025-03-20,26448.457339941288,3865.0,2267602.4813412474
13971,2025-03-21,26483.922314077554,3865.0,2294086.403655325
13972,2025-03-22,4490.100726599317,3865.0,2298576.5043819244
13973,2025-03-23,4698.184492338071,3865.0,2303274.6888742624
13974,2025-03-24,27115.847342776415,3865.0,2330390.536217039
13975,2025-03-25,27483.48998641758,3865.0,2357874.0262034563
13976,2025-03-26,27916.2819323545,3865.0,2385790.3081358112
13977,2025-03-27,28404.016264341008,3865.0,2414194.324400152
13978,2025-03-28,28935.335996098434,3865.0,2443129.6603962504
13979,2025-03-29,7347.68997181335,3865.0,2450477.350368064
13980,2025-03-30,7924.4789970270995,3865.0,2458401.829365091
13981,2025-03-31,30665.74125210159,3865.0,2489067.5706171924
13982,2025-04-01,31244.59634001181,3865.0,2520312.166957204
13983,2025-04-02,31802.979471430623,3865.0,2552115.146428635
13984,2025-04-03,32328.76653123708,3865.0,2584443.9129598723
13985,2025-04-04,32810.75718183812,3865.0,2617254.67014171
13986,2025-04-05,11057.91697893262,3865.0,2628312.587120643
13987,2025-04-06,11419.295050144534,3865.0,2639731.8821707875
13988,2025-04-07,33901.05677194595,3865.0,2673632.938942733
13989,2025-04-08,34122.76530881762,3865.0,2707755.704251551
13990,2025-04-09,34266.44807249966,3865.0,2742022.1523240507
13991,2025-04-10,34330.64331199004,3865.0,2776352.7956360406
13992,2025-04-11,34315.81219578396,3865.0,2810668.6078318246
13993,2025-04-12,12012.569450421173,3865.0,2822681.177282246
13994,2025-04-13,11844.113182442476,3865.0,2834525.290464688
13995,2025-04-14,33829.390815108534,3865.0,2868354.6812797966
13996,2025-04-15,33539.05532636797,3865.0,2901893.736606165
13997,2025-04-16,33197.75674416963,3865.0,2935091.4933503345
13998,2025-04-17,32519.67402366199,3865.0,2967611.167373996
13999,2025-04-18,32102.31931308449,3865.0,2999713.486687081
14000,2025-04-19,9724.872283225031,3865.0,3009438.358970306
14001,2025-04-20,9076.184828300082,3865.0,3018514.543798606
14002,2025-04-21,31124.37415148114,3865.0,3049638.917950087
14003,2025-04-22,30653.5496145804,3865.0,3080292.4675646676
14004,2025-04-23,30246.793989157828,3865.0,3110539.2615538253
14005,2025-04-24,29871.530292667347,3865.0,3140410.791846493
14006,2025-04-25,29535.85052844414,3865.0,3169946.642374937
14007,2025-04-26,6973.4762560889785,3865.0,3176920.118631026
14008,2025-04-27,6731.806867341753,3865.0,3183651.9254983678
14009,2025-04-28,28828.046597131648,3865.0,3212479.9720954993
14010,2025-04-29,28705.284758229078,3865.0,3241185.256853728
14011,2025-04-30,28642.069438972336,3865.0,3269827.3262927006
14012,2025-05-01,28342.31555729214,3865.0,3298169.641849993
14013,2025-05-02,28691.01938592686,3865.0,3326860.6612359197
14014,2025-05-03,6494.30105929685,3865.0,3333354.9622952165
14015,2025-05-04,6646.785313774236,3865.0,3340001.747608991
14016,2025-05-05,29156.34683680654,3865.0,3369158.094445797
14017,2025-05-06,29396.059475287602,3865.0,3398554.153921085
14018,2025-05-07,29667.52889408001,3865.0,3428221.682815165
14019,2025-05-08,29963.776125321412,3865.0,3458185.4589404864
14020,2025-05-09,30277.696812512928,3865.0,3488463.1557529992
14021,2025-05-10,8267.719375368466,3865.0,3496730.8751283675
14022,2025-05-11,8591.857144720283,3865.0,3505322.732273088
14023,2025-05-12,31257.03702136473,3865.0,3536579.769294453
14024,2025-05-13,31575.394584174403,3865.0,3568155.163878627
14025,2025-05-14,31881.070769010075,3865.0,3600036.2346476372
14026,2025-05-15,32170.14743304835,3865.0,3632206.3820806853
14027,2025-05-16,32439.662326726906,3865.0,3664646.0444074124
14028,2025-05-17,10390.123152830169,3865.0,3675036.1675602426
14029,2025-05-18,10543.45124528565,3865.0,3685579.618805528
14030,2025-05-19,33116.01283968638,3865.0,3718695.6316452147
14031,2025-05-20,33297.21396417888,3865.0,3751992.8456093934
14032,2025-05-21,33458.33465678522,3865.0,3785451.1802661787
14033,2025-05-22,33601.65661492862,3865.0,3819052.836881107
14034,2025-05-23,33729.97023232116,3865.0,3852782.8071134286
14035,2025-05-24,11450.43879181002,3865.0,3864233.2459052387
14036,2025-05-25,11553.938917073001,3865.0,3875787.1848223116
14037,2025-05-26,34056.94968921947,3865.0,3909844.134511531
14038,2025-05-27,34157.514929149576,3865.0,3944001.6494406806
14039,2025-05-28,34258.82469939716,3865.0,3978260.474140078
14040,2025-05-29,34596.397793278404,3865.0,4012856.871933356
14041,2025-05-30,34472.53379562849,3865.0,4047329.4057289846
14042,2025-05-31,12161.11022274476,3865.0,4059490.5159517294
14043,2025-01-01,140.72695466807772,3883.0,140.72695466807772
14044,2025-01-02,137.32359387406038,3883.0,278.05054854213813
14045,2025-01-03,133.9457060059515,3883.0,411.9962545480896
14046,2025-01-04,386.2827749661614,3883.0,798.2790295142511
14047,2025-01-05,384.3264584239865,3883.0,1182.6054879382375
14048,2025-01-06,127.33825463005337,3883.0,1309.9437425682909
14049,2025-01-07,126.43570571246728,3883.0,1436.3794482807582
14050,2025-01-08,126.1964248558802,3883.0,1562.5758731366384
14051,2025-01-09,126.60025187950156,3883.0,1689.1761250161398
14052,2025-01-10,127.6099453372204,3883.0,1816.7860703533604
14053,2025-01-11,386.1453364225576,3883.0,2202.931406775918
14054,2025-01-12,388.45437612164983,3883.0,2591.385782897568
14055,2025-01-13,133.68442498651453,3883.0,2725.0702078840823
14056,2025-01-14,136.47107552047262,3883.0,2861.5412834045546
14057,2025-01-15,139.49250657475815,3883.0,3001.033789979313
14058,2025-01-16,142.6550205741911,3883.0,3143.688810553504
14059,2025-01-17,145.8647343291153,3883.0,3289.5535448826195
14060,2025-01-18,407.8130207997646,3883.0,3697.366565682384
14061,2025-01-19,411.1064208898567,3883.0,4108.472986572241
14062,2025-01-20,154.88977244148043,3883.0,4263.362759013721
14063,2025-01-21,157.43446197620878,3883.0,4420.79722098993
14064,2025-01-22,159.63982466102996,3883.0,4580.43704565096
14065,2025-01-23,161.45877902693454,3883.0,4741.895824677895
14066,2025-01-24,162.85731799703314,3883.0,4904.753142674927
14067,2025-01-25,424.4082102103602,3883.0,5329.161352885288
14068,2025-01-26,425.1769969978362,3883.0,5754.3383498831245
14069,2025-01-27,164.3945006600633,3883.0,5918.732850543187
14070,2025-01-28,164.04242601864163,3883.0,6082.775276561829
14071,2025-01-29,163.30015632596994,3883.0,6246.075432887799
14072,2025-01-30,162.20930273274985,3883.0,6408.284735620548
14073,2025-01-31,160.82030321545963,3883.0,6569.105038836008
14074,2025-02-01,421.59419122619715,3883.0,6990.699230062206
14075,2025-02-02,420.04498138664934,3883.0,7410.744211448855
14076,2025-02-03,155.46233837785246,3883.0,7566.2065498267075
14077,2025-02-04,153.49575647295322,3883.0,7719.70230629966
14078,2025-02-05,151.54838351501752,3883.0,7871.2506898146785
14079,2025-02-06,149.6824677489106,3883.0,8020.933157563589
14080,2025-02-07,147.9553353574889,3883.0,8168.888492921077
14081,2025-02-08,410.6317157837674,3883.0,8579.520208704846
14082,2025-02-09,409.5851496562496,3883.0,8989.105358361094
14083,2025-02-10,144.07351865361602,3883.0,9133.17887701471
14084,2025-02-11,143.32449228561288,3883.0,9276.503369300324
14085,2025-02-12,142.87898174529673,3883.0,9419.38235104562
14086,2025-02-13,142.73992580656767,3883.0,9562.122276852187
14087,2025-02-14,142.8998616479923,3883.0,9705.02213850018
14088,2025-02-15,409.3657351323362,3883.0,10114.387873632517
14089,2025-02-16,410.3209226133233,3883.0,10524.708796245839
14090,2025-02-17,144.95483698265687,3883.0,10669.663633228496
14091,2025-02-18,146.05045208043134,3883.0,10815.714085308928
14092,2025-02-19,147.27777567126384,3883.0,10962.991860980192
14093,2025-02-20,148.5859385939215,3883.0,11111.577799574114
14094,2025-02-21,149.921906383231,3883.0,11261.499705957343
14095,2025-02-22,419.066925634465,3883.0,11680.56663159181
14096,2025-02-23,420.55794588764417,3883.0,12101.124577479453
14097,2025-02-24,153.5697646719374,3883.0,12254.694342151392
14098,2025-02-25,154.50281929333286,3883.0,12409.197161444723
14099,2025-02-26,155.2246531159352,3883.0,12564.42181456066
14100,2025-02-27,155.7031295091123,3883.0,12720.124944069772
14101,2025-02-28,155.91401963652896,3883.0,12876.0389637063
14102,2025-03-01,425.4868021133496,3883.0,13301.52576581965
14103,2025-03-02,425.38325158658586,3883.0,13726.909017406235
14104,2025-03-03,154.8300039760613,3883.0,13881.739021382296
14105,2025-03-04,153.9046723172132,3883.0,14035.64369369951
14106,2025-03-05,152.72359341368244,3883.0,14188.367287113193
14107,2025-03-06,151.3147314270191,3883.0,14339.682018540212
14108,2025-03-07,149.71302304364949,3883.0,14489.39504158386
14109,2025-03-08,419.4147567638308,3883.0,14908.809798347693
14110,2025-03-09,417.8129178681178,3883.0,15326.62271621581
14111,2025-03-10,144.18013417414147,3883.0,15470.802850389951
14112,2025-03-11,142.25344314160466,3883.0,15613.056293531556
14113,2025-03-12,140.36899847374266,3883.0,15753.425292005299
14114,2025-03-13,138.57567056494995,3883.0,15892.000962570248
14115,2025-03-14,136.91944980066486,3883.0,16028.920412370913
14116,2025-03-15,408.70795742771594,3883.0,16437.62836979863
14117,2025-03-16,407.70430080308614,3883.0,16845.332670601714
14118,2025-03-17,133.1623008934893,3883.0,16978.494971495205
14119,2025-03-18,132.4119008902095,3883.0,17110.906872385414
14120,2025-03-19,131.9428517863933,3883.0,17242.849724171807
14121,2025-03-20,131.7609971182851,3883.0,17374.610721290093
14122,2025-03-21,131.86363152582345,3883.0,17506.474352815916
14123,2025-03-22,407.31589467770686,3883.0,17913.790247493624
14124,2025-03-23,408.20469224171535,3883.0,18321.994939735338
14125,2025-03-24,133.72752055223393,3883.0,18455.722460287572
14126,2025-03-25,134.77955579176393,3883.0,18590.502016079336
14127,2025-03-26,135.9870534949519,3883.0,18726.489069574287
14128,2025-03-27,137.30673002666742,3883.0,18863.795799600957
14129,2025-03-28,138.69215771420497,3883.0,19002.48795731516
14130,2025-03-29,416.9817932993444,3883.0,19419.469750614506
14131,2025-03-30,418.6123973253043,3883.0,19838.082147939807
14132,2025-03-31,142.76059027953434,3883.0,19980.842738219344
14133,2025-04-01,143.9304872666029,3883.0,20124.773225485947
14134,2025-04-02,144.93544364225656,3883.0,20269.708669128202
14135,2025-04-03,145.73897585259246,3883.0,20415.447644980795
14136,2025-04-04,146.31049444819533,3883.0,20561.758139428992
14137,2025-04-05,425.323178957167,3883.0,20987.081318386157
14138,2025-04-06,425.62507210967067,3883.0,21412.706390495827
14139,2025-04-07,146.43156276597634,3883.0,21559.137953261805
14140,2025-04-08,145.91183343913835,3883.0,21705.049786700944
14141,2025-04-09,145.11734185390773,3883.0,21850.16712855485
14142,2025-04-10,144.06283952762826,3883.0,21994.22996808248
14143,2025-04-11,142.7702102203741,3883.0,22137.000178302853
14144,2025-04-12,421.77520183658925,3883.0,22558.775380139443
14145,2025-04-13,420.3554753952961,3883.0,22979.13085553474
14146,2025-04-14,137.77358187151435,3883.0,23116.904437406254
14147,2025-04-15,135.86208607851347,3883.0,23252.766523484766
14148,2025-04-16,133.8989442800691,3883.0,23386.665467764837
14149,2025-04-17,131.30463066855066,3883.0,23517.970098433387
14150,2025-04-18,129.36903059406387,3883.0,23647.33912902745
14151,2025-04-19,410.4634139804185,3883.0,24057.802543007867
14152,2025-04-20,408.2633548259484,3883.0,24466.065897833818
14153,2025-04-21,124.2025765857361,3883.0,24590.268474419554
14154,2025-04-22,123.45550959723116,3883.0,24713.723984016786
14155,2025-04-23,122.28339254890395,3883.0,24836.00737656569
14156,2025-04-24,121.34393707020925,3883.0,24957.351313635896
14157,2025-04-25,120.64938886237587,3883.0,25078.000702498273
14158,2025-04-26,404.3330742470997,3883.0,25482.333776745374
14159,2025-04-27,404.3951706062628,3883.0,25886.728947351636
14160,2025-04-28,120.0506937105731,3883.0,26006.77964106221
14161,2025-04-29,120.31608612838914,3883.0,26127.095727190597
14162,2025-04-30,120.78246551516737,3883.0,26247.878192705764
14163,2025-05-01,120.69273728030973,3883.0,26368.570929986075
14164,2025-05-02,122.20291382455329,3883.0,26490.773843810628
14165,2025-05-03,409.02690969210533,3883.0,26899.800753502735
14166,2025-05-04,410.2365181309301,3883.0,27310.037271633664
14167,2025-05-05,125.01488548923277,3883.0,27435.052157122896
14168,2025-05-06,125.97330454642105,3883.0,27561.025461669316
14169,2025-05-07,126.8730820692441,3883.0,27687.89854373856
14170,2025-05-08,127.67401026804521,3883.0,27815.57255400661
14171,2025-05-09,128.3380954973897,3883.0,27943.910649503996
14172,2025-05-10,416.5793715952165,3883.0,28360.490021099213
14173,2025-05-11,417.1273821242884,3883.0,28777.617403223503
14174,2025-05-12,129.17948888527133,3883.0,28906.796892108774
14175,2025-05-13,128.98759079882464,3883.0,29035.7844829076
14176,2025-05-14,128.52731772006595,3883.0,29164.311800627664
14177,2025-05-15,127.78718433074589,3883.0,29292.098984958408
14178,2025-05-16,126.7609896730692,3883.0,29418.85997463148
14179,2025-05-17,414.2032517944427,3883.0,29833.063226425922
14180,2025-05-18,413.6689762816595,3883.0,30246.732202707582
14181,2025-05-19,121.97920407504789,3883.0,30368.71140678263
14182,2025-05-20,119.84445965523427,3883.0,30488.555866437862
14183,2025-05-21,117.4622893990575,3883.0,30606.018155836922
14184,2025-05-22,114.85094091322469,3883.0,30720.869096750146
14185,2025-05-23,112.03071217355016,3883.0,30832.899808923696
14186,2025-05-24,400.39301337106474,3883.0,31233.29282229476
14187,2025-05-25,397.47937276855197,3883.0,31630.772195063313
14188,2025-05-26,102.53637869914208,3883.0,31733.308573762453
14189,2025-05-27,99.10137869095237,3883.0,31832.409952453407
14190,2025-05-28,95.5670250286169,3883.0,31927.976977482023
14191,2025-05-29,91.17199932744619,3883.0,32019.14897680947
14192,2025-05-30,88.27716549390965,3883.0,32107.42614230338
14193,2025-05-31,377.73585086696306,3883.0,32485.161993170343
14194,2025-01-01,7924.46637722955,3901.0,7924.46637722955
14195,2025-01-02,7628.322366671616,3901.0,15552.788743901165
14196,2025-01-03,7336.993630698435,3901.0,22889.7823745996
14197,2025-01-04,3661.246916136855,3901.0,26551.029290736456
14198,2025-01-05,3410.603687004342,3901.0,29961.632977740795
14199,2025-01-06,6607.990996791102,3901.0,36569.623974531896
14200,2025-01-07,6427.6829507557,3901.0,42997.3069252876
14201,2025-01-08,6283.812270582048,3901.0,49281.11919586964
14202,2025-01-09,6178.037305679654,3901.0,55459.1565015493
14203,2025-01-10,6111.0386156420345,3901.0,61570.19511719134
14204,2025-01-11,2633.823191745492,3901.0,64204.01830893683
14205,2025-01-12,2636.3456081164427,3901.0,66840.36391705327
14206,2025-01-13,6135.054046951854,3901.0,72975.41796400513
14207,2025-01-14,6211.006842805606,3901.0,79186.42480681073
14208,2025-01-15,6315.416184173908,3901.0,85501.84099098464
14209,2025-01-16,6443.994155334208,3901.0,91945.83514631884
14210,2025-01-17,6591.97590431466,3901.0,98537.8110506335
14211,2025-01-18,3262.191088742957,3901.0,101800.00213937646
14212,2025-01-19,3427.2917576703458,3901.0,105227.29389704681
14213,2025-01-20,7100.536133447461,3901.0,112327.83003049427
14214,2025-01-21,7273.97673393084,3901.0,119601.80676442511
14215,2025-01-22,7440.907725900536,3901.0,127042.71449032564
14216,2025-01-23,7596.740448354105,3901.0,134639.45493867976
14217,2025-01-24,7737.387058252822,3901.0,142376.84199693258
14218,2025-01-25,4323.921491145037,3901.0,146700.76348807762
14219,2025-01-26,4418.230020811147,3901.0,151118.99350888876
14220,2025-01-27,8036.847804258094,3901.0,159155.84131314684
14221,2025-01-28,8089.038032494524,3901.0,167244.87934564138
14222,2025-01-29,8115.972038047768,3901.0,175360.85138368915
14223,2025-01-30,8117.977929489727,3901.0,183478.82931317887
14224,2025-01-31,8096.147273653093,3901.0,191574.97658683197
14225,2025-02-01,4473.4708574751685,3901.0,196048.44744430712
14226,2025-02-02,4403.8230268033885,3901.0,200452.27047111053
14227,2025-02-03,7908.790199068408,3901.0,208361.06067017894
14228,2025-02-04,7815.609777492723,3901.0,216176.67044767164
14229,2025-02-05,7713.081807562208,3901.0,223889.75225523385
14230,2025-02-06,7605.21920132773,3901.0,231494.9714565616
14231,2025-02-07,7496.134354732178,3901.0,238991.10581129376
14232,2025-02-08,3767.7329242319,3901.0,242758.83873552567
14233,2025-02-09,3662.138597406038,3901.0,246420.9773329317
14234,2025-02-10,7201.640112468833,3901.0,253622.61744540054
14235,2025-02-11,7126.632246423575,3901.0,260749.2496918241
14236,2025-02-12,7068.4125550017225,3901.0,267817.6622468258
14237,2025-02-13,7029.393108721708,3901.0,274847.0553555475
14238,2025-02-14,7011.42837992406,3901.0,281858.4837354716
14239,2025-02-15,3350.224822481878,3901.0,285208.7085579535
14240,2025-02-16,3371.355525962263,3901.0,288580.0640839157
14241,2025-02-17,7093.462382234363,3901.0,295673.5264661501
14242,2025-02-18,7166.318952605781,3901.0,302839.8454187559
14243,2025-02-19,7260.611809775266,3901.0,310100.45722853113
14244,2025-02-20,7374.790241446956,3901.0,317475.2474699781
14245,2025-02-21,7506.886780056676,3901.0,324982.1342500348
14246,2025-02-22,3945.6676687317436,3901.0,328927.8019187665
14247,2025-02-23,4100.235829815408,3901.0,333028.03774858196
14248,2025-02-24,7986.460443537413,3901.0,341014.49819211935
14249,2025-02-25,8165.1091068728365,3901.0,349179.60729899217
14250,2025-02-26,8348.538430800318,3901.0,357528.1457297925
14251,2025-02-27,8534.086405087095,3901.0,366062.2321348796
14252,2025-02-28,8719.273717110098,3901.0,374781.5058519897
14253,2025-03-01,5149.570615334527,3901.0,379931.0764673242
14254,2025-03-02,5321.455351338164,3901.0,385252.53181866236
14255,2025-03-03,9251.93449171059,3901.0,394504.466310373
14256,2025-03-04,9416.60845035175,3901.0,403921.07476072473
14257,2025-03-05,9573.140717233337,3901.0,413494.2154779581
14258,2025-03-06,9721.071877949933,3901.0,423215.287355908
14259,2025-03-07,9860.294305131854,3901.0,433075.58166103985
14260,2025-03-08,6195.345087092906,3901.0,439270.92674813274
14261,2025-03-09,6311.849599020739,3901.0,445582.77634715347
14262,2025-03-10,10229.084412005837,3901.0,455811.8607591593
14263,2025-03-11,10337.951736662524,3901.0,466149.81249582185
14264,2025-03-12,10441.227159798575,3901.0,476591.03965562047
14265,2025-03-13,10539.819376291482,3901.0,487130.85903191194
14266,2025-03-14,10634.565518387177,3901.0,497765.42455029907
14267,2025-03-15,6887.11886533916,3901.0,504652.54341563827
14268,2025-03-16,6969.865226745488,3901.0,511622.40864238376
14269,2025-03-17,10901.631970824963,3901.0,522524.0406132087
14270,2025-03-18,10985.687070216658,3901.0,533509.7276834254
14271,2025-03-19,11066.889113958285,3901.0,544576.6167973836
14272,2025-03-20,11144.52021596884,3901.0,555721.1370133525
14273,2025-03-21,11217.528620630243,3901.0,566938.6656339827
14274,2025-03-22,7402.13248967168,3901.0,574340.7981236544
14275,2025-03-23,7455.320692091267,3901.0,581796.1188157457
14276,2025-03-24,11393.805786951432,3901.0,593189.9246026971
14277,2025-03-25,11432.128129239978,3901.0,604622.052731937
14278,2025-03-26,11456.768181887523,3901.0,616078.8209138246
14279,2025-03-27,11465.58980488375,3901.0,627544.4107187084
14280,2025-03-28,11456.54288617068,3901.0,639000.9536048791
14281,2025-03-29,7501.970679638533,3901.0,646502.9242845175
14282,2025-03-30,7445.65722947692,3901.0,653948.5815139945
14283,2025-03-31,11304.962175534185,3901.0,665253.5436895287
14284,2025-04-01,11208.945150890153,3901.0,676462.4888404189
14285,2025-04-02,11089.335502403459,3901.0,687551.8243428223
14286,2025-04-03,10946.46417571233,3901.0,698498.2885185346
14287,2025-04-04,10781.291542659972,3901.0,709279.5800611946
14288,2025-04-05,6626.274767873709,3901.0,715905.8548290683
14289,2025-04-06,6415.814366863339,3901.0,722321.6691959316
14290,2025-04-07,10171.424286844407,3901.0,732493.0934827761
14291,2025-04-08,9939.735992618049,3901.0,742432.8294753941
14292,2025-04-09,9700.195822788944,3901.0,752133.0252981831
14293,2025-04-10,9457.3711516209,3901.0,761590.396449804
14294,2025-04-11,9216.20875349685,3901.0,770806.6052033008
14295,2025-04-12,4969.390843859475,3901.0,775775.9960471602
14296,2025-04-13,4741.1356810007355,3901.0,780517.131728161
14297,2025-04-14,8555.386262319545,3901.0,789072.5179904805
14298,2025-04-15,8373.707158476836,3901.0,797446.2251489573
14299,2025-04-16,8219.752643378548,3901.0,805665.9777923359
14300,2025-04-17,8070.741780188891,3901.0,813736.7195725248
14301,2025-04-18,7984.960919804694,3901.0,821721.6804923295
14302,2025-04-19,3910.338595663421,3901.0,825632.019087993
14303,2025-04-20,3870.8318069175866,3901.0,829502.8508949105
14304,2025-04-21,8114.9041534164535,3901.0,837617.755048327
14305,2025-04-22,8083.679668281855,3901.0,845701.4347166088
14306,2025-04-23,8209.980499459663,3901.0,853911.4152160685
14307,2025-04-24,8378.223243753184,3901.0,862289.6384598217
14308,2025-04-25,8585.879439427146,3901.0,870875.5178992489
14309,2025-04-26,4730.152318807344,3901.0,875605.6702180562
14310,2025-04-27,4998.943132522387,3901.0,880604.6133505786
14311,2025-04-28,9405.550295919611,3901.0,890010.1636464981
14312,2025-04-29,9726.826187963974,3901.0,899736.9898344622
14313,2025-04-30,10061.647857428097,3901.0,909798.6376918902
14314,2025-05-01,10369.19366839748,3901.0,920167.8313602877
14315,2025-05-02,10743.601780488827,3901.0,930911.4331407766
14316,2025-05-03,6933.47405284112,3901.0,937844.9071936177
14317,2025-05-04,7244.484056120749,3901.0,945089.3912497384
14318,2025-05-05,11688.296463158025,3901.0,956777.6877128965
14319,2025-05-06,11954.591635369956,3901.0,968732.2793482664
14320,2025-05-07,12186.42681447179,3901.0,980918.7061627381
14321,2025-05-08,12378.825485980857,3901.0,993297.5316487191
14322,2025-05-09,12527.75320964447,3901.0,1005825.2848583636
14323,2025-05-10,8444.20839207605,3901.0,1014269.4932504395
14324,2025-05-11,8492.1791333785,3901.0,1022761.6723838181
14325,2025-05-12,12689.582410932291,3901.0,1035451.2547947504
14326,2025-05-13,12646.321179233566,3901.0,1048097.575973984
14327,2025-05-14,12556.317517887846,3901.0,1060653.8934918717
14328,2025-05-15,12422.410032332758,3901.0,1073076.3035242045
14329,2025-05-16,12248.484833612418,3901.0,1085324.7883578169
14330,2025-05-17,7844.690633169859,3901.0,1093169.4789909867
14331,2025-05-18,7565.068515105507,3901.0,1100734.5475060923
14332,2025-05-19,11538.602905716134,3901.0,1112273.1504118084
14333,2025-05-20,11259.892681685795,3901.0,1123533.0430934941
14334,2025-05-21,10971.455028378161,3901.0,1134504.4981218723
14335,2025-05-22,10680.261570910168,3901.0,1145184.7596927825
14336,2025-05-23,10393.116032693142,3901.0,1155577.8757254756
14337,2025-05-24,5843.688396036291,3901.0,1161421.564121512
14338,2025-05-25,5577.171620441437,3901.0,1166998.7357419534
14339,2025-05-26,9617.275230341891,3901.0,1176616.0109722954
14340,2025-05-27,9404.109319909041,3901.0,1186020.1202922044
14341,2025-05-28,9219.822983544882,3901.0,1195239.9432757492
14342,2025-05-29,9027.643107308882,3901.0,1204267.5863830582
14343,2025-05-30,8944.946749610024,3901.0,1213212.5331326681
14344,2025-05-31,4538.741247505997,3901.0,1217751.2743801742
14345,2025-01-01,3313.888883045752,4222.0,3313.888883045752
14346,2025-01-02,3167.4640069980674,4222.0,6481.35289004382
14347,2025-01-03,3049.9705659591777,4222.0,9531.323456002998
14348,2025-01-04,3431.859110720034,4222.0,12963.182566723031
14349,2025-01-05,3374.445324765243,4222.0,16337.627891488275
14350,2025-01-06,2875.4462345615425,4222.0,19213.074126049818
14351,2025-01-07,2874.367136545457,4222.0,22087.441262595275
14352,2025-01-08,2899.0213109930883,4222.0,24986.462573588364
14353,2025-01-09,2946.826795598103,4222.0,27933.289369186467
14354,2025-01-10,3014.718849044591,4222.0,30948.008218231058
14355,2025-01-11,3572.6269908989566,4222.0,34520.635209130014
14356,2025-01-12,3670.589258845194,4222.0,38191.224467975204
14357,2025-01-13,3303.0934471160176,4222.0,41494.317915091226
14358,2025-01-14,3414.5363265994583,4222.0,44908.854241690686
14359,2025-01-15,3527.081109074995,4222.0,48435.93535076568
14360,2025-01-16,3636.9628391160045,4222.0,52072.898189881686
14361,2025-01-17,3740.672833031048,4222.0,55813.57102291273
14362,2025-01-18,4312.174177512531,4222.0,60125.74520042526
14363,2025-01-19,4395.017885211957,4222.0,64520.76308563722
14364,2025-01-20,3985.3570601437127,4222.0,68506.12014578094
14365,2025-01-21,4037.344732103416,4222.0,72543.46487788434
14366,2025-01-22,4072.1974867351864,4222.0,76615.66236461954
14367,2025-01-23,4089.3835913942194,4222.0,80705.04595601375
14368,2025-01-24,4088.9626646751526,4222.0,84794.00862068891
14369,2025-01-25,4552.435205545923,4222.0,89346.44382623483
14370,2025-01-26,4519.771361249984,4222.0,93866.2151874848
14371,2025-01-27,3991.026271482689,4222.0,97857.2414589675
14372,2025-01-28,3931.624205096722,4222.0,101788.86566406423
14373,2025-01-29,3862.596828375089,4222.0,105651.46249243931
14374,2025-01-30,3786.6440819966188,4222.0,109438.10657443594
14375,2025-01-31,3706.6407946817867,4222.0,113144.74736911771
14376,2025-02-01,4110.153191722096,4222.0,117254.90056083981
14377,2025-02-02,4031.433399394704,4222.0,121286.33396023452
14378,2025-02-03,3471.7076386764575,4222.0,124758.04159891098
14379,2025-02-04,3404.434731001306,4222.0,128162.47632991229
14380,2025-02-05,3346.8208564491397,4222.0,131509.29718636142
14381,2025-02-06,3300.8658217629463,4222.0,134810.16300812436
14382,2025-02-07,3268.156749468974,4222.0,138078.31975759333
14383,2025-02-08,3738.175686017218,4222.0,141816.49544361056
14384,2025-02-09,3735.3843437024043,4222.0,145551.87978731297
14385,2025-02-10,3258.3064153989544,4222.0,148810.18620271192
14386,2025-02-11,3284.8749822966834,4222.0,152095.0611850086
14387,2025-02-12,3325.328249230546,4222.0,155420.38943423916
14388,2025-02-13,3378.3326349073895,4222.0,158798.72206914655
14389,2025-02-14,3442.1392845788737,4222.0,162240.8613537254
14390,2025-02-15,4006.7406746359047,4222.0,166247.60202836132
14391,2025-02-16,4086.083990871696,4222.0,170333.68601923302
14392,2025-02-17,3675.9653872094605,4222.0,174009.65140644248
14393,2025-02-18,3759.4630648100047,4222.0,177769.11447125248
14394,2025-02-19,3841.18983681681,4222.0,181610.3043080693
14395,2025-02-20,3918.448722875558,4222.0,185528.75303094485
14396,2025-02-21,3988.689133381801,4222.0,189517.44216432664
14397,2025-02-22,4545.432371585887,4222.0,194062.87453591253
14398,2025-02-23,4595.518986015718,4222.0,198658.39352192826
14399,2025-02-24,4135.7085595312365,4222.0,202794.10208145948
14400,2025-02-25,4158.083453299581,4222.0,206952.18553475908
14401,2025-02-26,4165.538015765443,4222.0,211117.7235505245
14402,2025-02-27,4157.844888488216,4222.0,215275.56843901274
14403,2025-02-28,4135.291085175773,4222.0,219410.8595241885
14404,2025-03-01,4598.258202415257,4222.0,224009.11772660376
14405,2025-03-02,4549.3985607188815,4222.0,228558.51628732265
14406,2025-03-03,3988.847501070277,4222.0,232547.36378839292
14407,2025-03-04,3919.5197442684553,4222.0,236466.88353266136
14408,2025-03-05,3843.7745472215965,4222.0,240310.65807988297
14409,2025-03-06,3764.3512530871903,4222.0,244075.00933297016
14410,2025-03-07,3684.1643472342275,4222.0,247759.17368020437
14411,2025-03-08,4109.538728955795,4222.0,251868.7124091602
14412,2025-03-09,4037.3363635800865,4222.0,255906.04877274027
14413,2025-03-10,3468.8236526860514,4222.0,259374.87242542632
14414,2025-03-11,3414.9226791846045,4222.0,262789.7951046109
14415,2025-03-12,3374.132563534839,4222.0,266163.92766814574
14416,2025-03-13,3348.4302364159366,4222.0,269512.3579045617
14417,2025-03-14,3339.333447569333,4222.0,272851.691352131
14418,2025-03-15,3854.909950111648,4222.0,276706.60130224266
14419,2025-03-16,3881.979963669334,4222.0,280588.58126591204
14420,2025-03-17,3418.766731849317,4222.0,284007.34799776133
14421,2025-03-18,3480.2298425489926,4222.0,287487.57784031035
14422,2025-03-19,3557.365316316205,4222.0,291044.94315662654
14423,2025-03-20,3648.185855881073,4222.0,294693.1290125076
14424,2025-03-21,3750.154381246897,4222.0,298443.2833937545
14425,2025-03-22,4371.054932793512,4222.0,302814.338326548
14426,2025-03-23,4486.3413055284855,4222.0,307300.67963207647
14427,2025-03-24,4090.6215153710223,4222.0,311391.3011474475
14428,2025-03-25,4203.102637169039,4222.0,315594.40378461656
14429,2025-03-26,4308.276749963158,4222.0,319902.68053457973
14430,2025-03-27,4401.965066383234,4222.0,324304.645600963
14431,2025-03-28,4480.083920688837,4222.0,328784.7295216518
14432,2025-03-29,5053.317732191024,4222.0,333838.0472538428
14433,2025-03-30,5089.534081518937,4222.0,338927.58133536176
14434,2025-03-31,4584.004383839286,4222.0,343511.585719201
14435,2025-04-01,4564.847194066503,4222.0,348076.4329132675
14436,2025-04-02,4514.974688107613,4222.0,352591.40760137513
14437,2025-04-03,4433.066527678398,4222.0,357024.47412905353
14438,2025-04-04,4318.529052622277,4222.0,361343.0031816758
14439,2025-04-05,4689.829839059879,4222.0,366032.8330207357
14440,2025-04-06,4511.841480989734,4222.0,370544.6745017254
14441,2025-04-07,3784.6673554134686,4222.0,374329.3418571389
14442,2025-04-08,3548.962630599108,4222.0,377878.304487738
14443,2025-04-09,3289.0343295427097,4222.0,381167.3388172807
14444,2025-04-10,3008.6548777348435,4222.0,384175.99369501555
14445,2025-04-11,2712.1439820814926,4222.0,386888.13767709705
14446,2025-04-12,2926.315900936995,4222.0,389814.45357803407
14447,2025-04-13,2612.726188356608,4222.0,392427.17976639065
14448,2025-04-14,1775.1008146040847,4222.0,394202.28058099473
14449,2025-04-15,1464.5573471186171,4222.0,395666.83792811335
14450,2025-04-16,1163.9047981086285,4222.0,396830.742726222
14451,2025-04-17,878.365652613399,4222.0,397709.1083788354
14452,2025-04-18,612.8700568751883,4222.0,398321.9784357106
14453,2025-04-19,897.72389311742,4222.0,399219.702328828
14454,2025-04-20,685.8821726540972,4222.0,399905.5845014821
14455,2025-04-21,0.0,4222.0,399905.5845014821
14456,2025-04-22,0.0,4222.0,399905.5845014821
14457,2025-04-23,0.0,4222.0,399905.5845014821
14458,2025-04-24,0.0,4222.0,399905.5845014821
14459,2025-04-25,0.0,4222.0,399905.5845014821
14460,2025-04-26,151.5425394977067,4222.0,400057.1270409798
14461,2025-04-27,191.52615409569643,4222.0,400248.6531950755
14462,2025-04-28,0.0,4222.0,400248.6531950755
14463,2025-04-29,0.0,4222.0,400248.6531950755
14464,2025-04-30,0.0,4222.0,400248.6531950755
14465,2025-05-01,110.62871329748538,4222.0,400359.281908373
14466,2025-05-02,297.9938461603233,4222.0,400657.2757545333
14467,2025-05-03,1018.3405035329155,4222.0,401675.6162580662
14468,2025-05-04,1214.654501056698,4222.0,402890.2707591229
14469,2025-05-05,880.1638932746251,4222.0,403770.4346523975
14470,2025-05-06,1077.9037409245695,4222.0,404848.33839332213
14471,2025-05-07,1269.1226457231269,4222.0,406117.46103904524
14472,2025-05-08,1449.1757771466537,4222.0,407566.6368161919
14473,2025-05-09,1613.827617077495,4222.0,409180.4644332694
14474,2025-05-10,2296.3699938139216,4222.0,411476.8344270833
14475,2025-05-11,2420.171012817526,4222.0,413897.00543990085
14476,2025-05-12,1981.1597090511718,4222.0,415878.165148952
14477,2025-05-13,2053.2244072365947,4222.0,417931.3895561886
14478,2025-05-14,2097.806907653547,4222.0,420029.1964638422
14479,2025-05-15,2114.6588517187533,4222.0,422143.8553155609
14480,2025-05-16,2104.2798225846514,4222.0,424248.13513814553
14481,2025-05-17,2583.1029392768028,4222.0,426831.2380774224
14482,2025-05-18,2548.669402595728,4222.0,429379.9074800181
14483,2025-05-19,1925.2301969514986,4222.0,431305.1376769696
14484,2025-05-20,1824.478185679253,4222.0,433129.6158626488
14485,2025-05-21,1708.5679416053015,4222.0,434838.18380425416
14486,2025-05-22,1581.276740562405,4222.0,436419.46054481657
14487,2025-05-23,1446.5969463388217,4222.0,437866.05749115534
14488,2025-05-24,1853.1246468010686,4222.0,439719.18213795644
14489,2025-05-25,1716.4592186709299,4222.0,441435.64135662734
14490,2025-05-26,1038.9374888415937,4222.0,442474.578845469
14491,2025-05-27,914.8718721465556,4222.0,443389.45071761555
14492,2025-05-28,802.5787678577065,4222.0,444192.02948547323
14493,2025-05-29,681.4218331917198,4222.0,444873.45131866494
14494,2025-05-30,624.4886600563093,4222.0,445497.93997872126
14495,2025-05-31,1111.1916397537886,4222.0,446609.131618475
