ID,predicted_weight
1,0.0
2,0.0
3,0.0
4,0.0
5,0.0
6,0.0
7,0.0
8,0.0
9,0.0
10,0.0
11,0.0
12,0.0
13,0.0
14,0.0
15,0.0
16,0.0
17,0.0
18,0.0
19,0.0
20,0.0
21,0.0
22,0.0
23,0.0
24,0.0
25,0.0
26,0.0
27,0.0
28,0.0
29,0.0
30,0.0
31,0.0
32,0.0
33,0.0
34,0.0
35,0.0
36,0.0
37,0.0
38,0.0
39,0.0
40,0.0
41,0.0
42,0.0
43,0.0
44,0.0
45,0.0
46,0.0
47,0.0
48,0.0
49,0.0
50,0.0
51,0.0
52,0.0
53,0.0
54,0.0
55,0.0
56,0.0
57,0.0
58,0.0
59,0.0
60,0.0
61,0.0
62,0.0
63,0.0
64,0.0
65,0.0
66,0.0
67,0.0
68,0.0
69,0.0
70,0.0
71,0.0
72,0.0
73,0.0
74,0.0
75,0.0
76,0.0
77,0.0
78,0.0
79,0.0
80,0.0
81,0.0
82,0.0
83,0.0
84,0.0
85,0.0
86,0.0
87,0.0
88,0.0
89,0.0
90,0.0
91,0.0
92,0.0
93,0.0
94,0.0
95,0.0
96,0.0
97,0.0
98,0.0
99,0.0
100,0.0
101,0.0
102,0.0
103,0.0
104,0.0
105,0.0
106,0.0
107,0.0
108,0.0
109,0.0
110,0.0
111,0.0
112,0.0
113,0.0
114,0.0
115,0.0
116,0.0
117,0.0
118,0.0
119,0.0
120,0.0
121,0.0
122,0.0
123,0.0
124,0.0
125,0.0
126,0.0
127,0.0
128,0.0
129,0.0
130,0.0
131,0.0
132,0.0
133,0.0
134,0.0
135,0.0
136,0.0
137,0.0
138,0.0
139,0.0
140,0.0
141,0.0
142,0.0
143,0.0
144,0.0
145,0.0
146,0.0
147,0.0
148,0.0
149,0.0
150,0.0
151,0.0
152,0.0
153,0.0
154,0.0
155,0.0
156,0.0
157,0.0
158,0.0
159,0.0
160,0.0
161,0.0
162,0.0
163,0.0
164,0.0
165,0.0
166,0.0
167,0.0
168,0.0
169,0.0
170,0.0
171,0.0
172,0.0
173,0.0
174,0.0
175,0.0
176,0.0
177,0.0
178,0.0
179,0.0
180,0.0
181,0.0
182,0.0
183,0.0
184,0.0
185,0.0
186,0.0
187,0.0
188,0.0
189,0.0
190,0.0
191,0.0
192,0.0
193,0.0
194,0.0
195,0.0
196,0.0
197,0.0
198,0.0
199,0.0
200,0.0
201,0.0
202,0.0
203,0.0
204,0.0
205,0.0
206,0.0
207,0.0
208,0.0
209,0.0
210,0.0
211,0.0
212,0.0
213,0.0
214,0.0
215,0.0
216,0.0
217,0.0
218,0.0
219,0.0
220,0.0
221,0.0
222,0.0
223,0.0
224,0.0
225,0.0
226,0.0
227,0.0
228,0.0
229,0.0
230,0.0
231,0.0
232,0.0
233,0.0
234,0.0
235,0.0
236,0.0
237,0.0
238,0.0
239,0.0
240,0.0
241,0.0
242,0.0
243,0.0
244,0.0
245,0.0
246,0.0
247,0.0
248,0.0
249,0.0
250,0.0
251,0.0
252,0.0
253,0.0
254,0.0
255,0.0
256,0.0
257,0.0
258,0.0
259,0.0
260,0.0
261,0.0
262,0.0
263,0.0
264,0.0
265,0.0
266,0.0
267,0.0
268,0.0
269,0.0
270,0.0
271,0.0
272,0.0
273,0.0
274,0.0
275,0.0
276,0.0
277,0.0
278,0.0
279,0.0
280,0.0
281,0.0
282,0.0
283,0.0
284,0.0
285,0.0
286,0.0
287,0.0
288,0.0
289,0.0
290,0.0
291,0.0
292,0.0
293,0.0
294,0.0
295,0.0
296,0.0
297,0.0
298,0.0
299,0.0
300,0.0
301,0.0
302,0.0
303,0.0
304,0.0
305,0.0
306,0.0
307,0.0
308,0.0
309,0.0
310,0.0
311,0.0
312,0.0
313,0.0
314,0.0
315,0.0
316,0.0
317,0.0
318,0.0
319,0.0
320,0.0
321,0.0
322,0.0
323,0.0
324,0.0
325,0.0
326,0.0
327,0.0
328,0.0
329,0.0
330,0.0
331,0.0
332,0.0
333,0.0
334,0.0
335,0.0
336,0.0
337,0.0
338,0.0
339,0.0
340,0.0
341,0.0
342,0.0
343,0.0
344,0.0
345,0.0
346,0.0
347,0.0
348,0.0
349,0.0
350,0.0
351,0.0
352,0.0
353,0.0
354,0.0
355,0.0
356,0.0
357,0.0
358,0.0
359,0.0
360,0.0
361,0.0
362,0.0
363,0.0
364,0.0
365,0.0
366,0.0
367,0.0
368,0.0
369,0.0
370,0.0
371,0.0
372,0.0
373,0.0
374,0.0
375,0.0
376,0.0
377,0.0
378,0.0
379,0.0
380,0.0
381,0.0
382,0.0
383,0.0
384,0.0
385,0.0
386,0.0
387,0.0
388,0.0
389,0.0
390,0.0
391,0.0
392,0.0
393,0.0
394,0.0
395,0.0
396,0.0
397,0.0
398,0.0
399,0.0
400,0.0
401,0.0
402,0.0
403,0.0
404,0.0
405,0.0
406,0.0
407,0.0
408,0.0
409,0.0
410,0.0
411,0.0
412,0.0
413,0.0
414,0.0
415,0.0
416,0.0
417,0.0
418,0.0
419,0.0
420,0.0
421,0.0
422,0.0
423,0.0
424,0.0
425,0.0
426,0.0
427,0.0
428,0.0
429,0.0
430,0.0
431,0.0
432,0.0
433,0.0
434,0.0
435,0.0
436,0.0
437,0.0
438,0.0
439,0.0
440,0.0
441,0.0
442,0.0
443,0.0
444,0.0
445,0.0
446,0.0
447,0.0
448,0.0
449,0.0
450,0.0
451,0.0
452,0.0
453,0.0
454,0.0
455,0.0
456,0.0
457,0.0
458,0.0
459,0.0
460,0.0
461,0.0
462,0.0
463,0.0
464,0.0
465,0.0
466,0.0
467,0.0
468,0.0
469,0.0
470,0.0
471,0.0
472,0.0
473,0.0
474,0.0
475,0.0
476,0.0
477,0.0
478,0.0
479,0.0
480,0.0
481,0.0
482,0.0
483,0.0
484,0.0
485,0.0
486,0.0
487,0.0
488,0.0
489,0.0
490,0.0
491,0.0
492,0.0
493,0.0
494,0.0
495,0.0
496,0.0
497,0.0
498,0.0
499,0.0
500,0.0
501,0.0
502,0.0
503,0.0
504,0.0
505,0.0
506,0.0
507,0.0
508,0.0
509,0.0
510,0.0
511,0.0
512,0.0
513,0.0
514,0.0
515,0.0
516,0.0
517,0.0
518,0.0
519,0.0
520,0.0
521,0.0
522,0.0
523,0.0
524,0.0
525,0.0
526,0.0
527,0.0
528,0.0
529,0.0
530,0.0
531,0.0
532,0.0
533,0.0
534,0.0
535,0.0
536,0.0
537,0.0
538,0.0
539,0.0
540,0.0
541,0.0
542,0.0
543,0.0
544,0.0
545,0.0
546,0.0
547,0.0
548,0.0
549,0.0
550,0.0
551,0.0
552,0.0
553,0.0
554,0.0
555,0.0
556,0.0
557,0.0
558,0.0
559,0.0
560,0.0
561,0.0
562,0.0
563,0.0
564,0.0
565,0.0
566,0.0
567,0.0
568,0.0
569,0.0
570,0.0
571,0.0
572,0.0
573,0.0
574,0.0
575,0.0
576,0.0
577,0.0
578,0.0
579,0.0
580,0.0
581,0.0
582,0.0
583,0.0
584,0.0
585,0.0
586,0.0
587,0.0
588,0.0
589,0.0
590,0.0
591,0.0
592,0.0
593,0.0
594,0.0
595,0.0
596,0.0
597,0.0
598,0.0
599,0.0
600,0.0
601,0.0
602,0.0
603,0.0
604,0.0
605,0.0
606,0.0
607,0.0
608,0.0
609,0.0
610,0.0
611,0.0
612,0.0
613,0.0
614,0.0
615,0.0
616,0.0
617,0.0
618,0.0
619,0.0
620,0.0
621,0.0
622,0.0
623,0.0
624,0.0
625,0.0
626,0.0
627,0.0
628,0.0
629,0.0
630,0.0
631,0.0
632,0.0
633,0.0
634,0.0
635,0.0
636,0.0
637,0.0
638,0.0
639,0.0
640,0.0
641,0.0
642,0.0
643,0.0
644,0.0
645,0.0
646,0.0
647,0.0
648,0.0
649,0.0
650,0.0
651,0.0
652,0.0
653,0.0
654,0.0
655,0.0
656,0.0
657,0.0
658,0.0
659,0.0
660,0.0
661,0.0
662,0.0
663,0.0
664,0.0
665,0.0
666,0.0
667,0.0
668,0.0
669,0.0
670,0.0
671,0.0
672,0.0
673,0.0
674,0.0
675,0.0
676,0.0
677,0.0
678,0.0
679,0.0
680,0.0
681,0.0
682,0.0
683,0.0
684,0.0
685,0.0
686,0.0
687,0.0
688,0.0
689,0.0
690,0.0
691,0.0
692,0.0
693,0.0
694,0.0
695,0.0
696,0.0
697,0.0
698,0.0
699,0.0
700,0.0
701,0.0
702,0.0
703,0.0
704,0.0
705,0.0
706,0.0
707,0.0
708,0.0
709,0.0
710,0.0
711,0.0
712,0.0
713,0.0
714,0.0
715,0.0
716,0.0
717,0.0
718,0.0
719,0.0
720,0.0
721,0.0
722,0.0
723,0.0
724,0.0
725,0.0
726,0.0
727,0.0
728,0.0
729,0.0
730,0.0
731,0.0
732,0.0
733,0.0
734,0.0
735,0.0
736,0.0
737,0.0
738,0.0
739,0.0
740,0.0
741,0.0
742,0.0
743,0.0
744,0.0
745,0.0
746,0.0
747,0.0
748,0.0
749,0.0
750,0.0
751,0.0
752,0.0
753,0.0
754,0.0
755,0.0
756,0.0
757,0.0
758,0.0
759,0.0
760,0.0
761,0.0
762,0.0
763,0.0
764,0.0
765,0.0
766,0.0
767,0.0
768,0.0
769,0.0
770,0.0
771,0.0
772,0.0
773,0.0
774,0.0
775,0.0
776,0.0
777,0.0
778,0.0
779,0.0
780,0.0
781,0.0
782,0.0
783,0.0
784,0.0
785,0.0
786,0.0
787,0.0
788,0.0
789,0.0
790,0.0
791,0.0
792,0.0
793,0.0
794,0.0
795,0.0
796,0.0
797,0.0
798,0.0
799,0.0
800,0.0
801,0.0
802,0.0
803,0.0
804,0.0
805,0.0
806,0.0
807,0.0
808,0.0
809,0.0
810,0.0
811,0.0
812,0.0
813,0.0
814,0.0
815,0.0
816,0.0
817,0.0
818,0.0
819,0.0
820,0.0
821,0.0
822,0.0
823,0.0
824,0.0
825,0.0
826,0.0
827,0.0
828,0.0
829,0.0
830,0.0
831,0.0
832,0.0
833,0.0
834,0.0
835,0.0
836,0.0
837,0.0
838,0.0
839,0.0
840,0.0
841,0.0
842,0.0
843,0.0
844,0.0
845,0.0
846,0.0
847,0.0
848,0.0
849,0.0
850,0.0
851,0.0
852,0.0
853,0.0
854,0.0
855,0.0
856,0.0
857,0.0
858,0.0
859,0.0
860,0.0
861,0.0
862,0.0
863,0.0
864,0.0
865,0.0
866,0.0
867,0.0
868,0.0
869,0.0
870,0.0
871,0.0
872,0.0
873,0.0
874,0.0
875,0.0
876,0.0
877,0.0
878,0.0
879,0.0
880,0.0
881,0.0
882,0.0
883,0.0
884,0.0
885,0.0
886,0.0
887,0.0
888,0.0
889,0.0
890,0.0
891,0.0
892,0.0
893,0.0
894,0.0
895,0.0
896,0.0
897,0.0
898,0.0
899,0.0
900,0.0
901,0.0
902,0.0
903,0.0
904,0.0
905,0.0
906,0.0
907,0.0
908,0.0
909,0.0
910,0.0
911,0.0
912,0.0
913,0.0
914,0.0
915,0.0
916,0.0
917,0.0
918,0.0
919,0.0
920,0.0
921,0.0
922,0.0
923,0.0
924,0.0
925,0.0
926,0.0
927,0.0
928,0.0
929,0.0
930,0.0
931,0.0
932,0.0
933,0.0
934,0.0
935,0.0
936,0.0
937,0.0
938,0.0
939,0.0
940,0.0
941,0.0
942,0.0
943,0.0
944,0.0
945,0.0
946,0.0
947,0.0
948,0.0
949,0.0
950,0.0
951,0.0
952,0.0
953,0.0
954,0.0
955,0.0
956,0.0
957,0.0
958,0.0
959,0.0
960,0.0
961,0.0
962,0.0
963,0.0
964,0.0
965,0.0
966,0.0
967,0.0
968,0.0
969,0.0
970,0.0
971,0.0
972,0.0
973,0.0
974,0.0
975,0.0
976,0.0
977,0.0
978,0.0
979,0.0
980,0.0
981,0.0
982,0.0
983,0.0
984,0.0
985,0.0
986,0.0
987,0.0
988,0.0
989,0.0
990,0.0
991,0.0
992,0.0
993,0.0
994,0.0
995,0.0
996,0.0
997,0.0
998,0.0
999,0.0
1000,0.0
1001,0.0
1002,0.0
1003,0.0
1004,0.0
1005,0.0
1006,0.0
1007,0.0
1008,0.0
1009,0.0
1010,0.0
1011,0.0
1012,0.0
1013,0.0
1014,0.0
1015,0.0
1016,0.0
1017,0.0
1018,0.0
1019,0.0
1020,0.0
1021,0.0
1022,0.0
1023,0.0
1024,0.0
1025,0.0
1026,0.0
1027,0.0
1028,0.0
1029,0.0
1030,0.0
1031,0.0
1032,0.0
1033,0.0
1034,0.0
1035,0.0
1036,0.0
1037,0.0
1038,0.0
1039,0.0
1040,0.0
1041,0.0
1042,0.0
1043,0.0
1044,0.0
1045,0.0
1046,0.0
1047,0.0
1048,0.0
1049,0.0
1050,0.0
1051,0.0
1052,0.0
1053,0.0
1054,0.0
1055,0.0
1056,0.0
1057,0.0
1058,0.0
1059,0.0
1060,0.0
1061,0.0
1062,0.0
1063,0.0
1064,0.0
1065,0.0
1066,0.0
1067,0.0
1068,0.0
1069,0.0
1070,0.0
1071,0.0
1072,0.0
1073,0.0
1074,0.0
1075,0.0
1076,0.0
1077,0.0
1078,0.0
1079,0.0
1080,0.0
1081,0.0
1082,0.0
1083,0.0
1084,0.0
1085,0.0
1086,0.0
1087,0.0
1088,0.0
1089,0.0
1090,0.0
1091,0.0
1092,0.0
1093,0.0
1094,0.0
1095,0.0
1096,0.0
1097,0.0
1098,0.0
1099,0.0
1100,0.0
1101,0.0
1102,0.0
1103,0.0
1104,0.0
1105,0.0
1106,0.0
1107,0.0
1108,0.0
1109,0.0
1110,0.0
1111,0.0
1112,0.0
1113,0.0
1114,0.0
1115,0.0
1116,0.0
1117,0.0
1118,0.0
1119,0.0
1120,0.0
1121,0.0
1122,0.0
1123,0.0
1124,0.0
1125,0.0
1126,0.0
1127,0.0
1128,0.0
1129,0.0
1130,0.0
1131,0.0
1132,0.0
1133,0.0
1134,0.0
1135,0.0
1136,0.0
1137,0.0
1138,0.0
1139,0.0
1140,0.0
1141,0.0
1142,0.0
1143,0.0
1144,0.0
1145,0.0
1146,0.0
1147,0.0
1148,0.0
1149,0.0
1150,0.0
1151,0.0
1152,0.0
1153,0.0
1154,0.0
1155,0.0
1156,0.0
1157,0.0
1158,0.0
1159,0.0
1160,0.0
1161,0.0
1162,0.0
1163,0.0
1164,0.0
1165,0.0
1166,0.0
1167,0.0
1168,0.0
1169,0.0
1170,0.0
1171,0.0
1172,0.0
1173,0.0
1174,0.0
1175,0.0
1176,0.0
1177,0.0
1178,0.0
1179,0.0
1180,0.0
1181,0.0
1182,0.0
1183,0.0
1184,0.0
1185,0.0
1186,0.0
1187,0.0
1188,0.0
1189,0.0
1190,0.0
1191,0.0
1192,0.0
1193,0.0
1194,0.0
1195,0.0
1196,0.0
1197,0.0
1198,0.0
1199,0.0
1200,0.0
1201,0.0
1202,0.0
1203,0.0
1204,0.0
1205,0.0
1206,0.0
1207,0.0
1208,0.0
1209,0.0
1210,0.0
1211,0.0
1212,0.0
1213,0.0
1214,0.0
1215,0.0
1216,0.0
1217,0.0
1218,0.0
1219,0.0
1220,0.0
1221,0.0
1222,0.0
1223,0.0
1224,0.0
1225,0.0
1226,0.0
1227,0.0
1228,0.0
1229,0.0
1230,0.0
1231,0.0
1232,0.0
1233,0.0
1234,0.0
1235,0.0
1236,0.0
1237,0.0
1238,0.0
1239,0.0
1240,0.0
1241,0.0
1242,0.0
1243,0.0
1244,0.0
1245,0.0
1246,0.0
1247,0.0
1248,0.0
1249,0.0
1250,0.0
1251,0.0
1252,0.0
1253,0.0
1254,0.0
1255,0.0
1256,0.0
1257,0.0
1258,0.0
1259,0.0
1260,0.0
1261,0.0
1262,0.0
1263,0.0
1264,0.0
1265,0.0
1266,0.0
1267,0.0
1268,0.0
1269,0.0
1270,0.0
1271,0.0
1272,0.0
1273,0.0
1274,0.0
1275,0.0
1276,0.0
1277,0.0
1278,0.0
1279,0.0
1280,0.0
1281,0.0
1282,0.0
1283,0.0
1284,0.0
1285,0.0
1286,0.0
1287,0.0
1288,0.0
1289,0.0
1290,0.0
1291,0.0
1292,0.0
1293,0.0
1294,0.0
1295,0.0
1296,0.0
1297,0.0
1298,0.0
1299,0.0
1300,0.0
1301,0.0
1302,0.0
1303,0.0
1304,0.0
1305,0.0
1306,0.0
1307,0.0
1308,0.0
1309,0.0
1310,0.0
1311,0.0
1312,0.0
1313,0.0
1314,0.0
1315,0.0
1316,0.0
1317,0.0
1318,0.0
1319,0.0
1320,0.0
1321,0.0
1322,0.0
1323,0.0
1324,0.0
1325,0.0
1326,0.0
1327,0.0
1328,0.0
1329,0.0
1330,0.0
1331,0.0
1332,0.0
1333,0.0
1334,0.0
1335,0.0
1336,0.0
1337,0.0
1338,0.0
1339,0.0
1340,0.0
1341,0.0
1342,0.0
1343,0.0
1344,0.0
1345,0.0
1346,0.0
1347,0.0
1348,0.0
1349,0.0
1350,0.0
1351,0.0
1352,0.0
1353,0.0
1354,0.0
1355,0.0
1356,0.0
1357,0.0
1358,0.0
1359,0.0
1360,0.0
1361,0.0
1362,0.0
1363,0.0
1364,0.0
1365,0.0
1366,0.0
1367,0.0
1368,0.0
1369,0.0
1370,0.0
1371,0.0
1372,0.0
1373,0.0
1374,0.0
1375,0.0
1376,0.0
1377,0.0
1378,0.0
1379,0.0
1380,0.0
1381,0.0
1382,0.0
1383,0.0
1384,0.0
1385,0.0
1386,0.0
1387,0.0
1388,0.0
1389,0.0
1390,0.0
1391,0.0
1392,0.0
1393,0.0
1394,0.0
1395,0.0
1396,0.0
1397,0.0
1398,0.0
1399,0.0
1400,0.0
1401,0.0
1402,0.0
1403,0.0
1404,0.0
1405,0.0
1406,0.0
1407,0.0
1408,0.0
1409,0.0
1410,0.0
1411,0.0
1412,0.0
1413,0.0
1414,0.0
1415,0.0
1416,0.0
1417,0.0
1418,0.0
1419,0.0
1420,0.0
1421,0.0
1422,0.0
1423,0.0
1424,0.0
1425,0.0
1426,0.0
1427,0.0
1428,0.0
1429,0.0
1430,0.0
1431,0.0
1432,0.0
1433,0.0
1434,0.0
1435,0.0
1436,0.0
1437,0.0
1438,0.0
1439,0.0
1440,0.0
1441,0.0
1442,0.0
1443,0.0
1444,0.0
1445,0.0
1446,0.0
1447,0.0
1448,0.0
1449,0.0
1450,0.0
1451,0.0
1452,0.0
1453,0.0
1454,0.0
1455,0.0
1456,0.0
1457,0.0
1458,0.0
1459,0.0
1460,0.0
1461,0.0
1462,0.0
1463,0.0
1464,0.0
1465,0.0
1466,0.0
1467,0.0
1468,0.0
1469,0.0
1470,0.0
1471,0.0
1472,0.0
1473,0.0
1474,0.0
1475,0.0
1476,0.0
1477,0.0
1478,0.0
1479,0.0
1480,0.0
1481,0.0
1482,0.0
1483,0.0
1484,0.0
1485,0.0
1486,0.0
1487,0.0
1488,0.0
1489,0.0
1490,0.0
1491,0.0
1492,0.0
1493,0.0
1494,0.0
1495,0.0
1496,0.0
1497,0.0
1498,0.0
1499,0.0
1500,0.0
1501,0.0
1502,0.0
1503,0.0
1504,0.0
1505,0.0
1506,0.0
1507,0.0
1508,0.0
1509,0.0
1510,0.0
1511,0.0
1512,0.0
1513,0.0
1514,0.0
1515,0.0
1516,0.0
1517,0.0
1518,0.0
1519,0.0
1520,0.0
1521,0.0
1522,0.0
1523,0.0
1524,0.0
1525,0.0
1526,0.0
1527,0.0
1528,0.0
1529,0.0
1530,0.0
1531,0.0
1532,0.0
1533,0.0
1534,0.0
1535,0.0
1536,0.0
1537,0.0
1538,0.0
1539,0.0
1540,0.0
1541,0.0
1542,0.0
1543,0.0
1544,0.0
1545,0.0
1546,0.0
1547,0.0
1548,0.0
1549,0.0
1550,0.0
1551,0.0
1552,0.0
1553,0.0
1554,0.0
1555,0.0
1556,0.0
1557,0.0
1558,0.0
1559,0.0
1560,0.0
1561,0.0
1562,0.0
1563,0.0
1564,0.0
1565,0.0
1566,0.0
1567,0.0
1568,0.0
1569,0.0
1570,0.0
1571,0.0
1572,0.0
1573,0.0
1574,0.0
1575,0.0
1576,0.0
1577,0.0
1578,0.0
1579,0.0
1580,0.0
1581,0.0
1582,0.0
1583,0.0
1584,0.0
1585,0.0
1586,0.0
1587,0.0
1588,0.0
1589,0.0
1590,0.0
1591,0.0
1592,0.0
1593,0.0
1594,0.0
1595,0.0
1596,0.0
1597,0.0
1598,0.0
1599,0.0
1600,0.0
1601,0.0
1602,0.0
1603,0.0
1604,0.0
1605,0.0
1606,0.0
1607,0.0
1608,0.0
1609,0.0
1610,0.0
1611,0.0
1612,0.0
1613,0.0
1614,0.0
1615,0.0
1616,0.0
1617,0.0
1618,0.0
1619,0.0
1620,0.0
1621,0.0
1622,0.0
1623,0.0
1624,0.0
1625,0.0
1626,0.0
1627,0.0
1628,0.0
1629,0.0
1630,0.0
1631,0.0
1632,0.0
1633,0.0
1634,0.0
1635,0.0
1636,0.0
1637,0.0
1638,0.0
1639,0.0
1640,0.0
1641,0.0
1642,0.0
1643,0.0
1644,0.0
1645,0.0
1646,0.0
1647,0.0
1648,0.0
1649,0.0
1650,0.0
1651,0.0
1652,0.0
1653,0.0
1654,0.0
1655,0.0
1656,0.0
1657,0.0
1658,0.0
1659,0.0
1660,0.0
1661,0.0
1662,0.0
1663,0.0
1664,0.0
1665,0.0
1666,0.0
1667,0.0
1668,0.0
1669,0.0
1670,0.0
1671,0.0
1672,0.0
1673,0.0
1674,0.0
1675,0.0
1676,0.0
1677,0.0
1678,0.0
1679,0.0
1680,0.0
1681,0.0
1682,0.0
1683,0.0
1684,0.0
1685,0.0
1686,0.0
1687,0.0
1688,0.0
1689,0.0
1690,0.0
1691,0.0
1692,0.0
1693,0.0
1694,0.0
1695,0.0
1696,0.0
1697,0.0
1698,0.0
1699,0.0
1700,0.0
1701,0.0
1702,0.0
1703,0.0
1704,0.0
1705,0.0
1706,0.0
1707,0.0
1708,0.0
1709,0.0
1710,0.0
1711,0.0
1712,0.0
1713,0.0
1714,0.0
1715,0.0
1716,0.0
1717,0.0
1718,0.0
1719,0.0
1720,0.0
1721,0.0
1722,0.0
1723,0.0
1724,0.0
1725,0.0
1726,0.0
1727,0.0
1728,0.0
1729,0.0
1730,0.0
1731,0.0
1732,0.0
1733,0.0
1734,0.0
1735,0.0
1736,0.0
1737,0.0
1738,0.0
1739,0.0
1740,0.0
1741,0.0
1742,0.0
1743,0.0
1744,0.0
1745,0.0
1746,0.0
1747,0.0
1748,0.0
1749,0.0
1750,0.0
1751,0.0
1752,0.0
1753,0.0
1754,0.0
1755,0.0
1756,0.0
1757,0.0
1758,0.0
1759,0.0
1760,0.0
1761,0.0
1762,0.0
1763,0.0
1764,0.0
1765,0.0
1766,0.0
1767,0.0
1768,0.0
1769,0.0
1770,0.0
1771,0.0
1772,0.0
1773,0.0
1774,0.0
1775,0.0
1776,0.0
1777,0.0
1778,0.0
1779,0.0
1780,0.0
1781,0.0
1782,0.0
1783,0.0
1784,0.0
1785,0.0
1786,0.0
1787,0.0
1788,0.0
1789,0.0
1790,0.0
1791,0.0
1792,0.0
1793,0.0
1794,0.0
1795,0.0
1796,0.0
1797,0.0
1798,0.0
1799,0.0
1800,0.0
1801,0.0
1802,0.0
1803,0.0
1804,0.0
1805,0.0
1806,0.0
1807,0.0
1808,0.0
1809,0.0
1810,0.0
1811,0.0
1812,0.0
1813,0.0
1814,0.0
1815,0.0
1816,0.0
1817,0.0
1818,0.0
1819,0.0
1820,0.0
1821,0.0
1822,0.0
1823,0.0
1824,0.0
1825,0.0
1826,0.0
1827,0.0
1828,0.0
1829,0.0
1830,0.0
1831,0.0
1832,0.0
1833,0.0
1834,0.0
1835,0.0
1836,0.0
1837,0.0
1838,0.0
1839,0.0
1840,0.0
1841,0.0
1842,0.0
1843,0.0
1844,0.0
1845,0.0
1846,0.0
1847,0.0
1848,0.0
1849,0.0
1850,0.0
1851,0.0
1852,0.0
1853,0.0
1854,0.0
1855,0.0
1856,0.0
1857,0.0
1858,0.0
1859,0.0
1860,0.0
1861,0.0
1862,0.0
1863,0.0
1864,0.0
1865,0.0
1866,0.0
1867,0.0
1868,0.0
1869,0.0
1870,0.0
1871,0.0
1872,0.0
1873,0.0
1874,0.0
1875,0.0
1876,0.0
1877,0.0
1878,0.0
1879,0.0
1880,0.0
1881,0.0
1882,0.0
1883,0.0
1884,0.0
1885,0.0
1886,0.0
1887,0.0
1888,0.0
1889,0.0
1890,0.0
1891,0.0
1892,0.0
1893,0.0
1894,0.0
1895,0.0
1896,0.0
1897,0.0
1898,0.0
1899,0.0
1900,0.0
1901,0.0
1902,0.0
1903,0.0
1904,0.0
1905,0.0
1906,0.0
1907,0.0
1908,0.0
1909,0.0
1910,0.0
1911,0.0
1912,0.0
1913,0.0
1914,0.0
1915,0.0
1916,0.0
1917,0.0
1918,0.0
1919,0.0
1920,0.0
1921,0.0
1922,0.0
1923,0.0
1924,0.0
1925,0.0
1926,0.0
1927,0.0
1928,0.0
1929,0.0
1930,0.0
1931,0.0
1932,0.0
1933,0.0
1934,0.0
1935,0.0
1936,0.0
1937,0.0
1938,0.0
1939,0.0
1940,0.0
1941,0.0
1942,0.0
1943,0.0
1944,0.0
1945,0.0
1946,0.0
1947,0.0
1948,0.0
1949,0.0
1950,0.0
1951,0.0
1952,0.0
1953,0.0
1954,0.0
1955,0.0
1956,0.0
1957,0.0
1958,0.0
1959,0.0
1960,0.0
1961,0.0
1962,0.0
1963,0.0
1964,0.0
1965,0.0
1966,0.0
1967,0.0
1968,0.0
1969,0.0
1970,0.0
1971,0.0
1972,0.0
1973,0.0
1974,0.0
1975,0.0
1976,0.0
1977,0.0
1978,0.0
1979,0.0
1980,0.0
1981,0.0
1982,0.0
1983,0.0
1984,0.0
1985,0.0
1986,0.0
1987,0.0
1988,0.0
1989,0.0
1990,0.0
1991,0.0
1992,0.0
1993,0.0
1994,0.0
1995,0.0
1996,0.0
1997,0.0
1998,0.0
1999,0.0
2000,0.0
2001,0.0
2002,0.0
2003,0.0
2004,0.0
2005,0.0
2006,0.0
2007,0.0
2008,0.0
2009,0.0
2010,0.0
2011,0.0
2012,0.0
2013,0.0
2014,0.0
2015,0.0
2016,0.0
2017,0.0
2018,0.0
2019,0.0
2020,0.0
2021,0.0
2022,0.0
2023,0.0
2024,0.0
2025,0.0
2026,0.0
2027,0.0
2028,0.0
2029,0.0
2030,0.0
2031,0.0
2032,0.0
2033,0.0
2034,0.0
2035,0.0
2036,0.0
2037,0.0
2038,0.0
2039,0.0
2040,0.0
2041,0.0
2042,0.0
2043,0.0
2044,0.0
2045,0.0
2046,0.0
2047,0.0
2048,0.0
2049,0.0
2050,0.0
2051,0.0
2052,0.0
2053,0.0
2054,0.0
2055,0.0
2056,0.0
2057,0.0
2058,0.0
2059,0.0
2060,0.0
2061,0.0
2062,0.0
2063,0.0
2064,0.0
2065,0.0
2066,0.0
2067,0.0
2068,0.0
2069,0.0
2070,0.0
2071,0.0
2072,0.0
2073,0.0
2074,0.0
2075,0.0
2076,0.0
2077,0.0
2078,0.0
2079,0.0
2080,0.0
2081,0.0
2082,0.0
2083,0.0
2084,0.0
2085,0.0
2086,0.0
2087,0.0
2088,0.0
2089,0.0
2090,0.0
2091,0.0
2092,0.0
2093,0.0
2094,0.0
2095,0.0
2096,0.0
2097,0.0
2098,0.0
2099,0.0
2100,0.0
2101,0.0
2102,0.0
2103,0.0
2104,0.0
2105,0.0
2106,0.0
2107,0.0
2108,0.0
2109,0.0
2110,0.0
2111,0.0
2112,0.0
2113,0.0
2114,0.0
2115,0.0
2116,0.0
2117,0.0
2118,0.0
2119,0.0
2120,0.0
2121,0.0
2122,0.0
2123,0.0
2124,0.0
2125,0.0
2126,0.0
2127,0.0
2128,0.0
2129,0.0
2130,0.0
2131,0.0
2132,0.0
2133,0.0
2134,0.0
2135,0.0
2136,0.0
2137,0.0
2138,0.0
2139,0.0
2140,0.0
2141,0.0
2142,0.0
2143,0.0
2144,0.0
2145,0.0
2146,0.0
2147,0.0
2148,0.0
2149,0.0
2150,0.0
2151,0.0
2152,0.0
2153,0.0
2154,0.0
2155,0.0
2156,0.0
2157,0.0
2158,0.0
2159,0.0
2160,0.0
2161,0.0
2162,0.0
2163,0.0
2164,0.0
2165,0.0
2166,0.0
2167,0.0
2168,0.0
2169,0.0
2170,0.0
2171,0.0
2172,0.0
2173,0.0
2174,0.0
2175,0.0
2176,0.0
2177,0.0
2178,0.0
2179,0.0
2180,0.0
2181,0.0
2182,0.0
2183,0.0
2184,0.0
2185,0.0
2186,0.0
2187,0.0
2188,0.0
2189,0.0
2190,0.0
2191,0.0
2192,0.0
2193,0.0
2194,0.0
2195,0.0
2196,0.0
2197,0.0
2198,0.0
2199,0.0
2200,0.0
2201,0.0
2202,0.0
2203,0.0
2204,0.0
2205,0.0
2206,0.0
2207,0.0
2208,0.0
2209,0.0
2210,0.0
2211,0.0
2212,0.0
2213,0.0
2214,0.0
2215,0.0
2216,0.0
2217,0.0
2218,0.0
2219,0.0
2220,0.0
2221,0.0
2222,0.0
2223,0.0
2224,0.0
2225,0.0
2226,0.0
2227,0.0
2228,0.0
2229,0.0
2230,0.0
2231,0.0
2232,0.0
2233,0.0
2234,0.0
2235,0.0
2236,0.0
2237,0.0
2238,0.0
2239,0.0
2240,0.0
2241,0.0
2242,0.0
2243,0.0
2244,0.0
2245,0.0
2246,0.0
2247,0.0
2248,0.0
2249,0.0
2250,0.0
2251,0.0
2252,0.0
2253,0.0
2254,0.0
2255,0.0
2256,0.0
2257,0.0
2258,0.0
2259,0.0
2260,0.0
2261,0.0
2262,0.0
2263,0.0
2264,0.0
2265,0.0
2266,0.0
2267,0.0
2268,0.0
2269,0.0
2270,0.0
2271,0.0
2272,0.0
2273,0.0
2274,0.0
2275,0.0
2276,0.0
2277,0.0
2278,0.0
2279,0.0
2280,0.0
2281,0.0
2282,0.0
2283,0.0
2284,0.0
2285,0.0
2286,0.0
2287,0.0
2288,0.0
2289,0.0
2290,0.0
2291,0.0
2292,0.0
2293,0.0
2294,0.0
2295,0.0
2296,0.0
2297,0.0
2298,0.0
2299,0.0
2300,0.0
2301,0.0
2302,0.0
2303,0.0
2304,0.0
2305,0.0
2306,0.0
2307,0.0
2308,0.0
2309,0.0
2310,0.0
2311,0.0
2312,0.0
2313,0.0
2314,0.0
2315,0.0
2316,0.0
2317,0.0
2318,0.0
2319,0.0
2320,0.0
2321,0.0
2322,0.0
2323,0.0
2324,0.0
2325,0.0
2326,0.0
2327,0.0
2328,0.0
2329,0.0
2330,0.0
2331,0.0
2332,0.0
2333,0.0
2334,0.0
2335,0.0
2336,0.0
2337,0.0
2338,0.0
2339,0.0
2340,0.0
2341,0.0
2342,0.0
2343,0.0
2344,0.0
2345,0.0
2346,0.0
2347,0.0
2348,0.0
2349,0.0
2350,0.0
2351,0.0
2352,0.0
2353,0.0
2354,0.0
2355,0.0
2356,0.0
2357,0.0
2358,0.0
2359,0.0
2360,0.0
2361,0.0
2362,0.0
2363,0.0
2364,0.0
2365,0.0
2366,0.0
2367,0.0
2368,0.0
2369,0.0
2370,0.0
2371,0.0
2372,0.0
2373,0.0
2374,0.0
2375,0.0
2376,0.0
2377,0.0
2378,0.0
2379,0.0
2380,0.0
2381,0.0
2382,0.0
2383,0.0
2384,0.0
2385,0.0
2386,0.0
2387,0.0
2388,0.0
2389,0.0
2390,0.0
2391,0.0
2392,0.0
2393,0.0
2394,0.0
2395,0.0
2396,0.0
2397,0.0
2398,0.0
2399,0.0
2400,0.0
2401,0.0
2402,0.0
2403,0.0
2404,0.0
2405,0.0
2406,0.0
2407,0.0
2408,0.0
2409,0.0
2410,0.0
2411,0.0
2412,0.0
2413,0.0
2414,0.0
2415,0.0
2416,0.0
2417,0.0
2418,0.0
2419,0.0
2420,0.0
2421,0.0
2422,0.0
2423,0.0
2424,0.0
2425,0.0
2426,0.0
2427,0.0
2428,0.0
2429,0.0
2430,0.0
2431,0.0
2432,0.0
2433,0.0
2434,0.0
2435,0.0
2436,0.0
2437,0.0
2438,0.0
2439,0.0
2440,0.0
2441,0.0
2442,0.0
2443,0.0
2444,0.0
2445,0.0
2446,0.0
2447,0.0
2448,0.0
2449,0.0
2450,0.0
2451,0.0
2452,0.0
2453,0.0
2454,0.0
2455,0.0
2456,0.0
2457,0.0
2458,0.0
2459,0.0
2460,0.0
2461,0.0
2462,0.0
2463,0.0
2464,0.0
2465,0.0
2466,0.0
2467,0.0
2468,0.0
2469,0.0
2470,0.0
2471,0.0
2472,0.0
2473,0.0
2474,0.0
2475,0.0
2476,0.0
2477,0.0
2478,0.0
2479,0.0
2480,0.0
2481,0.0
2482,0.0
2483,0.0
2484,0.0
2485,0.0
2486,0.0
2487,0.0
2488,0.0
2489,0.0
2490,0.0
2491,0.0
2492,0.0
2493,0.0
2494,0.0
2495,0.0
2496,0.0
2497,0.0
2498,0.0
2499,0.0
2500,0.0
2501,0.0
2502,0.0
2503,0.0
2504,0.0
2505,0.0
2506,0.0
2507,0.0
2508,0.0
2509,0.0
2510,0.0
2511,0.0
2512,0.0
2513,0.0
2514,0.0
2515,0.0
2516,0.0
2517,0.0
2518,0.0
2519,0.0
2520,0.0
2521,0.0
2522,0.0
2523,0.0
2524,0.0
2525,0.0
2526,0.0
2527,0.0
2528,0.0
2529,0.0
2530,0.0
2531,0.0
2532,0.0
2533,0.0
2534,0.0
2535,0.0
2536,0.0
2537,0.0
2538,0.0
2539,0.0
2540,0.0
2541,0.0
2542,0.0
2543,0.0
2544,0.0
2545,0.0
2546,0.0
2547,0.0
2548,0.0
2549,0.0
2550,0.0
2551,0.0
2552,0.0
2553,0.0
2554,0.0
2555,0.0
2556,0.0
2557,0.0
2558,0.0
2559,0.0
2560,0.0
2561,0.0
2562,0.0
2563,0.0
2564,0.0
2565,0.0
2566,0.0
2567,0.0
2568,0.0
2569,0.0
2570,0.0
2571,0.0
2572,0.0
2573,0.0
2574,0.0
2575,0.0
2576,0.0
2577,0.0
2578,0.0
2579,0.0
2580,0.0
2581,0.0
2582,0.0
2583,0.0
2584,0.0
2585,0.0
2586,0.0
2587,0.0
2588,0.0
2589,0.0
2590,0.0
2591,0.0
2592,0.0
2593,0.0
2594,0.0
2595,0.0
2596,0.0
2597,0.0
2598,0.0
2599,0.0
2600,0.0
2601,0.0
2602,0.0
2603,0.0
2604,0.0
2605,0.0
2606,0.0
2607,0.0
2608,0.0
2609,0.0
2610,0.0
2611,0.0
2612,0.0
2613,0.0
2614,0.0
2615,0.0
2616,0.0
2617,0.0
2618,0.0
2619,0.0
2620,0.0
2621,0.0
2622,0.0
2623,0.0
2624,0.0
2625,0.0
2626,0.0
2627,0.0
2628,0.0
2629,0.0
2630,0.0
2631,0.0
2632,0.0
2633,0.0
2634,0.0
2635,0.0
2636,0.0
2637,0.0
2638,0.0
2639,0.0
2640,0.0
2641,0.0
2642,0.0
2643,0.0
2644,0.0
2645,0.0
2646,0.0
2647,0.0
2648,0.0
2649,0.0
2650,0.0
2651,0.0
2652,0.0
2653,0.0
2654,0.0
2655,0.0
2656,0.0
2657,0.0
2658,0.0
2659,0.0
2660,0.0
2661,0.0
2662,0.0
2663,0.0
2664,0.0
2665,0.0
2666,0.0
2667,0.0
2668,0.0
2669,0.0
2670,0.0
2671,0.0
2672,0.0
2673,0.0
2674,0.0
2675,0.0
2676,0.0
2677,0.0
2678,0.0
2679,0.0
2680,0.0
2681,0.0
2682,0.0
2683,0.0
2684,0.0
2685,0.0
2686,0.0
2687,0.0
2688,0.0
2689,0.0
2690,0.0
2691,0.0
2692,0.0
2693,0.0
2694,0.0
2695,0.0
2696,0.0
2697,0.0
2698,0.0
2699,0.0
2700,0.0
2701,0.0
2702,0.0
2703,0.0
2704,0.0
2705,0.0
2706,0.0
2707,0.0
2708,0.0
2709,0.0
2710,0.0
2711,0.0
2712,0.0
2713,0.0
2714,0.0
2715,0.0
2716,0.0
2717,0.0
2718,0.0
2719,0.0
2720,0.0
2721,0.0
2722,0.0
2723,0.0
2724,0.0
2725,0.0
2726,0.0
2727,0.0
2728,0.0
2729,0.0
2730,0.0
2731,0.0
2732,0.0
2733,0.0
2734,0.0
2735,0.0
2736,0.0
2737,0.0
2738,0.0
2739,0.0
2740,0.0
2741,0.0
2742,0.0
2743,0.0
2744,0.0
2745,0.0
2746,0.0
2747,0.0
2748,0.0
2749,0.0
2750,0.0
2751,0.0
2752,0.0
2753,0.0
2754,0.0
2755,0.0
2756,0.0
2757,0.0
2758,0.0
2759,0.0
2760,0.0
2761,0.0
2762,0.0
2763,0.0
2764,0.0
2765,0.0
2766,0.0
2767,0.0
2768,0.0
2769,0.0
2770,0.0
2771,0.0
2772,0.0
2773,0.0
2774,0.0
2775,0.0
2776,0.0
2777,0.0
2778,0.0
2779,0.0
2780,0.0
2781,0.0
2782,0.0
2783,0.0
2784,0.0
2785,0.0
2786,0.0
2787,0.0
2788,0.0
2789,0.0
2790,0.0
2791,0.0
2792,0.0
2793,0.0
2794,0.0
2795,0.0
2796,0.0
2797,0.0
2798,0.0
2799,0.0
2800,0.0
2801,0.0
2802,0.0
2803,0.0
2804,0.0
2805,0.0
2806,0.0
2807,0.0
2808,0.0
2809,0.0
2810,0.0
2811,0.0
2812,0.0
2813,0.0
2814,0.0
2815,0.0
2816,0.0
2817,0.0
2818,0.0
2819,0.0
2820,0.0
2821,0.0
2822,0.0
2823,0.0
2824,0.0
2825,0.0
2826,0.0
2827,0.0
2828,0.0
2829,0.0
2830,0.0
2831,0.0
2832,0.0
2833,0.0
2834,0.0
2835,0.0
2836,0.0
2837,0.0
2838,0.0
2839,0.0
2840,0.0
2841,0.0
2842,0.0
2843,0.0
2844,0.0
2845,0.0
2846,0.0
2847,0.0
2848,0.0
2849,0.0
2850,0.0
2851,0.0
2852,0.0
2853,0.0
2854,0.0
2855,0.0
2856,0.0
2857,0.0
2858,0.0
2859,0.0
2860,0.0
2861,0.0
2862,0.0
2863,0.0
2864,0.0
2865,0.0
2866,0.0
2867,0.0
2868,0.0
2869,0.0
2870,0.0
2871,0.0
2872,0.0
2873,0.0
2874,0.0
2875,0.0
2876,0.0
2877,0.0
2878,0.0
2879,0.0
2880,0.0
2881,0.0
2882,0.0
2883,0.0
2884,0.0
2885,0.0
2886,0.0
2887,0.0
2888,0.0
2889,0.0
2890,0.0
2891,0.0
2892,0.0
2893,0.0
2894,0.0
2895,0.0
2896,0.0
2897,0.0
2898,0.0
2899,0.0
2900,0.0
2901,0.0
2902,0.0
2903,0.0
2904,0.0
2905,0.0
2906,0.0
2907,0.0
2908,0.0
2909,0.0
2910,0.0
2911,0.0
2912,0.0
2913,0.0
2914,0.0
2915,0.0
2916,0.0
2917,0.0
2918,0.0
2919,0.0
2920,0.0
2921,0.0
2922,0.0
2923,0.0
2924,0.0
2925,0.0
2926,0.0
2927,0.0
2928,0.0
2929,0.0
2930,0.0
2931,0.0
2932,0.0
2933,0.0
2934,0.0
2935,0.0
2936,0.0
2937,0.0
2938,0.0
2939,0.0
2940,0.0
2941,0.0
2942,0.0
2943,0.0
2944,0.0
2945,0.0
2946,0.0
2947,0.0
2948,0.0
2949,0.0
2950,0.0
2951,0.0
2952,0.0
2953,0.0
2954,0.0
2955,0.0
2956,0.0
2957,0.0
2958,0.0
2959,0.0
2960,0.0
2961,0.0
2962,0.0
2963,0.0
2964,0.0
2965,0.0
2966,0.0
2967,0.0
2968,0.0
2969,0.0
2970,0.0
2971,0.0
2972,0.0
2973,0.0
2974,0.0
2975,0.0
2976,0.0
2977,0.0
2978,0.0
2979,0.0
2980,0.0
2981,0.0
2982,0.0
2983,0.0
2984,0.0
2985,0.0
2986,0.0
2987,0.0
2988,0.0
2989,0.0
2990,0.0
2991,0.0
2992,0.0
2993,0.0
2994,0.0
2995,0.0
2996,0.0
2997,0.0
2998,0.0
2999,0.0
3000,0.0
3001,0.0
3002,0.0
3003,0.0
3004,0.0
3005,0.0
3006,0.0
3007,0.0
3008,0.0
3009,0.0
3010,0.0
3011,0.0
3012,0.0
3013,0.0
3014,0.0
3015,0.0
3016,0.0
3017,0.0
3018,0.0
3019,0.0
3020,0.0
3021,0.0
3022,0.0
3023,0.0
3024,0.0
3025,0.0
3026,0.0
3027,0.0
3028,0.0
3029,0.0
3030,0.0
3031,0.0
3032,0.0
3033,0.0
3034,0.0
3035,0.0
3036,0.0
3037,0.0
3038,0.0
3039,0.0
3040,0.0
3041,0.0
3042,0.0
3043,0.0
3044,0.0
3045,0.0
3046,0.0
3047,0.0
3048,0.0
3049,0.0
3050,0.0
3051,0.0
3052,0.0
3053,0.0
3054,0.0
3055,0.0
3056,0.0
3057,0.0
3058,0.0
3059,0.0
3060,0.0
3061,0.0
3062,0.0
3063,0.0
3064,0.0
3065,0.0
3066,0.0
3067,0.0
3068,0.0
3069,0.0
3070,0.0
3071,0.0
3072,0.0
3073,0.0
3074,0.0
3075,0.0
3076,0.0
3077,0.0
3078,0.0
3079,0.0
3080,0.0
3081,0.0
3082,0.0
3083,0.0
3084,0.0
3085,0.0
3086,0.0
3087,0.0
3088,0.0
3089,0.0
3090,0.0
3091,0.0
3092,0.0
3093,0.0
3094,0.0
3095,0.0
3096,0.0
3097,0.0
3098,0.0
3099,0.0
3100,0.0
3101,0.0
3102,0.0
3103,0.0
3104,0.0
3105,0.0
3106,0.0
3107,0.0
3108,0.0
3109,0.0
3110,0.0
3111,0.0
3112,0.0
3113,0.0
3114,0.0
3115,0.0
3116,0.0
3117,0.0
3118,0.0
3119,0.0
3120,0.0
3121,0.0
3122,0.0
3123,0.0
3124,0.0
3125,0.0
3126,0.0
3127,0.0
3128,0.0
3129,0.0
3130,0.0
3131,0.0
3132,0.0
3133,0.0
3134,0.0
3135,0.0
3136,0.0
3137,0.0
3138,0.0
3139,0.0
3140,0.0
3141,0.0
3142,0.0
3143,0.0
3144,0.0
3145,0.0
3146,0.0
3147,0.0
3148,0.0
3149,0.0
3150,0.0
3151,0.0
3152,0.0
3153,0.0
3154,0.0
3155,0.0
3156,0.0
3157,0.0
3158,0.0
3159,0.0
3160,0.0
3161,0.0
3162,0.0
3163,0.0
3164,0.0
3165,0.0
3166,0.0
3167,0.0
3168,0.0
3169,0.0
3170,0.0
3171,0.0
3172,0.0
3173,0.0
3174,0.0
3175,0.0
3176,0.0
3177,0.0
3178,0.0
3179,0.0
3180,0.0
3181,0.0
3182,0.0
3183,0.0
3184,0.0
3185,0.0
3186,0.0
3187,0.0
3188,0.0
3189,0.0
3190,0.0
3191,0.0
3192,0.0
3193,0.0
3194,0.0
3195,0.0
3196,0.0
3197,0.0
3198,0.0
3199,0.0
3200,0.0
3201,0.0
3202,0.0
3203,0.0
3204,0.0
3205,0.0
3206,0.0
3207,0.0
3208,0.0
3209,0.0
3210,0.0
3211,0.0
3212,0.0
3213,0.0
3214,0.0
3215,0.0
3216,0.0
3217,0.0
3218,0.0
3219,0.0
3220,0.0
3221,0.0
3222,0.0
3223,0.0
3224,0.0
3225,0.0
3226,0.0
3227,0.0
3228,0.0
3229,0.0
3230,0.0
3231,0.0
3232,0.0
3233,0.0
3234,0.0
3235,0.0
3236,0.0
3237,0.0
3238,0.0
3239,0.0
3240,0.0
3241,0.0
3242,0.0
3243,0.0
3244,0.0
3245,0.0
3246,0.0
3247,0.0
3248,0.0
3249,0.0
3250,0.0
3251,0.0
3252,0.0
3253,0.0
3254,0.0
3255,0.0
3256,0.0
3257,0.0
3258,0.0
3259,0.0
3260,0.0
3261,0.0
3262,0.0
3263,0.0
3264,0.0
3265,0.0
3266,0.0
3267,0.0
3268,0.0
3269,0.0
3270,0.0
3271,0.0
3272,0.0
3273,0.0
3274,0.0
3275,0.0
3276,0.0
3277,0.0
3278,0.0
3279,0.0
3280,0.0
3281,0.0
3282,0.0
3283,0.0
3284,0.0
3285,0.0
3286,0.0
3287,0.0
3288,0.0
3289,0.0
3290,0.0
3291,0.0
3292,0.0
3293,0.0
3294,0.0
3295,0.0
3296,0.0
3297,0.0
3298,0.0
3299,0.0
3300,0.0
3301,0.0
3302,0.0
3303,0.0
3304,0.0
3305,0.0
3306,0.0
3307,0.0
3308,0.0
3309,0.0
3310,0.0
3311,0.0
3312,0.0
3313,0.0
3314,0.0
3315,0.0
3316,0.0
3317,0.0
3318,0.0
3319,0.0
3320,0.0
3321,0.0
3322,0.0
3323,0.0
3324,0.0
3325,0.0
3326,0.0
3327,0.0
3328,0.0
3329,0.0
3330,0.0
3331,0.0
3332,0.0
3333,0.0
3334,0.0
3335,0.0
3336,0.0
3337,0.0
3338,0.0
3339,0.0
3340,0.0
3341,0.0
3342,0.0
3343,0.0
3344,0.0
3345,0.0
3346,0.0
3347,0.0
3348,0.0
3349,0.0
3350,0.0
3351,0.0
3352,0.0
3353,0.0
3354,0.0
3355,0.0
3356,0.0
3357,0.0
3358,0.0
3359,0.0
3360,0.0
3361,0.0
3362,0.0
3363,0.0
3364,0.0
3365,0.0
3366,0.0
3367,0.0
3368,0.0
3369,0.0
3370,0.0
3371,0.0
3372,0.0
3373,0.0
3374,0.0
3375,0.0
3376,0.0
3377,0.0
3378,0.0
3379,0.0
3380,0.0
3381,0.0
3382,0.0
3383,0.0
3384,0.0
3385,0.0
3386,0.0
3387,0.0
3388,0.0
3389,0.0
3390,0.0
3391,0.0
3392,0.0
3393,0.0
3394,0.0
3395,0.0
3396,0.0
3397,0.0
3398,0.0
3399,0.0
3400,0.0
3401,0.0
3402,0.0
3403,0.0
3404,0.0
3405,0.0
3406,0.0
3407,0.0
3408,0.0
3409,0.0
3410,0.0
3411,0.0
3412,0.0
3413,0.0
3414,0.0
3415,0.0
3416,0.0
3417,0.0
3418,0.0
3419,0.0
3420,0.0
3421,0.0
3422,0.0
3423,0.0
3424,0.0
3425,0.0
3426,0.0
3427,0.0
3428,0.0
3429,0.0
3430,0.0
3431,0.0
3432,0.0
3433,0.0
3434,0.0
3435,0.0
3436,0.0
3437,0.0
3438,0.0
3439,0.0
3440,0.0
3441,0.0
3442,0.0
3443,0.0
3444,0.0
3445,0.0
3446,0.0
3447,0.0
3448,0.0
3449,0.0
3450,0.0
3451,0.0
3452,0.0
3453,0.0
3454,0.0
3455,0.0
3456,0.0
3457,0.0
3458,0.0
3459,0.0
3460,0.0
3461,0.0
3462,0.0
3463,0.0
3464,0.0
3465,0.0
3466,0.0
3467,0.0
3468,0.0
3469,0.0
3470,0.0
3471,0.0
3472,0.0
3473,0.0
3474,0.0
3475,0.0
3476,0.0
3477,0.0
3478,0.0
3479,0.0
3480,0.0
3481,0.0
3482,0.0
3483,0.0
3484,0.0
3485,0.0
3486,0.0
3487,0.0
3488,0.0
3489,0.0
3490,0.0
3491,0.0
3492,0.0
3493,0.0
3494,0.0
3495,0.0
3496,0.0
3497,0.0
3498,0.0
3499,0.0
3500,0.0
3501,0.0
3502,0.0
3503,0.0
3504,0.0
3505,0.0
3506,0.0
3507,0.0
3508,0.0
3509,0.0
3510,0.0
3511,0.0
3512,0.0
3513,0.0
3514,0.0
3515,0.0
3516,0.0
3517,0.0
3518,0.0
3519,0.0
3520,0.0
3521,0.0
3522,0.0
3523,0.0
3524,0.0
3525,0.0
3526,0.0
3527,0.0
3528,0.0
3529,0.0
3530,0.0
3531,0.0
3532,0.0
3533,0.0
3534,0.0
3535,0.0
3536,0.0
3537,0.0
3538,0.0
3539,0.0
3540,0.0
3541,0.0
3542,0.0
3543,0.0
3544,0.0
3545,0.0
3546,0.0
3547,0.0
3548,0.0
3549,0.0
3550,0.0
3551,0.0
3552,0.0
3553,0.0
3554,0.0
3555,0.0
3556,0.0
3557,0.0
3558,0.0
3559,0.0
3560,0.0
3561,0.0
3562,0.0
3563,0.0
3564,0.0
3565,0.0
3566,0.0
3567,0.0
3568,0.0
3569,0.0
3570,0.0
3571,0.0
3572,0.0
3573,0.0
3574,0.0
3575,0.0
3576,0.0
3577,0.0
3578,0.0
3579,0.0
3580,0.0
3581,0.0
3582,0.0
3583,0.0
3584,0.0
3585,0.0
3586,0.0
3587,0.0
3588,0.0
3589,0.0
3590,0.0
3591,0.0
3592,0.0
3593,0.0
3594,0.0
3595,0.0
3596,0.0
3597,0.0
3598,0.0
3599,0.0
3600,0.0
3601,0.0
3602,0.0
3603,0.0
3604,0.0
3605,0.0
3606,0.0
3607,0.0
3608,0.0
3609,0.0
3610,0.0
3611,0.0
3612,0.0
3613,0.0
3614,0.0
3615,0.0
3616,0.0
3617,0.0
3618,0.0
3619,0.0
3620,0.0
3621,0.0
3622,0.0
3623,0.0
3624,0.0
3625,0.0
3626,0.0
3627,0.0
3628,0.0
3629,0.0
3630,0.0
3631,0.0
3632,0.0
3633,0.0
3634,0.0
3635,0.0
3636,0.0
3637,0.0
3638,0.0
3639,0.0
3640,0.0
3641,0.0
3642,0.0
3643,0.0
3644,0.0
3645,0.0
3646,0.0
3647,0.0
3648,0.0
3649,0.0
3650,0.0
3651,0.0
3652,0.0
3653,0.0
3654,0.0
3655,0.0
3656,0.0
3657,0.0
3658,0.0
3659,0.0
3660,0.0
3661,0.0
3662,0.0
3663,0.0
3664,0.0
3665,0.0
3666,0.0
3667,0.0
3668,0.0
3669,0.0
3670,0.0
3671,0.0
3672,0.0
3673,0.0
3674,0.0
3675,0.0
3676,0.0
3677,0.0
3678,0.0
3679,0.0
3680,0.0
3681,0.0
3682,0.0
3683,0.0
3684,0.0
3685,0.0
3686,0.0
3687,0.0
3688,0.0
3689,0.0
3690,0.0
3691,0.0
3692,0.0
3693,0.0
3694,0.0
3695,0.0
3696,0.0
3697,0.0
3698,0.0
3699,0.0
3700,0.0
3701,0.0
3702,0.0
3703,0.0
3704,0.0
3705,0.0
3706,0.0
3707,0.0
3708,0.0
3709,0.0
3710,0.0
3711,0.0
3712,0.0
3713,0.0
3714,0.0
3715,0.0
3716,0.0
3717,0.0
3718,0.0
3719,0.0
3720,0.0
3721,0.0
3722,0.0
3723,0.0
3724,0.0
3725,0.0
3726,0.0
3727,0.0
3728,0.0
3729,0.0
3730,0.0
3731,0.0
3732,0.0
3733,0.0
3734,0.0
3735,0.0
3736,0.0
3737,0.0
3738,0.0
3739,0.0
3740,0.0
3741,0.0
3742,0.0
3743,0.0
3744,0.0
3745,0.0
3746,0.0
3747,0.0
3748,0.0
3749,0.0
3750,0.0
3751,0.0
3752,0.0
3753,0.0
3754,0.0
3755,0.0
3756,0.0
3757,0.0
3758,0.0
3759,0.0
3760,0.0
3761,0.0
3762,0.0
3763,0.0
3764,0.0
3765,0.0
3766,0.0
3767,0.0
3768,0.0
3769,0.0
3770,0.0
3771,0.0
3772,0.0
3773,0.0
3774,0.0
3775,0.0
3776,0.0
3777,0.0
3778,0.0
3779,0.0
3780,0.0
3781,0.0
3782,0.0
3783,0.0
3784,0.0
3785,0.0
3786,0.0
3787,0.0
3788,0.0
3789,0.0
3790,0.0
3791,0.0
3792,0.0
3793,0.0
3794,0.0
3795,0.0
3796,0.0
3797,0.0
3798,0.0
3799,0.0
3800,0.0
3801,0.0
3802,0.0
3803,0.0
3804,0.0
3805,0.0
3806,0.0
3807,0.0
3808,0.0
3809,0.0
3810,0.0
3811,0.0
3812,0.0
3813,0.0
3814,0.0
3815,0.0
3816,0.0
3817,0.0
3818,0.0
3819,0.0
3820,0.0
3821,0.0
3822,0.0
3823,0.0
3824,0.0
3825,0.0
3826,0.0
3827,0.0
3828,0.0
3829,0.0
3830,0.0
3831,0.0
3832,0.0
3833,0.0
3834,0.0
3835,0.0
3836,0.0
3837,0.0
3838,0.0
3839,0.0
3840,0.0
3841,0.0
3842,0.0
3843,0.0
3844,0.0
3845,0.0
3846,0.0
3847,0.0
3848,0.0
3849,0.0
3850,0.0
3851,0.0
3852,0.0
3853,0.0
3854,0.0
3855,0.0
3856,0.0
3857,0.0
3858,0.0
3859,0.0
3860,0.0
3861,0.0
3862,0.0
3863,0.0
3864,0.0
3865,0.0
3866,0.0
3867,0.0
3868,0.0
3869,0.0
3870,0.0
3871,0.0
3872,0.0
3873,0.0
3874,0.0
3875,0.0
3876,0.0
3877,0.0
3878,0.0
3879,0.0
3880,0.0
3881,0.0
3882,0.0
3883,0.0
3884,0.0
3885,0.0
3886,0.0
3887,0.0
3888,0.0
3889,0.0
3890,0.0
3891,0.0
3892,0.0
3893,0.0
3894,0.0
3895,0.0
3896,0.0
3897,0.0
3898,0.0
3899,0.0
3900,0.0
3901,0.0
3902,0.0
3903,0.0
3904,0.0
3905,0.0
3906,0.0
3907,0.0
3908,0.0
3909,0.0
3910,0.0
3911,0.0
3912,0.0
3913,0.0
3914,0.0
3915,0.0
3916,0.0
3917,0.0
3918,0.0
3919,0.0
3920,0.0
3921,0.0
3922,0.0
3923,0.0
3924,0.0
3925,0.0
3926,0.0
3927,0.0
3928,0.0
3929,0.0
3930,0.0
3931,0.0
3932,0.0
3933,0.0
3934,0.0
3935,0.0
3936,0.0
3937,0.0
3938,0.0
3939,0.0
3940,0.0
3941,0.0
3942,0.0
3943,0.0
3944,0.0
3945,0.0
3946,0.0
3947,0.0
3948,0.0
3949,0.0
3950,0.0
3951,0.0
3952,0.0
3953,0.0
3954,0.0
3955,0.0
3956,0.0
3957,0.0
3958,0.0
3959,0.0
3960,0.0
3961,0.0
3962,0.0
3963,0.0
3964,0.0
3965,0.0
3966,0.0
3967,0.0
3968,0.0
3969,0.0
3970,0.0
3971,0.0
3972,0.0
3973,0.0
3974,0.0
3975,0.0
3976,0.0
3977,0.0
3978,0.0
3979,0.0
3980,0.0
3981,0.0
3982,0.0
3983,0.0
3984,0.0
3985,0.0
3986,0.0
3987,0.0
3988,0.0
3989,0.0
3990,0.0
3991,0.0
3992,0.0
3993,0.0
3994,0.0
3995,0.0
3996,0.0
3997,0.0
3998,0.0
3999,0.0
4000,0.0
4001,0.0
4002,0.0
4003,0.0
4004,0.0
4005,0.0
4006,0.0
4007,0.0
4008,0.0
4009,0.0
4010,0.0
4011,0.0
4012,0.0
4013,0.0
4014,0.0
4015,0.0
4016,0.0
4017,0.0
4018,0.0
4019,0.0
4020,0.0
4021,0.0
4022,0.0
4023,0.0
4024,0.0
4025,0.0
4026,0.0
4027,0.0
4028,0.0
4029,0.0
4030,0.0
4031,0.0
4032,0.0
4033,0.0
4034,0.0
4035,0.0
4036,0.0
4037,0.0
4038,0.0
4039,0.0
4040,0.0
4041,0.0
4042,0.0
4043,0.0
4044,0.0
4045,0.0
4046,0.0
4047,0.0
4048,0.0
4049,0.0
4050,0.0
4051,0.0
4052,0.0
4053,0.0
4054,0.0
4055,0.0
4056,0.0
4057,0.0
4058,0.0
4059,0.0
4060,0.0
4061,0.0
4062,0.0
4063,0.0
4064,0.0
4065,0.0
4066,0.0
4067,0.0
4068,0.0
4069,0.0
4070,0.0
4071,0.0
4072,0.0
4073,0.0
4074,0.0
4075,0.0
4076,0.0
4077,0.0
4078,0.0
4079,0.0
4080,0.0
4081,0.0
4082,0.0
4083,0.0
4084,0.0
4085,0.0
4086,0.0
4087,0.0
4088,0.0
4089,0.0
4090,0.0
4091,0.0
4092,0.0
4093,0.0
4094,0.0
4095,0.0
4096,0.0
4097,0.0
4098,0.0
4099,0.0
4100,0.0
4101,0.0
4102,0.0
4103,0.0
4104,0.0
4105,0.0
4106,0.0
4107,0.0
4108,0.0
4109,0.0
4110,0.0
4111,0.0
4112,0.0
4113,0.0
4114,0.0
4115,0.0
4116,0.0
4117,0.0
4118,0.0
4119,0.0
4120,0.0
4121,0.0
4122,0.0
4123,0.0
4124,0.0
4125,0.0
4126,0.0
4127,0.0
4128,0.0
4129,0.0
4130,0.0
4131,0.0
4132,0.0
4133,0.0
4134,0.0
4135,0.0
4136,0.0
4137,0.0
4138,0.0
4139,0.0
4140,0.0
4141,0.0
4142,0.0
4143,0.0
4144,0.0
4145,0.0
4146,0.0
4147,0.0
4148,0.0
4149,0.0
4150,0.0
4151,0.0
4152,0.0
4153,0.0
4154,0.0
4155,0.0
4156,0.0
4157,0.0
4158,0.0
4159,0.0
4160,0.0
4161,0.0
4162,0.0
4163,0.0
4164,0.0
4165,0.0
4166,0.0
4167,0.0
4168,0.0
4169,0.0
4170,0.0
4171,0.0
4172,0.0
4173,0.0
4174,0.0
4175,0.0
4176,0.0
4177,0.0
4178,0.0
4179,0.0
4180,0.0
4181,0.0
4182,0.0
4183,0.0
4184,0.0
4185,0.0
4186,0.0
4187,0.0
4188,0.0
4189,0.0
4190,0.0
4191,0.0
4192,0.0
4193,0.0
4194,0.0
4195,0.0
4196,0.0
4197,0.0
4198,0.0
4199,0.0
4200,0.0
4201,0.0
4202,0.0
4203,0.0
4204,0.0
4205,0.0
4206,0.0
4207,0.0
4208,0.0
4209,0.0
4210,0.0
4211,0.0
4212,0.0
4213,0.0
4214,0.0
4215,0.0
4216,0.0
4217,0.0
4218,0.0
4219,0.0
4220,0.0
4221,0.0
4222,0.0
4223,0.0
4224,0.0
4225,0.0
4226,0.0
4227,0.0
4228,0.0
4229,0.0
4230,0.0
4231,0.0
4232,0.0
4233,0.0
4234,0.0
4235,0.0
4236,0.0
4237,0.0
4238,0.0
4239,0.0
4240,0.0
4241,0.0
4242,0.0
4243,0.0
4244,0.0
4245,0.0
4246,0.0
4247,0.0
4248,0.0
4249,0.0
4250,0.0
4251,0.0
4252,0.0
4253,0.0
4254,0.0
4255,0.0
4256,0.0
4257,0.0
4258,0.0
4259,0.0
4260,0.0
4261,0.0
4262,0.0
4263,0.0
4264,0.0
4265,0.0
4266,0.0
4267,0.0
4268,0.0
4269,0.0
4270,0.0
4271,0.0
4272,0.0
4273,0.0
4274,0.0
4275,0.0
4276,0.0
4277,0.0
4278,0.0
4279,0.0
4280,0.0
4281,0.0
4282,0.0
4283,0.0
4284,0.0
4285,0.0
4286,0.0
4287,0.0
4288,0.0
4289,0.0
4290,0.0
4291,0.0
4292,0.0
4293,0.0
4294,0.0
4295,0.0
4296,0.0
4297,0.0
4298,0.0
4299,0.0
4300,0.0
4301,0.0
4302,0.0
4303,0.0
4304,0.0
4305,0.0
4306,0.0
4307,0.0
4308,0.0
4309,0.0
4310,0.0
4311,0.0
4312,0.0
4313,0.0
4314,0.0
4315,0.0
4316,0.0
4317,0.0
4318,0.0
4319,0.0
4320,0.0
4321,0.0
4322,0.0
4323,0.0
4324,0.0
4325,0.0
4326,0.0
4327,0.0
4328,0.0
4329,0.0
4330,0.0
4331,0.0
4332,0.0
4333,0.0
4334,0.0
4335,0.0
4336,0.0
4337,0.0
4338,0.0
4339,0.0
4340,0.0
4341,0.0
4342,0.0
4343,0.0
4344,0.0
4345,0.0
4346,0.0
4347,0.0
4348,0.0
4349,0.0
4350,0.0
4351,0.0
4352,0.0
4353,0.0
4354,0.0
4355,0.0
4356,0.0
4357,0.0
4358,0.0
4359,0.0
4360,0.0
4361,0.0
4362,0.0
4363,0.0
4364,0.0
4365,0.0
4366,0.0
4367,0.0
4368,0.0
4369,0.0
4370,0.0
4371,0.0
4372,0.0
4373,0.0
4374,0.0
4375,0.0
4376,0.0
4377,0.0
4378,0.0
4379,0.0
4380,0.0
4381,0.0
4382,0.0
4383,0.0
4384,0.0
4385,0.0
4386,0.0
4387,0.0
4388,0.0
4389,0.0
4390,0.0
4391,0.0
4392,0.0
4393,0.0
4394,0.0
4395,0.0
4396,0.0
4397,0.0
4398,0.0
4399,0.0
4400,0.0
4401,0.0
4402,0.0
4403,0.0
4404,0.0
4405,0.0
4406,0.0
4407,0.0
4408,0.0
4409,0.0
4410,0.0
4411,0.0
4412,0.0
4413,0.0
4414,0.0
4415,0.0
4416,0.0
4417,0.0
4418,0.0
4419,0.0
4420,0.0
4421,0.0
4422,0.0
4423,0.0
4424,0.0
4425,0.0
4426,0.0
4427,0.0
4428,0.0
4429,0.0
4430,0.0
4431,0.0
4432,0.0
4433,0.0
4434,0.0
4435,0.0
4436,0.0
4437,0.0
4438,0.0
4439,0.0
4440,0.0
4441,0.0
4442,0.0
4443,0.0
4444,0.0
4445,0.0
4446,0.0
4447,0.0
4448,0.0
4449,0.0
4450,0.0
4451,0.0
4452,0.0
4453,0.0
4454,0.0
4455,0.0
4456,0.0
4457,0.0
4458,0.0
4459,0.0
4460,0.0
4461,0.0
4462,0.0
4463,0.0
4464,0.0
4465,0.0
4466,0.0
4467,0.0
4468,0.0
4469,0.0
4470,0.0
4471,0.0
4472,0.0
4473,0.0
4474,0.0
4475,0.0
4476,0.0
4477,0.0
4478,0.0
4479,0.0
4480,0.0
4481,0.0
4482,0.0
4483,0.0
4484,0.0
4485,0.0
4486,0.0
4487,0.0
4488,0.0
4489,0.0
4490,0.0
4491,0.0
4492,0.0
4493,0.0
4494,0.0
4495,0.0
4496,0.0
4497,0.0
4498,0.0
4499,0.0
4500,0.0
4501,0.0
4502,0.0
4503,0.0
4504,0.0
4505,0.0
4506,0.0
4507,0.0
4508,0.0
4509,0.0
4510,0.0
4511,0.0
4512,0.0
4513,0.0
4514,0.0
4515,0.0
4516,0.0
4517,0.0
4518,0.0
4519,0.0
4520,0.0
4521,0.0
4522,0.0
4523,0.0
4524,0.0
4525,0.0
4526,0.0
4527,0.0
4528,0.0
4529,0.0
4530,0.0
4531,0.0
4532,0.0
4533,0.0
4534,0.0
4535,0.0
4536,0.0
4537,0.0
4538,0.0
4539,0.0
4540,0.0
4541,0.0
4542,0.0
4543,0.0
4544,0.0
4545,0.0
4546,0.0
4547,0.0
4548,0.0
4549,0.0
4550,0.0
4551,0.0
4552,0.0
4553,0.0
4554,0.0
4555,0.0
4556,0.0
4557,0.0
4558,0.0
4559,0.0
4560,0.0
4561,0.0
4562,0.0
4563,0.0
4564,0.0
4565,0.0
4566,0.0
4567,0.0
4568,0.0
4569,0.0
4570,0.0
4571,0.0
4572,0.0
4573,0.0
4574,0.0
4575,0.0
4576,0.0
4577,0.0
4578,0.0
4579,0.0
4580,0.0
4581,0.0
4582,0.0
4583,0.0
4584,0.0
4585,0.0
4586,0.0
4587,0.0
4588,0.0
4589,0.0
4590,0.0
4591,0.0
4592,0.0
4593,0.0
4594,0.0
4595,0.0
4596,0.0
4597,0.0
4598,0.0
4599,0.0
4600,0.0
4601,0.0
4602,0.0
4603,0.0
4604,0.0
4605,0.0
4606,0.0
4607,0.0
4608,0.0
4609,0.0
4610,0.0
4611,0.0
4612,0.0
4613,0.0
4614,0.0
4615,0.0
4616,0.0
4617,0.0
4618,0.0
4619,0.0
4620,0.0
4621,0.0
4622,0.0
4623,0.0
4624,0.0
4625,0.0
4626,0.0
4627,0.0
4628,0.0
4629,0.0
4630,0.0
4631,0.0
4632,0.0
4633,0.0
4634,0.0
4635,0.0
4636,0.0
4637,0.0
4638,0.0
4639,0.0
4640,0.0
4641,0.0
4642,0.0
4643,0.0
4644,0.0
4645,0.0
4646,0.0
4647,0.0
4648,0.0
4649,0.0
4650,0.0
4651,0.0
4652,0.0
4653,0.0
4654,0.0
4655,0.0
4656,0.0
4657,0.0
4658,0.0
4659,0.0
4660,0.0
4661,0.0
4662,0.0
4663,0.0
4664,0.0
4665,0.0
4666,0.0
4667,0.0
4668,0.0
4669,0.0
4670,0.0
4671,0.0
4672,0.0
4673,0.0
4674,0.0
4675,0.0
4676,0.0
4677,0.0
4678,0.0
4679,0.0
4680,0.0
4681,0.0
4682,0.0
4683,0.0
4684,0.0
4685,0.0
4686,0.0
4687,0.0
4688,0.0
4689,0.0
4690,0.0
4691,0.0
4692,0.0
4693,0.0
4694,0.0
4695,0.0
4696,0.0
4697,0.0
4698,0.0
4699,0.0
4700,0.0
4701,0.0
4702,0.0
4703,0.0
4704,0.0
4705,0.0
4706,0.0
4707,0.0
4708,0.0
4709,0.0
4710,0.0
4711,0.0
4712,0.0
4713,0.0
4714,0.0
4715,0.0
4716,0.0
4717,0.0
4718,0.0
4719,0.0
4720,0.0
4721,0.0
4722,0.0
4723,0.0
4724,0.0
4725,0.0
4726,0.0
4727,0.0
4728,0.0
4729,0.0
4730,0.0
4731,0.0
4732,0.0
4733,0.0
4734,0.0
4735,0.0
4736,0.0
4737,0.0
4738,0.0
4739,0.0
4740,0.0
4741,0.0
4742,0.0
4743,0.0
4744,0.0
4745,0.0
4746,0.0
4747,0.0
4748,0.0
4749,0.0
4750,0.0
4751,0.0
4752,0.0
4753,0.0
4754,0.0
4755,0.0
4756,0.0
4757,0.0
4758,0.0
4759,0.0
4760,0.0
4761,0.0
4762,0.0
4763,0.0
4764,0.0
4765,0.0
4766,0.0
4767,0.0
4768,0.0
4769,0.0
4770,0.0
4771,0.0
4772,0.0
4773,0.0
4774,0.0
4775,0.0
4776,0.0
4777,0.0
4778,0.0
4779,0.0
4780,0.0
4781,0.0
4782,0.0
4783,0.0
4784,0.0
4785,0.0
4786,0.0
4787,0.0
4788,0.0
4789,0.0
4790,0.0
4791,0.0
4792,0.0
4793,0.0
4794,0.0
4795,0.0
4796,0.0
4797,0.0
4798,0.0
4799,0.0
4800,0.0
4801,0.0
4802,0.0
4803,0.0
4804,0.0
4805,0.0
4806,0.0
4807,0.0
4808,0.0
4809,0.0
4810,0.0
4811,0.0
4812,0.0
4813,0.0
4814,0.0
4815,0.0
4816,0.0
4817,0.0
4818,0.0
4819,0.0
4820,0.0
4821,0.0
4822,0.0
4823,0.0
4824,0.0
4825,0.0
4826,0.0
4827,0.0
4828,0.0
4829,0.0
4830,0.0
4831,0.0
4832,0.0
4833,0.0
4834,0.0
4835,0.0
4836,0.0
4837,0.0
4838,0.0
4839,0.0
4840,0.0
4841,0.0
4842,0.0
4843,0.0
4844,0.0
4845,0.0
4846,0.0
4847,0.0
4848,0.0
4849,0.0
4850,0.0
4851,0.0
4852,0.0
4853,0.0
4854,0.0
4855,0.0
4856,0.0
4857,0.0
4858,0.0
4859,0.0
4860,0.0
4861,0.0
4862,0.0
4863,0.0
4864,0.0
4865,0.0
4866,0.0
4867,0.0
4868,0.0
4869,0.0
4870,0.0
4871,0.0
4872,0.0
4873,0.0
4874,0.0
4875,0.0
4876,0.0
4877,0.0
4878,0.0
4879,0.0
4880,0.0
4881,0.0
4882,0.0
4883,0.0
4884,0.0
4885,0.0
4886,0.0
4887,0.0
4888,0.0
4889,0.0
4890,0.0
4891,0.0
4892,0.0
4893,0.0
4894,0.0
4895,0.0
4896,0.0
4897,0.0
4898,0.0
4899,0.0
4900,0.0
4901,0.0
4902,0.0
4903,0.0
4904,0.0
4905,0.0
4906,0.0
4907,0.0
4908,0.0
4909,0.0
4910,0.0
4911,0.0
4912,0.0
4913,0.0
4914,0.0
4915,0.0
4916,0.0
4917,0.0
4918,0.0
4919,0.0
4920,0.0
4921,0.0
4922,0.0
4923,0.0
4924,0.0
4925,0.0
4926,0.0
4927,0.0
4928,0.0
4929,0.0
4930,0.0
4931,0.0
4932,0.0
4933,0.0
4934,0.0
4935,0.0
4936,0.0
4937,0.0
4938,0.0
4939,0.0
4940,0.0
4941,0.0
4942,0.0
4943,0.0
4944,0.0
4945,0.0
4946,0.0
4947,0.0
4948,0.0
4949,0.0
4950,0.0
4951,0.0
4952,0.0
4953,0.0
4954,0.0
4955,0.0
4956,0.0
4957,0.0
4958,0.0
4959,0.0
4960,0.0
4961,0.0
4962,0.0
4963,0.0
4964,0.0
4965,0.0
4966,0.0
4967,0.0
4968,0.0
4969,0.0
4970,0.0
4971,0.0
4972,0.0
4973,0.0
4974,0.0
4975,0.0
4976,0.0
4977,0.0
4978,0.0
4979,0.0
4980,0.0
4981,0.0
4982,0.0
4983,0.0
4984,0.0
4985,0.0
4986,0.0
4987,0.0
4988,0.0
4989,0.0
4990,0.0
4991,0.0
4992,0.0
4993,0.0
4994,0.0
4995,0.0
4996,0.0
4997,0.0
4998,0.0
4999,0.0
5000,0.0
5001,0.0
5002,0.0
5003,0.0
5004,0.0
5005,0.0
5006,0.0
5007,0.0
5008,0.0
5009,0.0
5010,0.0
5011,0.0
5012,0.0
5013,0.0
5014,0.0
5015,0.0
5016,0.0
5017,0.0
5018,0.0
5019,0.0
5020,0.0
5021,0.0
5022,0.0
5023,0.0
5024,0.0
5025,0.0
5026,0.0
5027,0.0
5028,0.0
5029,0.0
5030,0.0
5031,0.0
5032,0.0
5033,0.0
5034,0.0
5035,0.0
5036,0.0
5037,0.0
5038,0.0
5039,0.0
5040,0.0
5041,0.0
5042,0.0
5043,0.0
5044,0.0
5045,0.0
5046,0.0
5047,0.0
5048,0.0
5049,0.0
5050,0.0
5051,0.0
5052,0.0
5053,0.0
5054,0.0
5055,0.0
5056,0.0
5057,0.0
5058,0.0
5059,0.0
5060,0.0
5061,0.0
5062,0.0
5063,0.0
5064,0.0
5065,0.0
5066,0.0
5067,0.0
5068,0.0
5069,0.0
5070,0.0
5071,0.0
5072,0.0
5073,0.0
5074,0.0
5075,0.0
5076,0.0
5077,0.0
5078,0.0
5079,0.0
5080,0.0
5081,0.0
5082,0.0
5083,0.0
5084,0.0
5085,0.0
5086,0.0
5087,0.0
5088,0.0
5089,0.0
5090,0.0
5091,0.0
5092,0.0
5093,0.0
5094,0.0
5095,0.0
5096,0.0
5097,0.0
5098,0.0
5099,0.0
5100,0.0
5101,0.0
5102,0.0
5103,0.0
5104,0.0
5105,0.0
5106,0.0
5107,0.0
5108,0.0
5109,0.0
5110,0.0
5111,0.0
5112,0.0
5113,0.0
5114,0.0
5115,0.0
5116,0.0
5117,0.0
5118,0.0
5119,0.0
5120,0.0
5121,0.0
5122,0.0
5123,0.0
5124,0.0
5125,0.0
5126,0.0
5127,0.0
5128,0.0
5129,0.0
5130,0.0
5131,0.0
5132,0.0
5133,0.0
5134,0.0
5135,0.0
5136,0.0
5137,0.0
5138,0.0
5139,0.0
5140,0.0
5141,0.0
5142,0.0
5143,0.0
5144,0.0
5145,0.0
5146,0.0
5147,0.0
5148,0.0
5149,0.0
5150,0.0
5151,0.0
5152,0.0
5153,0.0
5154,0.0
5155,0.0
5156,0.0
5157,0.0
5158,0.0
5159,0.0
5160,0.0
5161,0.0
5162,0.0
5163,0.0
5164,0.0
5165,0.0
5166,0.0
5167,0.0
5168,0.0
5169,0.0
5170,0.0
5171,0.0
5172,0.0
5173,0.0
5174,0.0
5175,0.0
5176,0.0
5177,0.0
5178,0.0
5179,0.0
5180,0.0
5181,0.0
5182,0.0
5183,0.0
5184,0.0
5185,0.0
5186,0.0
5187,0.0
5188,0.0
5189,0.0
5190,0.0
5191,0.0
5192,0.0
5193,0.0
5194,0.0
5195,0.0
5196,0.0
5197,0.0
5198,0.0
5199,0.0
5200,0.0
5201,0.0
5202,0.0
5203,0.0
5204,0.0
5205,0.0
5206,0.0
5207,0.0
5208,0.0
5209,0.0
5210,0.0
5211,0.0
5212,0.0
5213,0.0
5214,0.0
5215,0.0
5216,0.0
5217,0.0
5218,0.0
5219,0.0
5220,0.0
5221,0.0
5222,0.0
5223,0.0
5224,0.0
5225,0.0
5226,0.0
5227,0.0
5228,0.0
5229,0.0
5230,0.0
5231,0.0
5232,0.0
5233,0.0
5234,0.0
5235,0.0
5236,0.0
5237,0.0
5238,0.0
5239,0.0
5240,0.0
5241,0.0
5242,0.0
5243,0.0
5244,0.0
5245,0.0
5246,0.0
5247,0.0
5248,0.0
5249,0.0
5250,0.0
5251,0.0
5252,0.0
5253,0.0
5254,0.0
5255,0.0
5256,0.0
5257,0.0
5258,0.0
5259,0.0
5260,0.0
5261,0.0
5262,0.0
5263,0.0
5264,0.0
5265,0.0
5266,0.0
5267,0.0
5268,0.0
5269,0.0
5270,0.0
5271,0.0
5272,0.0
5273,0.0
5274,0.0
5275,0.0
5276,0.0
5277,0.0
5278,0.0
5279,0.0
5280,0.0
5281,0.0
5282,0.0
5283,0.0
5284,0.0
5285,0.0
5286,0.0
5287,0.0
5288,0.0
5289,0.0
5290,0.0
5291,0.0
5292,0.0
5293,0.0
5294,0.0
5295,0.0
5296,0.0
5297,0.0
5298,0.0
5299,0.0
5300,0.0
5301,0.0
5302,0.0
5303,0.0
5304,0.0
5305,0.0
5306,0.0
5307,0.0
5308,0.0
5309,0.0
5310,0.0
5311,0.0
5312,0.0
5313,0.0
5314,0.0
5315,0.0
5316,0.0
5317,0.0
5318,0.0
5319,0.0
5320,0.0
5321,0.0
5322,0.0
5323,0.0
5324,0.0
5325,0.0
5326,0.0
5327,0.0
5328,0.0
5329,0.0
5330,0.0
5331,0.0
5332,0.0
5333,0.0
5334,0.0
5335,0.0
5336,0.0
5337,0.0
5338,0.0
5339,0.0
5340,0.0
5341,0.0
5342,0.0
5343,0.0
5344,0.0
5345,0.0
5346,0.0
5347,0.0
5348,0.0
5349,0.0
5350,0.0
5351,0.0
5352,0.0
5353,0.0
5354,0.0
5355,0.0
5356,0.0
5357,0.0
5358,0.0
5359,0.0
5360,0.0
5361,0.0
5362,0.0
5363,0.0
5364,0.0
5365,0.0
5366,0.0
5367,0.0
5368,0.0
5369,0.0
5370,0.0
5371,0.0
5372,0.0
5373,0.0
5374,0.0
5375,0.0
5376,0.0
5377,0.0
5378,0.0
5379,0.0
5380,0.0
5381,0.0
5382,0.0
5383,0.0
5384,0.0
5385,0.0
5386,0.0
5387,0.0
5388,0.0
5389,0.0
5390,0.0
5391,0.0
5392,0.0
5393,0.0
5394,0.0
5395,0.0
5396,0.0
5397,0.0
5398,0.0
5399,0.0
5400,0.0
5401,0.0
5402,0.0
5403,0.0
5404,0.0
5405,0.0
5406,0.0
5407,0.0
5408,0.0
5409,0.0
5410,0.0
5411,0.0
5412,0.0
5413,0.0
5414,0.0
5415,0.0
5416,0.0
5417,0.0
5418,0.0
5419,0.0
5420,0.0
5421,0.0
5422,0.0
5423,0.0
5424,0.0
5425,0.0
5426,0.0
5427,0.0
5428,0.0
5429,0.0
5430,0.0
5431,0.0
5432,0.0
5433,0.0
5434,0.0
5435,0.0
5436,0.0
5437,0.0
5438,0.0
5439,0.0
5440,0.0
5441,0.0
5442,0.0
5443,0.0
5444,0.0
5445,0.0
5446,0.0
5447,0.0
5448,0.0
5449,0.0
5450,0.0
5451,0.0
5452,0.0
5453,0.0
5454,0.0
5455,0.0
5456,0.0
5457,0.0
5458,0.0
5459,0.0
5460,0.0
5461,0.0
5462,0.0
5463,0.0
5464,0.0
5465,0.0
5466,0.0
5467,0.0
5468,0.0
5469,0.0
5470,0.0
5471,0.0
5472,0.0
5473,0.0
5474,0.0
5475,0.0
5476,0.0
5477,0.0
5478,0.0
5479,0.0
5480,0.0
5481,0.0
5482,0.0
5483,0.0
5484,0.0
5485,0.0
5486,0.0
5487,0.0
5488,0.0
5489,0.0
5490,0.0
5491,0.0
5492,0.0
5493,0.0
5494,0.0
5495,0.0
5496,0.0
5497,0.0
5498,0.0
5499,0.0
5500,0.0
5501,0.0
5502,0.0
5503,0.0
5504,0.0
5505,0.0
5506,0.0
5507,0.0
5508,0.0
5509,0.0
5510,0.0
5511,0.0
5512,0.0
5513,0.0
5514,0.0
5515,0.0
5516,0.0
5517,0.0
5518,0.0
5519,0.0
5520,0.0
5521,0.0
5522,0.0
5523,0.0
5524,0.0
5525,0.0
5526,0.0
5527,0.0
5528,0.0
5529,0.0
5530,0.0
5531,0.0
5532,0.0
5533,0.0
5534,0.0
5535,0.0
5536,0.0
5537,0.0
5538,0.0
5539,0.0
5540,0.0
5541,0.0
5542,0.0
5543,0.0
5544,0.0
5545,0.0
5546,0.0
5547,0.0
5548,0.0
5549,0.0
5550,0.0
5551,0.0
5552,0.0
5553,0.0
5554,0.0
5555,0.0
5556,0.0
5557,0.0
5558,0.0
5559,0.0
5560,0.0
5561,0.0
5562,0.0
5563,0.0
5564,0.0
5565,0.0
5566,0.0
5567,0.0
5568,0.0
5569,0.0
5570,0.0
5571,0.0
5572,0.0
5573,0.0
5574,0.0
5575,0.0
5576,0.0
5577,0.0
5578,0.0
5579,0.0
5580,0.0
5581,0.0
5582,0.0
5583,0.0
5584,0.0
5585,0.0
5586,0.0
5587,0.0
5588,0.0
5589,0.0
5590,0.0
5591,0.0
5592,0.0
5593,0.0
5594,0.0
5595,0.0
5596,0.0
5597,0.0
5598,0.0
5599,0.0
5600,0.0
5601,0.0
5602,0.0
5603,0.0
5604,0.0
5605,0.0
5606,0.0
5607,0.0
5608,0.0
5609,0.0
5610,0.0
5611,0.0
5612,0.0
5613,0.0
5614,0.0
5615,0.0
5616,0.0
5617,0.0
5618,0.0
5619,0.0
5620,0.0
5621,0.0
5622,0.0
5623,0.0
5624,0.0
5625,0.0
5626,0.0
5627,0.0
5628,0.0
5629,0.0
5630,0.0
5631,0.0
5632,0.0
5633,0.0
5634,0.0
5635,0.0
5636,0.0
5637,0.0
5638,0.0
5639,0.0
5640,0.0
5641,0.0
5642,0.0
5643,0.0
5644,0.0
5645,0.0
5646,0.0
5647,0.0
5648,0.0
5649,0.0
5650,0.0
5651,0.0
5652,0.0
5653,0.0
5654,0.0
5655,0.0
5656,0.0
5657,0.0
5658,0.0
5659,0.0
5660,0.0
5661,0.0
5662,0.0
5663,0.0
5664,0.0
5665,0.0
5666,0.0
5667,0.0
5668,0.0
5669,0.0
5670,0.0
5671,0.0
5672,0.0
5673,0.0
5674,0.0
5675,0.0
5676,0.0
5677,0.0
5678,0.0
5679,0.0
5680,0.0
5681,0.0
5682,0.0
5683,0.0
5684,0.0
5685,0.0
5686,0.0
5687,0.0
5688,0.0
5689,0.0
5690,0.0
5691,0.0
5692,0.0
5693,0.0
5694,0.0
5695,0.0
5696,0.0
5697,0.0
5698,0.0
5699,0.0
5700,0.0
5701,0.0
5702,0.0
5703,0.0
5704,0.0
5705,0.0
5706,0.0
5707,0.0
5708,0.0
5709,0.0
5710,0.0
5711,0.0
5712,0.0
5713,0.0
5714,0.0
5715,0.0
5716,0.0
5717,0.0
5718,0.0
5719,0.0
5720,0.0
5721,0.0
5722,0.0
5723,0.0
5724,0.0
5725,0.0
5726,0.0
5727,0.0
5728,0.0
5729,0.0
5730,0.0
5731,0.0
5732,0.0
5733,0.0
5734,0.0
5735,0.0
5736,0.0
5737,0.0
5738,0.0
5739,0.0
5740,0.0
5741,0.0
5742,0.0
5743,0.0
5744,0.0
5745,0.0
5746,0.0
5747,0.0
5748,0.0
5749,0.0
5750,0.0
5751,0.0
5752,0.0
5753,0.0
5754,0.0
5755,0.0
5756,0.0
5757,0.0
5758,0.0
5759,0.0
5760,0.0
5761,0.0
5762,0.0
5763,0.0
5764,0.0
5765,0.0
5766,0.0
5767,0.0
5768,0.0
5769,0.0
5770,0.0
5771,0.0
5772,0.0
5773,0.0
5774,0.0
5775,0.0
5776,0.0
5777,0.0
5778,0.0
5779,0.0
5780,0.0
5781,0.0
5782,0.0
5783,0.0
5784,0.0
5785,0.0
5786,0.0
5787,0.0
5788,0.0
5789,0.0
5790,0.0
5791,0.0
5792,0.0
5793,0.0
5794,0.0
5795,0.0
5796,0.0
5797,0.0
5798,0.0
5799,0.0
5800,0.0
5801,0.0
5802,0.0
5803,0.0
5804,0.0
5805,0.0
5806,0.0
5807,0.0
5808,0.0
5809,0.0
5810,0.0
5811,0.0
5812,0.0
5813,0.0
5814,0.0
5815,0.0
5816,0.0
5817,0.0
5818,0.0
5819,0.0
5820,0.0
5821,0.0
5822,0.0
5823,0.0
5824,0.0
5825,0.0
5826,0.0
5827,0.0
5828,0.0
5829,0.0
5830,0.0
5831,0.0
5832,0.0
5833,0.0
5834,0.0
5835,0.0
5836,0.0
5837,0.0
5838,0.0
5839,0.0
5840,0.0
5841,0.0
5842,0.0
5843,0.0
5844,0.0
5845,0.0
5846,0.0
5847,0.0
5848,0.0
5849,0.0
5850,0.0
5851,0.0
5852,0.0
5853,0.0
5854,0.0
5855,0.0
5856,0.0
5857,0.0
5858,0.0
5859,0.0
5860,0.0
5861,0.0
5862,0.0
5863,0.0
5864,0.0
5865,0.0
5866,0.0
5867,0.0
5868,0.0
5869,0.0
5870,0.0
5871,0.0
5872,0.0
5873,0.0
5874,0.0
5875,0.0
5876,0.0
5877,0.0
5878,0.0
5879,0.0
5880,0.0
5881,0.0
5882,0.0
5883,0.0
5884,0.0
5885,0.0
5886,0.0
5887,0.0
5888,0.0
5889,0.0
5890,0.0
5891,0.0
5892,0.0
5893,0.0
5894,0.0
5895,0.0
5896,0.0
5897,0.0
5898,0.0
5899,0.0
5900,0.0
5901,0.0
5902,0.0
5903,0.0
5904,0.0
5905,0.0
5906,0.0
5907,0.0
5908,0.0
5909,0.0
5910,0.0
5911,0.0
5912,0.0
5913,0.0
5914,0.0
5915,0.0
5916,0.0
5917,0.0
5918,0.0
5919,0.0
5920,0.0
5921,0.0
5922,0.0
5923,0.0
5924,0.0
5925,0.0
5926,0.0
5927,0.0
5928,0.0
5929,0.0
5930,0.0
5931,0.0
5932,0.0
5933,0.0
5934,0.0
5935,0.0
5936,0.0
5937,0.0
5938,0.0
5939,0.0
5940,0.0
5941,0.0
5942,0.0
5943,0.0
5944,0.0
5945,0.0
5946,0.0
5947,0.0
5948,0.0
5949,0.0
5950,0.0
5951,0.0
5952,0.0
5953,0.0
5954,0.0
5955,0.0
5956,0.0
5957,0.0
5958,0.0
5959,0.0
5960,0.0
5961,0.0
5962,0.0
5963,0.0
5964,0.0
5965,0.0
5966,0.0
5967,0.0
5968,0.0
5969,0.0
5970,0.0
5971,0.0
5972,0.0
5973,0.0
5974,0.0
5975,0.0
5976,0.0
5977,0.0
5978,0.0
5979,0.0
5980,0.0
5981,0.0
5982,0.0
5983,0.0
5984,0.0
5985,0.0
5986,0.0
5987,0.0
5988,0.0
5989,0.0
5990,0.0
5991,0.0
5992,0.0
5993,0.0
5994,0.0
5995,0.0
5996,0.0
5997,0.0
5998,0.0
5999,0.0
6000,0.0
6001,0.0
6002,0.0
6003,0.0
6004,0.0
6005,0.0
6006,0.0
6007,0.0
6008,0.0
6009,0.0
6010,0.0
6011,0.0
6012,0.0
6013,0.0
6014,0.0
6015,0.0
6016,0.0
6017,0.0
6018,0.0
6019,0.0
6020,0.0
6021,0.0
6022,0.0
6023,0.0
6024,0.0
6025,0.0
6026,0.0
6027,0.0
6028,0.0
6029,0.0
6030,0.0
6031,0.0
6032,0.0
6033,0.0
6034,0.0
6035,0.0
6036,0.0
6037,0.0
6038,0.0
6039,0.0
6040,0.0
6041,0.0
6042,0.0
6043,0.0
6044,0.0
6045,0.0
6046,0.0
6047,0.0
6048,0.0
6049,0.0
6050,0.0
6051,0.0
6052,0.0
6053,0.0
6054,0.0
6055,0.0
6056,0.0
6057,0.0
6058,0.0
6059,0.0
6060,0.0
6061,0.0
6062,0.0
6063,0.0
6064,0.0
6065,0.0
6066,0.0
6067,0.0
6068,0.0
6069,0.0
6070,0.0
6071,0.0
6072,0.0
6073,0.0
6074,0.0
6075,0.0
6076,0.0
6077,0.0
6078,0.0
6079,0.0
6080,0.0
6081,0.0
6082,0.0
6083,0.0
6084,0.0
6085,0.0
6086,0.0
6087,0.0
6088,0.0
6089,0.0
6090,0.0
6091,0.0
6092,0.0
6093,0.0
6094,0.0
6095,0.0
6096,0.0
6097,0.0
6098,0.0
6099,0.0
6100,0.0
6101,0.0
6102,0.0
6103,0.0
6104,0.0
6105,0.0
6106,0.0
6107,0.0
6108,0.0
6109,0.0
6110,0.0
6111,0.0
6112,0.0
6113,0.0
6114,0.0
6115,0.0
6116,0.0
6117,0.0
6118,0.0
6119,0.0
6120,0.0
6121,0.0
6122,0.0
6123,0.0
6124,0.0
6125,0.0
6126,0.0
6127,0.0
6128,0.0
6129,0.0
6130,0.0
6131,0.0
6132,0.0
6133,0.0
6134,0.0
6135,0.0
6136,0.0
6137,0.0
6138,0.0
6139,0.0
6140,0.0
6141,0.0
6142,0.0
6143,0.0
6144,0.0
6145,0.0
6146,0.0
6147,0.0
6148,0.0
6149,0.0
6150,0.0
6151,0.0
6152,0.0
6153,0.0
6154,0.0
6155,0.0
6156,0.0
6157,0.0
6158,0.0
6159,0.0
6160,0.0
6161,0.0
6162,0.0
6163,0.0
6164,0.0
6165,0.0
6166,0.0
6167,0.0
6168,0.0
6169,0.0
6170,0.0
6171,0.0
6172,0.0
6173,0.0
6174,0.0
6175,0.0
6176,0.0
6177,0.0
6178,0.0
6179,0.0
6180,0.0
6181,0.0
6182,0.0
6183,0.0
6184,0.0
6185,0.0
6186,0.0
6187,0.0
6188,0.0
6189,0.0
6190,0.0
6191,0.0
6192,0.0
6193,0.0
6194,0.0
6195,0.0
6196,0.0
6197,0.0
6198,0.0
6199,0.0
6200,0.0
6201,0.0
6202,0.0
6203,0.0
6204,0.0
6205,0.0
6206,0.0
6207,0.0
6208,0.0
6209,0.0
6210,0.0
6211,0.0
6212,0.0
6213,0.0
6214,0.0
6215,0.0
6216,0.0
6217,0.0
6218,0.0
6219,0.0
6220,0.0
6221,0.0
6222,0.0
6223,0.0
6224,0.0
6225,0.0
6226,0.0
6227,0.0
6228,0.0
6229,0.0
6230,0.0
6231,0.0
6232,0.0
6233,0.0
6234,0.0
6235,0.0
6236,0.0
6237,0.0
6238,0.0
6239,0.0
6240,0.0
6241,0.0
6242,0.0
6243,0.0
6244,0.0
6245,0.0
6246,0.0
6247,0.0
6248,0.0
6249,0.0
6250,0.0
6251,0.0
6252,0.0
6253,0.0
6254,0.0
6255,0.0
6256,0.0
6257,0.0
6258,0.0
6259,0.0
6260,0.0
6261,0.0
6262,0.0
6263,0.0
6264,0.0
6265,0.0
6266,0.0
6267,0.0
6268,0.0
6269,0.0
6270,0.0
6271,0.0
6272,0.0
6273,0.0
6274,0.0
6275,0.0
6276,0.0
6277,0.0
6278,0.0
6279,0.0
6280,0.0
6281,0.0
6282,0.0
6283,0.0
6284,0.0
6285,0.0
6286,0.0
6287,0.0
6288,0.0
6289,0.0
6290,0.0
6291,0.0
6292,0.0
6293,0.0
6294,0.0
6295,0.0
6296,0.0
6297,0.0
6298,0.0
6299,0.0
6300,0.0
6301,0.0
6302,0.0
6303,0.0
6304,0.0
6305,0.0
6306,0.0
6307,0.0
6308,0.0
6309,0.0
6310,0.0
6311,0.0
6312,0.0
6313,0.0
6314,0.0
6315,0.0
6316,0.0
6317,0.0
6318,0.0
6319,0.0
6320,0.0
6321,0.0
6322,0.0
6323,0.0
6324,0.0
6325,0.0
6326,0.0
6327,0.0
6328,0.0
6329,0.0
6330,0.0
6331,0.0
6332,0.0
6333,0.0
6334,0.0
6335,0.0
6336,0.0
6337,0.0
6338,0.0
6339,0.0
6340,0.0
6341,0.0
6342,0.0
6343,0.0
6344,0.0
6345,0.0
6346,0.0
6347,0.0
6348,0.0
6349,0.0
6350,0.0
6351,0.0
6352,0.0
6353,0.0
6354,0.0
6355,0.0
6356,0.0
6357,0.0
6358,0.0
6359,0.0
6360,0.0
6361,0.0
6362,0.0
6363,0.0
6364,0.0
6365,0.0
6366,0.0
6367,0.0
6368,0.0
6369,0.0
6370,0.0
6371,0.0
6372,0.0
6373,0.0
6374,0.0
6375,0.0
6376,0.0
6377,0.0
6378,0.0
6379,0.0
6380,0.0
6381,0.0
6382,0.0
6383,0.0
6384,0.0
6385,0.0
6386,0.0
6387,0.0
6388,0.0
6389,0.0
6390,0.0
6391,0.0
6392,0.0
6393,0.0
6394,0.0
6395,0.0
6396,0.0
6397,0.0
6398,0.0
6399,0.0
6400,0.0
6401,0.0
6402,0.0
6403,0.0
6404,0.0
6405,0.0
6406,0.0
6407,0.0
6408,0.0
6409,0.0
6410,0.0
6411,0.0
6412,0.0
6413,0.0
6414,0.0
6415,0.0
6416,0.0
6417,0.0
6418,0.0
6419,0.0
6420,0.0
6421,0.0
6422,0.0
6423,0.0
6424,0.0
6425,0.0
6426,0.0
6427,0.0
6428,0.0
6429,0.0
6430,0.0
6431,0.0
6432,0.0
6433,0.0
6434,0.0
6435,0.0
6436,0.0
6437,0.0
6438,0.0
6439,0.0
6440,0.0
6441,0.0
6442,0.0
6443,0.0
6444,0.0
6445,0.0
6446,0.0
6447,0.0
6448,0.0
6449,0.0
6450,0.0
6451,0.0
6452,0.0
6453,0.0
6454,0.0
6455,0.0
6456,0.0
6457,0.0
6458,0.0
6459,0.0
6460,0.0
6461,0.0
6462,0.0
6463,0.0
6464,0.0
6465,0.0
6466,0.0
6467,0.0
6468,0.0
6469,0.0
6470,0.0
6471,0.0
6472,0.0
6473,0.0
6474,0.0
6475,0.0
6476,0.0
6477,0.0
6478,0.0
6479,0.0
6480,0.0
6481,0.0
6482,0.0
6483,0.0
6484,0.0
6485,0.0
6486,0.0
6487,0.0
6488,0.0
6489,0.0
6490,0.0
6491,0.0
6492,0.0
6493,0.0
6494,0.0
6495,0.0
6496,0.0
6497,0.0
6498,0.0
6499,0.0
6500,0.0
6501,0.0
6502,0.0
6503,0.0
6504,0.0
6505,0.0
6506,0.0
6507,0.0
6508,0.0
6509,0.0
6510,0.0
6511,0.0
6512,0.0
6513,0.0
6514,0.0
6515,0.0
6516,0.0
6517,0.0
6518,0.0
6519,0.0
6520,0.0
6521,0.0
6522,0.0
6523,0.0
6524,0.0
6525,0.0
6526,0.0
6527,0.0
6528,0.0
6529,0.0
6530,0.0
6531,0.0
6532,0.0
6533,0.0
6534,0.0
6535,0.0
6536,0.0
6537,0.0
6538,0.0
6539,0.0
6540,0.0
6541,0.0
6542,0.0
6543,0.0
6544,0.0
6545,0.0
6546,0.0
6547,0.0
6548,0.0
6549,0.0
6550,0.0
6551,0.0
6552,0.0
6553,0.0
6554,0.0
6555,0.0
6556,0.0
6557,0.0
6558,0.0
6559,0.0
6560,0.0
6561,0.0
6562,0.0
6563,0.0
6564,0.0
6565,0.0
6566,0.0
6567,0.0
6568,0.0
6569,0.0
6570,0.0
6571,0.0
6572,0.0
6573,0.0
6574,0.0
6575,0.0
6576,0.0
6577,0.0
6578,0.0
6579,0.0
6580,0.0
6581,0.0
6582,0.0
6583,0.0
6584,0.0
6585,0.0
6586,0.0
6587,0.0
6588,0.0
6589,0.0
6590,0.0
6591,0.0
6592,0.0
6593,0.0
6594,0.0
6595,0.0
6596,0.0
6597,0.0
6598,0.0
6599,0.0
6600,0.0
6601,0.0
6602,0.0
6603,0.0
6604,0.0
6605,0.0
6606,0.0
6607,0.0
6608,0.0
6609,0.0
6610,0.0
6611,0.0
6612,0.0
6613,0.0
6614,0.0
6615,0.0
6616,0.0
6617,0.0
6618,0.0
6619,0.0
6620,0.0
6621,0.0
6622,0.0
6623,0.0
6624,0.0
6625,0.0
6626,0.0
6627,0.0
6628,0.0
6629,0.0
6630,0.0
6631,0.0
6632,0.0
6633,0.0
6634,0.0
6635,0.0
6636,0.0
6637,0.0
6638,0.0
6639,0.0
6640,0.0
6641,0.0
6642,0.0
6643,0.0
6644,0.0
6645,0.0
6646,0.0
6647,0.0
6648,0.0
6649,0.0
6650,0.0
6651,0.0
6652,0.0
6653,0.0
6654,0.0
6655,0.0
6656,0.0
6657,0.0
6658,0.0
6659,0.0
6660,0.0
6661,0.0
6662,0.0
6663,0.0
6664,0.0
6665,0.0
6666,0.0
6667,0.0
6668,0.0
6669,0.0
6670,0.0
6671,0.0
6672,0.0
6673,0.0
6674,0.0
6675,0.0
6676,0.0
6677,0.0
6678,0.0
6679,0.0
6680,0.0
6681,0.0
6682,0.0
6683,0.0
6684,0.0
6685,0.0
6686,0.0
6687,0.0
6688,0.0
6689,0.0
6690,0.0
6691,0.0
6692,0.0
6693,0.0
6694,0.0
6695,0.0
6696,0.0
6697,0.0
6698,0.0
6699,0.0
6700,0.0
6701,0.0
6702,0.0
6703,0.0
6704,0.0
6705,0.0
6706,0.0
6707,0.0
6708,0.0
6709,0.0
6710,0.0
6711,0.0
6712,0.0
6713,0.0
6714,0.0
6715,0.0
6716,0.0
6717,0.0
6718,0.0
6719,0.0
6720,0.0
6721,0.0
6722,0.0
6723,0.0
6724,0.0
6725,0.0
6726,0.0
6727,0.0
6728,0.0
6729,0.0
6730,0.0
6731,0.0
6732,0.0
6733,0.0
6734,0.0
6735,0.0
6736,0.0
6737,0.0
6738,0.0
6739,0.0
6740,0.0
6741,0.0
6742,0.0
6743,0.0
6744,0.0
6745,0.0
6746,0.0
6747,0.0
6748,0.0
6749,0.0
6750,0.0
6751,0.0
6752,0.0
6753,0.0
6754,0.0
6755,0.0
6756,0.0
6757,0.0
6758,0.0
6759,0.0
6760,0.0
6761,0.0
6762,0.0
6763,0.0
6764,0.0
6765,0.0
6766,0.0
6767,0.0
6768,0.0
6769,0.0
6770,0.0
6771,0.0
6772,0.0
6773,0.0
6774,0.0
6775,0.0
6776,0.0
6777,0.0
6778,0.0
6779,0.0
6780,0.0
6781,0.0
6782,0.0
6783,0.0
6784,0.0
6785,0.0
6786,0.0
6787,0.0
6788,0.0
6789,0.0
6790,0.0
6791,0.0
6792,0.0
6793,0.0
6794,0.0
6795,0.0
6796,0.0
6797,0.0
6798,0.0
6799,0.0
6800,0.0
6801,0.0
6802,0.0
6803,0.0
6804,0.0
6805,0.0
6806,0.0
6807,0.0
6808,0.0
6809,0.0
6810,0.0
6811,0.0
6812,0.0
6813,0.0
6814,0.0
6815,0.0
6816,0.0
6817,0.0
6818,0.0
6819,0.0
6820,0.0
6821,0.0
6822,0.0
6823,0.0
6824,0.0
6825,0.0
6826,0.0
6827,0.0
6828,0.0
6829,0.0
6830,0.0
6831,0.0
6832,0.0
6833,0.0
6834,0.0
6835,0.0
6836,0.0
6837,0.0
6838,0.0
6839,0.0
6840,0.0
6841,0.0
6842,0.0
6843,0.0
6844,0.0
6845,0.0
6846,0.0
6847,0.0
6848,0.0
6849,0.0
6850,0.0
6851,0.0
6852,0.0
6853,0.0
6854,0.0
6855,0.0
6856,0.0
6857,0.0
6858,0.0
6859,0.0
6860,0.0
6861,0.0
6862,0.0
6863,0.0
6864,0.0
6865,0.0
6866,0.0
6867,0.0
6868,0.0
6869,0.0
6870,0.0
6871,0.0
6872,0.0
6873,0.0
6874,0.0
6875,0.0
6876,0.0
6877,0.0
6878,0.0
6879,0.0
6880,0.0
6881,0.0
6882,0.0
6883,0.0
6884,0.0
6885,0.0
6886,0.0
6887,0.0
6888,0.0
6889,0.0
6890,0.0
6891,0.0
6892,0.0
6893,0.0
6894,0.0
6895,0.0
6896,0.0
6897,0.0
6898,0.0
6899,0.0
6900,0.0
6901,0.0
6902,0.0
6903,0.0
6904,0.0
6905,0.0
6906,0.0
6907,0.0
6908,0.0
6909,0.0
6910,0.0
6911,0.0
6912,0.0
6913,0.0
6914,0.0
6915,0.0
6916,0.0
6917,0.0
6918,0.0
6919,0.0
6920,0.0
6921,0.0
6922,0.0
6923,0.0
6924,0.0
6925,0.0
6926,0.0
6927,0.0
6928,0.0
6929,0.0
6930,0.0
6931,0.0
6932,0.0
6933,0.0
6934,0.0
6935,0.0
6936,0.0
6937,0.0
6938,0.0
6939,0.0
6940,0.0
6941,0.0
6942,0.0
6943,0.0
6944,0.0
6945,0.0
6946,0.0
6947,0.0
6948,0.0
6949,0.0
6950,0.0
6951,0.0
6952,0.0
6953,0.0
6954,0.0
6955,0.0
6956,0.0
6957,0.0
6958,0.0
6959,0.0
6960,0.0
6961,0.0
6962,0.0
6963,0.0
6964,0.0
6965,0.0
6966,0.0
6967,0.0
6968,0.0
6969,0.0
6970,0.0
6971,0.0
6972,0.0
6973,0.0
6974,0.0
6975,0.0
6976,0.0
6977,0.0
6978,0.0
6979,0.0
6980,0.0
6981,0.0
6982,0.0
6983,0.0
6984,0.0
6985,0.0
6986,0.0
6987,0.0
6988,0.0
6989,0.0
6990,0.0
6991,0.0
6992,0.0
6993,0.0
6994,0.0
6995,0.0
6996,0.0
6997,0.0
6998,0.0
6999,0.0
7000,0.0
7001,0.0
7002,0.0
7003,0.0
7004,0.0
7005,0.0
7006,0.0
7007,0.0
7008,0.0
7009,0.0
7010,0.0
7011,0.0
7012,0.0
7013,0.0
7014,0.0
7015,0.0
7016,0.0
7017,0.0
7018,0.0
7019,0.0
7020,0.0
7021,0.0
7022,0.0
7023,0.0
7024,0.0
7025,0.0
7026,0.0
7027,0.0
7028,0.0
7029,0.0
7030,0.0
7031,0.0
7032,0.0
7033,0.0
7034,0.0
7035,0.0
7036,0.0
7037,0.0
7038,0.0
7039,0.0
7040,0.0
7041,0.0
7042,0.0
7043,0.0
7044,0.0
7045,0.0
7046,0.0
7047,0.0
7048,0.0
7049,0.0
7050,0.0
7051,0.0
7052,0.0
7053,0.0
7054,0.0
7055,0.0
7056,0.0
7057,0.0
7058,0.0
7059,0.0
7060,0.0
7061,0.0
7062,0.0
7063,0.0
7064,0.0
7065,0.0
7066,0.0
7067,0.0
7068,0.0
7069,0.0
7070,0.0
7071,0.0
7072,0.0
7073,0.0
7074,0.0
7075,0.0
7076,0.0
7077,0.0
7078,0.0
7079,0.0
7080,0.0
7081,0.0
7082,0.0
7083,0.0
7084,0.0
7085,0.0
7086,0.0
7087,0.0
7088,0.0
7089,0.0
7090,0.0
7091,0.0
7092,0.0
7093,0.0
7094,0.0
7095,0.0
7096,0.0
7097,0.0
7098,0.0
7099,0.0
7100,0.0
7101,0.0
7102,0.0
7103,0.0
7104,0.0
7105,0.0
7106,0.0
7107,0.0
7108,0.0
7109,0.0
7110,0.0
7111,0.0
7112,0.0
7113,0.0
7114,0.0
7115,0.0
7116,0.0
7117,0.0
7118,0.0
7119,0.0
7120,0.0
7121,0.0
7122,0.0
7123,0.0
7124,0.0
7125,0.0
7126,0.0
7127,0.0
7128,0.0
7129,0.0
7130,0.0
7131,0.0
7132,0.0
7133,0.0
7134,0.0
7135,0.0
7136,0.0
7137,0.0
7138,0.0
7139,0.0
7140,0.0
7141,0.0
7142,0.0
7143,0.0
7144,0.0
7145,0.0
7146,0.0
7147,0.0
7148,0.0
7149,0.0
7150,0.0
7151,0.0
7152,0.0
7153,0.0
7154,0.0
7155,0.0
7156,0.0
7157,0.0
7158,0.0
7159,0.0
7160,0.0
7161,0.0
7162,0.0
7163,0.0
7164,0.0
7165,0.0
7166,0.0
7167,0.0
7168,0.0
7169,0.0
7170,0.0
7171,0.0
7172,0.0
7173,0.0
7174,0.0
7175,0.0
7176,0.0
7177,0.0
7178,0.0
7179,0.0
7180,0.0
7181,0.0
7182,0.0
7183,0.0
7184,0.0
7185,0.0
7186,0.0
7187,0.0
7188,0.0
7189,0.0
7190,0.0
7191,0.0
7192,0.0
7193,0.0
7194,0.0
7195,0.0
7196,0.0
7197,0.0
7198,0.0
7199,0.0
7200,0.0
7201,0.0
7202,0.0
7203,0.0
7204,0.0
7205,0.0
7206,0.0
7207,0.0
7208,0.0
7209,0.0
7210,0.0
7211,0.0
7212,0.0
7213,0.0
7214,0.0
7215,0.0
7216,0.0
7217,0.0
7218,0.0
7219,0.0
7220,0.0
7221,0.0
7222,0.0
7223,0.0
7224,0.0
7225,0.0
7226,0.0
7227,0.0
7228,0.0
7229,0.0
7230,0.0
7231,0.0
7232,0.0
7233,0.0
7234,0.0
7235,0.0
7236,0.0
7237,0.0
7238,0.0
7239,0.0
7240,0.0
7241,0.0
7242,0.0
7243,0.0
7244,0.0
7245,0.0
7246,0.0
7247,0.0
7248,0.0
7249,0.0
7250,0.0
7251,0.0
7252,0.0
7253,0.0
7254,0.0
7255,0.0
7256,0.0
7257,0.0
7258,0.0
7259,0.0
7260,0.0
7261,0.0
7262,0.0
7263,0.0
7264,0.0
7265,0.0
7266,0.0
7267,0.0
7268,0.0
7269,0.0
7270,0.0
7271,0.0
7272,0.0
7273,0.0
7274,0.0
7275,0.0
7276,0.0
7277,0.0
7278,0.0
7279,0.0
7280,0.0
7281,0.0
7282,0.0
7283,0.0
7284,0.0
7285,0.0
7286,0.0
7287,0.0
7288,0.0
7289,0.0
7290,0.0
7291,0.0
7292,0.0
7293,0.0
7294,0.0
7295,0.0
7296,0.0
7297,0.0
7298,0.0
7299,0.0
7300,0.0
7301,0.0
7302,0.0
7303,0.0
7304,0.0
7305,0.0
7306,0.0
7307,0.0
7308,0.0
7309,0.0
7310,0.0
7311,0.0
7312,0.0
7313,0.0
7314,0.0
7315,0.0
7316,0.0
7317,0.0
7318,0.0
7319,0.0
7320,0.0
7321,0.0
7322,0.0
7323,0.0
7324,0.0
7325,0.0
7326,0.0
7327,0.0
7328,0.0
7329,0.0
7330,0.0
7331,0.0
7332,0.0
7333,0.0
7334,0.0
7335,0.0
7336,0.0
7337,0.0
7338,0.0
7339,0.0
7340,0.0
7341,0.0
7342,0.0
7343,0.0
7344,0.0
7345,0.0
7346,0.0
7347,0.0
7348,0.0
7349,0.0
7350,0.0
7351,0.0
7352,0.0
7353,0.0
7354,0.0
7355,0.0
7356,0.0
7357,0.0
7358,0.0
7359,0.0
7360,0.0
7361,0.0
7362,0.0
7363,0.0
7364,0.0
7365,0.0
7366,0.0
7367,0.0
7368,0.0
7369,0.0
7370,0.0
7371,0.0
7372,0.0
7373,0.0
7374,0.0
7375,0.0
7376,0.0
7377,0.0
7378,0.0
7379,0.0
7380,0.0
7381,0.0
7382,0.0
7383,0.0
7384,0.0
7385,0.0
7386,0.0
7387,0.0
7388,0.0
7389,0.0
7390,0.0
7391,0.0
7392,0.0
7393,0.0
7394,0.0
7395,0.0
7396,0.0
7397,0.0
7398,0.0
7399,0.0
7400,0.0
7401,0.0
7402,0.0
7403,0.0
7404,0.0
7405,0.0
7406,0.0
7407,0.0
7408,0.0
7409,0.0
7410,0.0
7411,0.0
7412,0.0
7413,0.0
7414,0.0
7415,0.0
7416,0.0
7417,0.0
7418,0.0
7419,0.0
7420,0.0
7421,0.0
7422,0.0
7423,0.0
7424,0.0
7425,0.0
7426,0.0
7427,0.0
7428,0.0
7429,0.0
7430,0.0
7431,0.0
7432,0.0
7433,0.0
7434,0.0
7435,0.0
7436,0.0
7437,0.0
7438,0.0
7439,0.0
7440,0.0
7441,0.0
7442,0.0
7443,0.0
7444,0.0
7445,0.0
7446,0.0
7447,0.0
7448,0.0
7449,0.0
7450,0.0
7451,0.0
7452,0.0
7453,0.0
7454,0.0
7455,0.0
7456,0.0
7457,0.0
7458,0.0
7459,0.0
7460,0.0
7461,0.0
7462,0.0
7463,0.0
7464,0.0
7465,0.0
7466,0.0
7467,0.0
7468,0.0
7469,0.0
7470,0.0
7471,0.0
7472,0.0
7473,0.0
7474,0.0
7475,0.0
7476,0.0
7477,0.0
7478,0.0
7479,0.0
7480,0.0
7481,0.0
7482,0.0
7483,0.0
7484,0.0
7485,0.0
7486,0.0
7487,0.0
7488,0.0
7489,0.0
7490,0.0
7491,0.0
7492,0.0
7493,0.0
7494,0.0
7495,0.0
7496,0.0
7497,0.0
7498,0.0
7499,0.0
7500,0.0
7501,0.0
7502,0.0
7503,0.0
7504,0.0
7505,0.0
7506,0.0
7507,0.0
7508,0.0
7509,0.0
7510,0.0
7511,0.0
7512,0.0
7513,0.0
7514,0.0
7515,0.0
7516,0.0
7517,0.0
7518,0.0
7519,0.0
7520,0.0
7521,0.0
7522,0.0
7523,0.0
7524,0.0
7525,0.0
7526,0.0
7527,0.0
7528,0.0
7529,0.0
7530,0.0
7531,0.0
7532,0.0
7533,0.0
7534,0.0
7535,0.0
7536,0.0
7537,0.0
7538,0.0
7539,0.0
7540,0.0
7541,0.0
7542,0.0
7543,0.0
7544,0.0
7545,0.0
7546,0.0
7547,0.0
7548,0.0
7549,0.0
7550,0.0
7551,0.0
7552,0.0
7553,0.0
7554,0.0
7555,0.0
7556,0.0
7557,0.0
7558,0.0
7559,0.0
7560,0.0
7561,0.0
7562,0.0
7563,0.0
7564,0.0
7565,0.0
7566,0.0
7567,0.0
7568,0.0
7569,0.0
7570,0.0
7571,0.0
7572,0.0
7573,0.0
7574,0.0
7575,0.0
7576,0.0
7577,0.0
7578,0.0
7579,0.0
7580,0.0
7581,0.0
7582,0.0
7583,0.0
7584,0.0
7585,0.0
7586,0.0
7587,0.0
7588,0.0
7589,0.0
7590,0.0
7591,0.0
7592,0.0
7593,0.0
7594,0.0
7595,0.0
7596,0.0
7597,0.0
7598,0.0
7599,0.0
7600,0.0
7601,0.0
7602,0.0
7603,0.0
7604,0.0
7605,0.0
7606,0.0
7607,0.0
7608,0.0
7609,0.0
7610,0.0
7611,0.0
7612,0.0
7613,0.0
7614,0.0
7615,0.0
7616,0.0
7617,0.0
7618,0.0
7619,0.0
7620,0.0
7621,0.0
7622,0.0
7623,0.0
7624,0.0
7625,0.0
7626,0.0
7627,0.0
7628,0.0
7629,0.0
7630,0.0
7631,0.0
7632,0.0
7633,0.0
7634,0.0
7635,0.0
7636,0.0
7637,0.0
7638,0.0
7639,0.0
7640,0.0
7641,0.0
7642,0.0
7643,0.0
7644,0.0
7645,0.0
7646,0.0
7647,0.0
7648,0.0
7649,0.0
7650,0.0
7651,0.0
7652,0.0
7653,0.0
7654,0.0
7655,0.0
7656,0.0
7657,0.0
7658,0.0
7659,0.0
7660,0.0
7661,0.0
7662,0.0
7663,0.0
7664,0.0
7665,0.0
7666,0.0
7667,0.0
7668,0.0
7669,0.0
7670,0.0
7671,0.0
7672,0.0
7673,0.0
7674,0.0
7675,0.0
7676,0.0
7677,0.0
7678,0.0
7679,0.0
7680,0.0
7681,0.0
7682,0.0
7683,0.0
7684,0.0
7685,0.0
7686,0.0
7687,0.0
7688,0.0
7689,0.0
7690,0.0
7691,0.0
7692,0.0
7693,0.0
7694,0.0
7695,0.0
7696,0.0
7697,0.0
7698,0.0
7699,0.0
7700,0.0
7701,0.0
7702,0.0
7703,0.0
7704,0.0
7705,0.0
7706,0.0
7707,0.0
7708,0.0
7709,0.0
7710,0.0
7711,0.0
7712,0.0
7713,0.0
7714,0.0
7715,0.0
7716,0.0
7717,0.0
7718,0.0
7719,0.0
7720,0.0
7721,0.0
7722,0.0
7723,0.0
7724,0.0
7725,0.0
7726,0.0
7727,0.0
7728,0.0
7729,0.0
7730,0.0
7731,0.0
7732,0.0
7733,0.0
7734,0.0
7735,0.0
7736,0.0
7737,0.0
7738,0.0
7739,0.0
7740,0.0
7741,0.0
7742,0.0
7743,0.0
7744,0.0
7745,0.0
7746,0.0
7747,0.0
7748,0.0
7749,0.0
7750,0.0
7751,0.0
7752,0.0
7753,0.0
7754,0.0
7755,0.0
7756,0.0
7757,0.0
7758,0.0
7759,0.0
7760,0.0
7761,0.0
7762,0.0
7763,0.0
7764,0.0
7765,0.0
7766,0.0
7767,0.0
7768,0.0
7769,0.0
7770,0.0
7771,0.0
7772,0.0
7773,0.0
7774,0.0
7775,0.0
7776,0.0
7777,0.0
7778,0.0
7779,0.0
7780,0.0
7781,0.0
7782,0.0
7783,0.0
7784,0.0
7785,0.0
7786,0.0
7787,0.0
7788,0.0
7789,0.0
7790,0.0
7791,0.0
7792,0.0
7793,0.0
7794,0.0
7795,0.0
7796,0.0
7797,0.0
7798,0.0
7799,0.0
7800,0.0
7801,0.0
7802,0.0
7803,0.0
7804,0.0
7805,0.0
7806,0.0
7807,0.0
7808,0.0
7809,0.0
7810,0.0
7811,0.0
7812,0.0
7813,0.0
7814,0.0
7815,0.0
7816,0.0
7817,0.0
7818,0.0
7819,0.0
7820,0.0
7821,0.0
7822,0.0
7823,0.0
7824,0.0
7825,0.0
7826,0.0
7827,0.0
7828,0.0
7829,0.0
7830,0.0
7831,0.0
7832,0.0
7833,0.0
7834,0.0
7835,0.0
7836,0.0
7837,0.0
7838,0.0
7839,0.0
7840,0.0
7841,0.0
7842,0.0
7843,0.0
7844,0.0
7845,0.0
7846,0.0
7847,0.0
7848,0.0
7849,0.0
7850,0.0
7851,0.0
7852,0.0
7853,0.0
7854,0.0
7855,0.0
7856,0.0
7857,0.0
7858,0.0
7859,0.0
7860,0.0
7861,0.0
7862,0.0
7863,0.0
7864,0.0
7865,0.0
7866,0.0
7867,0.0
7868,0.0
7869,0.0
7870,0.0
7871,0.0
7872,0.0
7873,0.0
7874,0.0
7875,0.0
7876,0.0
7877,0.0
7878,0.0
7879,0.0
7880,0.0
7881,0.0
7882,0.0
7883,0.0
7884,0.0
7885,0.0
7886,0.0
7887,0.0
7888,0.0
7889,0.0
7890,0.0
7891,0.0
7892,0.0
7893,0.0
7894,0.0
7895,0.0
7896,0.0
7897,0.0
7898,0.0
7899,0.0
7900,0.0
7901,0.0
7902,0.0
7903,0.0
7904,0.0
7905,0.0
7906,0.0
7907,0.0
7908,0.0
7909,0.0
7910,0.0
7911,0.0
7912,0.0
7913,0.0
7914,0.0
7915,0.0
7916,0.0
7917,0.0
7918,0.0
7919,0.0
7920,0.0
7921,0.0
7922,0.0
7923,0.0
7924,0.0
7925,0.0
7926,0.0
7927,0.0
7928,0.0
7929,0.0
7930,0.0
7931,0.0
7932,0.0
7933,0.0
7934,0.0
7935,0.0
7936,0.0
7937,0.0
7938,0.0
7939,0.0
7940,0.0
7941,0.0
7942,0.0
7943,0.0
7944,0.0
7945,0.0
7946,0.0
7947,0.0
7948,0.0
7949,0.0
7950,0.0
7951,0.0
7952,0.0
7953,0.0
7954,0.0
7955,0.0
7956,0.0
7957,0.0
7958,0.0
7959,0.0
7960,0.0
7961,0.0
7962,0.0
7963,0.0
7964,0.0
7965,0.0
7966,0.0
7967,0.0
7968,0.0
7969,0.0
7970,0.0
7971,0.0
7972,0.0
7973,0.0
7974,0.0
7975,0.0
7976,0.0
7977,0.0
7978,0.0
7979,0.0
7980,0.0
7981,0.0
7982,0.0
7983,0.0
7984,0.0
7985,0.0
7986,0.0
7987,0.0
7988,0.0
7989,0.0
7990,0.0
7991,0.0
7992,0.0
7993,0.0
7994,0.0
7995,0.0
7996,0.0
7997,0.0
7998,0.0
7999,0.0
8000,0.0
8001,0.0
8002,0.0
8003,0.0
8004,0.0
8005,0.0
8006,0.0
8007,0.0
8008,0.0
8009,0.0
8010,0.0
8011,0.0
8012,0.0
8013,0.0
8014,0.0
8015,0.0
8016,0.0
8017,0.0
8018,0.0
8019,0.0
8020,0.0
8021,0.0
8022,0.0
8023,0.0
8024,0.0
8025,0.0
8026,0.0
8027,0.0
8028,0.0
8029,0.0
8030,0.0
8031,0.0
8032,0.0
8033,0.0
8034,0.0
8035,0.0
8036,0.0
8037,0.0
8038,0.0
8039,0.0
8040,0.0
8041,0.0
8042,0.0
8043,0.0
8044,0.0
8045,0.0
8046,0.0
8047,0.0
8048,0.0
8049,0.0
8050,0.0
8051,0.0
8052,0.0
8053,0.0
8054,0.0
8055,0.0
8056,0.0
8057,0.0
8058,0.0
8059,0.0
8060,0.0
8061,0.0
8062,0.0
8063,0.0
8064,0.0
8065,0.0
8066,0.0
8067,0.0
8068,0.0
8069,0.0
8070,0.0
8071,0.0
8072,0.0
8073,0.0
8074,0.0
8075,0.0
8076,0.0
8077,0.0
8078,0.0
8079,0.0
8080,0.0
8081,0.0
8082,0.0
8083,0.0
8084,0.0
8085,0.0
8086,0.0
8087,0.0
8088,0.0
8089,0.0
8090,0.0
8091,0.0
8092,0.0
8093,0.0
8094,0.0
8095,0.0
8096,0.0
8097,0.0
8098,0.0
8099,0.0
8100,0.0
8101,0.0
8102,0.0
8103,0.0
8104,0.0
8105,0.0
8106,0.0
8107,0.0
8108,0.0
8109,0.0
8110,0.0
8111,0.0
8112,0.0
8113,0.0
8114,0.0
8115,0.0
8116,0.0
8117,0.0
8118,0.0
8119,0.0
8120,0.0
8121,0.0
8122,0.0
8123,0.0
8124,0.0
8125,0.0
8126,0.0
8127,0.0
8128,0.0
8129,0.0
8130,0.0
8131,0.0
8132,0.0
8133,0.0
8134,0.0
8135,0.0
8136,0.0
8137,0.0
8138,0.0
8139,0.0
8140,0.0
8141,0.0
8142,0.0
8143,0.0
8144,0.0
8145,0.0
8146,0.0
8147,0.0
8148,0.0
8149,0.0
8150,0.0
8151,0.0
8152,0.0
8153,0.0
8154,0.0
8155,0.0
8156,0.0
8157,0.0
8158,0.0
8159,0.0
8160,0.0
8161,0.0
8162,0.0
8163,0.0
8164,0.0
8165,0.0
8166,0.0
8167,0.0
8168,0.0
8169,0.0
8170,0.0
8171,0.0
8172,0.0
8173,0.0
8174,0.0
8175,0.0
8176,0.0
8177,0.0
8178,0.0
8179,0.0
8180,0.0
8181,0.0
8182,0.0
8183,0.0
8184,0.0
8185,0.0
8186,0.0
8187,0.0
8188,0.0
8189,0.0
8190,0.0
8191,0.0
8192,0.0
8193,0.0
8194,0.0
8195,0.0
8196,0.0
8197,0.0
8198,0.0
8199,0.0
8200,0.0
8201,0.0
8202,0.0
8203,0.0
8204,0.0
8205,0.0
8206,0.0
8207,0.0
8208,0.0
8209,0.0
8210,0.0
8211,0.0
8212,0.0
8213,0.0
8214,0.0
8215,0.0
8216,0.0
8217,0.0
8218,0.0
8219,0.0
8220,0.0
8221,0.0
8222,0.0
8223,0.0
8224,0.0
8225,0.0
8226,0.0
8227,0.0
8228,0.0
8229,0.0
8230,0.0
8231,0.0
8232,0.0
8233,0.0
8234,0.0
8235,0.0
8236,0.0
8237,0.0
8238,0.0
8239,0.0
8240,0.0
8241,0.0
8242,0.0
8243,0.0
8244,0.0
8245,0.0
8246,0.0
8247,0.0
8248,0.0
8249,0.0
8250,0.0
8251,0.0
8252,0.0
8253,0.0
8254,0.0
8255,0.0
8256,0.0
8257,0.0
8258,0.0
8259,0.0
8260,0.0
8261,0.0
8262,0.0
8263,0.0
8264,0.0
8265,0.0
8266,0.0
8267,0.0
8268,0.0
8269,0.0
8270,0.0
8271,0.0
8272,0.0
8273,0.0
8274,0.0
8275,0.0
8276,0.0
8277,0.0
8278,0.0
8279,0.0
8280,0.0
8281,0.0
8282,0.0
8283,0.0
8284,0.0
8285,0.0
8286,0.0
8287,0.0
8288,0.0
8289,0.0
8290,0.0
8291,0.0
8292,0.0
8293,0.0
8294,0.0
8295,0.0
8296,0.0
8297,0.0
8298,0.0
8299,0.0
8300,0.0
8301,0.0
8302,0.0
8303,0.0
8304,0.0
8305,0.0
8306,0.0
8307,0.0
8308,0.0
8309,0.0
8310,0.0
8311,0.0
8312,0.0
8313,0.0
8314,0.0
8315,0.0
8316,0.0
8317,0.0
8318,0.0
8319,0.0
8320,0.0
8321,0.0
8322,0.0
8323,0.0
8324,0.0
8325,0.0
8326,0.0
8327,0.0
8328,0.0
8329,0.0
8330,0.0
8331,0.0
8332,0.0
8333,0.0
8334,0.0
8335,0.0
8336,0.0
8337,0.0
8338,0.0
8339,0.0
8340,0.0
8341,0.0
8342,0.0
8343,0.0
8344,0.0
8345,0.0
8346,0.0
8347,0.0
8348,0.0
8349,0.0
8350,0.0
8351,0.0
8352,0.0
8353,0.0
8354,0.0
8355,0.0
8356,0.0
8357,0.0
8358,0.0
8359,0.0
8360,0.0
8361,0.0
8362,0.0
8363,0.0
8364,0.0
8365,0.0
8366,0.0
8367,0.0
8368,0.0
8369,0.0
8370,0.0
8371,0.0
8372,0.0
8373,0.0
8374,0.0
8375,0.0
8376,0.0
8377,0.0
8378,0.0
8379,0.0
8380,0.0
8381,0.0
8382,0.0
8383,0.0
8384,0.0
8385,0.0
8386,0.0
8387,0.0
8388,0.0
8389,0.0
8390,0.0
8391,0.0
8392,0.0
8393,0.0
8394,0.0
8395,0.0
8396,0.0
8397,0.0
8398,0.0
8399,0.0
8400,0.0
8401,0.0
8402,0.0
8403,0.0
8404,0.0
8405,0.0
8406,0.0
8407,0.0
8408,0.0
8409,0.0
8410,0.0
8411,0.0
8412,0.0
8413,0.0
8414,0.0
8415,0.0
8416,0.0
8417,0.0
8418,0.0
8419,0.0
8420,0.0
8421,0.0
8422,0.0
8423,0.0
8424,0.0
8425,0.0
8426,0.0
8427,0.0
8428,0.0
8429,0.0
8430,0.0
8431,0.0
8432,0.0
8433,0.0
8434,0.0
8435,0.0
8436,0.0
8437,0.0
8438,0.0
8439,0.0
8440,0.0
8441,0.0
8442,0.0
8443,0.0
8444,0.0
8445,0.0
8446,0.0
8447,0.0
8448,0.0
8449,0.0
8450,0.0
8451,0.0
8452,0.0
8453,0.0
8454,0.0
8455,0.0
8456,0.0
8457,0.0
8458,0.0
8459,0.0
8460,0.0
8461,0.0
8462,0.0
8463,0.0
8464,0.0
8465,0.0
8466,0.0
8467,0.0
8468,0.0
8469,0.0
8470,0.0
8471,0.0
8472,0.0
8473,0.0
8474,0.0
8475,0.0
8476,0.0
8477,0.0
8478,0.0
8479,0.0
8480,0.0
8481,0.0
8482,0.0
8483,0.0
8484,0.0
8485,0.0
8486,0.0
8487,0.0
8488,0.0
8489,0.0
8490,0.0
8491,0.0
8492,0.0
8493,0.0
8494,0.0
8495,0.0
8496,0.0
8497,0.0
8498,0.0
8499,0.0
8500,0.0
8501,0.0
8502,0.0
8503,0.0
8504,0.0
8505,0.0
8506,0.0
8507,0.0
8508,0.0
8509,0.0
8510,0.0
8511,0.0
8512,0.0
8513,0.0
8514,0.0
8515,0.0
8516,0.0
8517,0.0
8518,0.0
8519,0.0
8520,0.0
8521,0.0
8522,0.0
8523,0.0
8524,0.0
8525,0.0
8526,0.0
8527,0.0
8528,0.0
8529,0.0
8530,0.0
8531,0.0
8532,0.0
8533,0.0
8534,0.0
8535,0.0
8536,0.0
8537,0.0
8538,0.0
8539,0.0
8540,0.0
8541,0.0
8542,0.0
8543,0.0
8544,0.0
8545,0.0
8546,0.0
8547,0.0
8548,0.0
8549,0.0
8550,0.0
8551,0.0
8552,0.0
8553,0.0
8554,0.0
8555,0.0
8556,0.0
8557,0.0
8558,0.0
8559,0.0
8560,0.0
8561,0.0
8562,0.0
8563,0.0
8564,0.0
8565,0.0
8566,0.0
8567,0.0
8568,0.0
8569,0.0
8570,0.0
8571,0.0
8572,0.0
8573,0.0
8574,0.0
8575,0.0
8576,0.0
8577,0.0
8578,0.0
8579,0.0
8580,0.0
8581,0.0
8582,0.0
8583,0.0
8584,0.0
8585,0.0
8586,0.0
8587,0.0
8588,0.0
8589,0.0
8590,0.0
8591,0.0
8592,0.0
8593,0.0
8594,0.0
8595,0.0
8596,0.0
8597,0.0
8598,0.0
8599,0.0
8600,0.0
8601,0.0
8602,0.0
8603,0.0
8604,0.0
8605,0.0
8606,0.0
8607,0.0
8608,0.0
8609,0.0
8610,0.0
8611,0.0
8612,0.0
8613,0.0
8614,0.0
8615,0.0
8616,0.0
8617,0.0
8618,0.0
8619,0.0
8620,0.0
8621,0.0
8622,0.0
8623,0.0
8624,0.0
8625,0.0
8626,0.0
8627,0.0
8628,0.0
8629,0.0
8630,0.0
8631,0.0
8632,0.0
8633,0.0
8634,0.0
8635,0.0
8636,0.0
8637,0.0
8638,0.0
8639,0.0
8640,0.0
8641,0.0
8642,0.0
8643,0.0
8644,0.0
8645,0.0
8646,0.0
8647,0.0
8648,0.0
8649,0.0
8650,0.0
8651,0.0
8652,0.0
8653,0.0
8654,0.0
8655,0.0
8656,0.0
8657,0.0
8658,0.0
8659,0.0
8660,0.0
8661,0.0
8662,0.0
8663,0.0
8664,0.0
8665,0.0
8666,0.0
8667,0.0
8668,0.0
8669,0.0
8670,0.0
8671,0.0
8672,0.0
8673,0.0
8674,0.0
8675,0.0
8676,0.0
8677,0.0
8678,0.0
8679,0.0
8680,0.0
8681,0.0
8682,0.0
8683,0.0
8684,0.0
8685,0.0
8686,0.0
8687,0.0
8688,0.0
8689,0.0
8690,0.0
8691,0.0
8692,0.0
8693,0.0
8694,0.0
8695,0.0
8696,0.0
8697,0.0
8698,0.0
8699,0.0
8700,0.0
8701,0.0
8702,0.0
8703,0.0
8704,0.0
8705,0.0
8706,0.0
8707,0.0
8708,0.0
8709,0.0
8710,0.0
8711,0.0
8712,0.0
8713,0.0
8714,0.0
8715,0.0
8716,0.0
8717,0.0
8718,0.0
8719,0.0
8720,0.0
8721,0.0
8722,0.0
8723,0.0
8724,0.0
8725,0.0
8726,0.0
8727,0.0
8728,0.0
8729,0.0
8730,0.0
8731,0.0
8732,0.0
8733,0.0
8734,0.0
8735,0.0
8736,0.0
8737,0.0
8738,0.0
8739,0.0
8740,0.0
8741,0.0
8742,0.0
8743,0.0
8744,0.0
8745,0.0
8746,0.0
8747,0.0
8748,0.0
8749,0.0
8750,0.0
8751,0.0
8752,0.0
8753,0.0
8754,0.0
8755,0.0
8756,0.0
8757,0.0
8758,0.0
8759,0.0
8760,0.0
8761,0.0
8762,0.0
8763,0.0
8764,0.0
8765,0.0
8766,0.0
8767,0.0
8768,0.0
8769,0.0
8770,0.0
8771,0.0
8772,0.0
8773,0.0
8774,0.0
8775,0.0
8776,0.0
8777,0.0
8778,0.0
8779,0.0
8780,0.0
8781,0.0
8782,0.0
8783,0.0
8784,0.0
8785,0.0
8786,0.0
8787,0.0
8788,0.0
8789,0.0
8790,0.0
8791,0.0
8792,0.0
8793,0.0
8794,0.0
8795,0.0
8796,0.0
8797,0.0
8798,0.0
8799,0.0
8800,0.0
8801,0.0
8802,0.0
8803,0.0
8804,0.0
8805,0.0
8806,0.0
8807,0.0
8808,0.0
8809,0.0
8810,0.0
8811,0.0
8812,0.0
8813,0.0
8814,0.0
8815,0.0
8816,0.0
8817,0.0
8818,0.0
8819,0.0
8820,0.0
8821,0.0
8822,0.0
8823,0.0
8824,0.0
8825,0.0
8826,0.0
8827,0.0
8828,0.0
8829,0.0
8830,0.0
8831,0.0
8832,0.0
8833,0.0
8834,0.0
8835,0.0
8836,0.0
8837,0.0
8838,0.0
8839,0.0
8840,0.0
8841,0.0
8842,0.0
8843,0.0
8844,0.0
8845,0.0
8846,0.0
8847,0.0
8848,0.0
8849,0.0
8850,0.0
8851,0.0
8852,0.0
8853,0.0
8854,0.0
8855,0.0
8856,0.0
8857,0.0
8858,0.0
8859,0.0
8860,0.0
8861,0.0
8862,0.0
8863,0.0
8864,0.0
8865,0.0
8866,0.0
8867,0.0
8868,0.0
8869,0.0
8870,0.0
8871,0.0
8872,0.0
8873,0.0
8874,0.0
8875,0.0
8876,0.0
8877,0.0
8878,0.0
8879,0.0
8880,0.0
8881,0.0
8882,0.0
8883,0.0
8884,0.0
8885,0.0
8886,0.0
8887,0.0
8888,0.0
8889,0.0
8890,0.0
8891,0.0
8892,0.0
8893,0.0
8894,0.0
8895,0.0
8896,0.0
8897,0.0
8898,0.0
8899,0.0
8900,0.0
8901,0.0
8902,0.0
8903,0.0
8904,0.0
8905,0.0
8906,0.0
8907,0.0
8908,0.0
8909,0.0
8910,0.0
8911,0.0
8912,0.0
8913,0.0
8914,0.0
8915,0.0
8916,0.0
8917,0.0
8918,0.0
8919,0.0
8920,0.0
8921,0.0
8922,0.0
8923,0.0
8924,0.0
8925,0.0
8926,0.0
8927,0.0
8928,0.0
8929,0.0
8930,0.0
8931,0.0
8932,0.0
8933,0.0
8934,0.0
8935,0.0
8936,0.0
8937,0.0
8938,0.0
8939,0.0
8940,0.0
8941,0.0
8942,0.0
8943,0.0
8944,0.0
8945,0.0
8946,0.0
8947,0.0
8948,0.0
8949,0.0
8950,0.0
8951,0.0
8952,0.0
8953,0.0
8954,0.0
8955,0.0
8956,0.0
8957,0.0
8958,0.0
8959,0.0
8960,0.0
8961,0.0
8962,0.0
8963,0.0
8964,0.0
8965,0.0
8966,0.0
8967,0.0
8968,0.0
8969,0.0
8970,0.0
8971,0.0
8972,0.0
8973,0.0
8974,0.0
8975,0.0
8976,0.0
8977,0.0
8978,0.0
8979,0.0
8980,0.0
8981,0.0
8982,0.0
8983,0.0
8984,0.0
8985,0.0
8986,0.0
8987,0.0
8988,0.0
8989,0.0
8990,0.0
8991,0.0
8992,0.0
8993,0.0
8994,0.0
8995,0.0
8996,0.0
8997,0.0
8998,0.0
8999,0.0
9000,0.0
9001,0.0
9002,0.0
9003,0.0
9004,0.0
9005,0.0
9006,0.0
9007,0.0
9008,0.0
9009,0.0
9010,0.0
9011,0.0
9012,0.0
9013,0.0
9014,0.0
9015,0.0
9016,0.0
9017,0.0
9018,0.0
9019,0.0
9020,0.0
9021,0.0
9022,0.0
9023,0.0
9024,0.0
9025,0.0
9026,0.0
9027,0.0
9028,0.0
9029,0.0
9030,0.0
9031,0.0
9032,0.0
9033,0.0
9034,0.0
9035,0.0
9036,0.0
9037,0.0
9038,0.0
9039,0.0
9040,0.0
9041,0.0
9042,0.0
9043,0.0
9044,0.0
9045,0.0
9046,0.0
9047,0.0
9048,0.0
9049,0.0
9050,0.0
9051,0.0
9052,0.0
9053,0.0
9054,0.0
9055,0.0
9056,0.0
9057,0.0
9058,0.0
9059,0.0
9060,0.0
9061,0.0
9062,0.0
9063,0.0
9064,0.0
9065,0.0
9066,0.0
9067,0.0
9068,0.0
9069,0.0
9070,0.0
9071,0.0
9072,0.0
9073,0.0
9074,0.0
9075,0.0
9076,0.0
9077,0.0
9078,0.0
9079,0.0
9080,0.0
9081,0.0
9082,0.0
9083,0.0
9084,0.0
9085,0.0
9086,0.0
9087,0.0
9088,0.0
9089,0.0
9090,0.0
9091,0.0
9092,0.0
9093,0.0
9094,0.0
9095,0.0
9096,0.0
9097,0.0
9098,0.0
9099,0.0
9100,0.0
9101,0.0
9102,0.0
9103,0.0
9104,0.0
9105,0.0
9106,0.0
9107,0.0
9108,0.0
9109,0.0
9110,0.0
9111,0.0
9112,0.0
9113,0.0
9114,0.0
9115,0.0
9116,0.0
9117,0.0
9118,0.0
9119,0.0
9120,0.0
9121,0.0
9122,0.0
9123,0.0
9124,0.0
9125,0.0
9126,0.0
9127,0.0
9128,0.0
9129,0.0
9130,0.0
9131,0.0
9132,0.0
9133,0.0
9134,0.0
9135,0.0
9136,0.0
9137,0.0
9138,0.0
9139,0.0
9140,0.0
9141,0.0
9142,0.0
9143,0.0
9144,0.0
9145,0.0
9146,0.0
9147,0.0
9148,0.0
9149,0.0
9150,0.0
9151,0.0
9152,0.0
9153,0.0
9154,0.0
9155,0.0
9156,0.0
9157,0.0
9158,0.0
9159,0.0
9160,0.0
9161,0.0
9162,0.0
9163,0.0
9164,0.0
9165,0.0
9166,0.0
9167,0.0
9168,0.0
9169,0.0
9170,0.0
9171,0.0
9172,0.0
9173,0.0
9174,0.0
9175,0.0
9176,0.0
9177,0.0
9178,0.0
9179,0.0
9180,0.0
9181,0.0
9182,0.0
9183,0.0
9184,0.0
9185,0.0
9186,0.0
9187,0.0
9188,0.0
9189,0.0
9190,0.0
9191,0.0
9192,0.0
9193,0.0
9194,0.0
9195,0.0
9196,0.0
9197,0.0
9198,0.0
9199,0.0
9200,0.0
9201,0.0
9202,0.0
9203,0.0
9204,0.0
9205,0.0
9206,0.0
9207,0.0
9208,0.0
9209,0.0
9210,0.0
9211,0.0
9212,0.0
9213,0.0
9214,0.0
9215,0.0
9216,0.0
9217,0.0
9218,0.0
9219,0.0
9220,0.0
9221,0.0
9222,0.0
9223,0.0
9224,0.0
9225,0.0
9226,0.0
9227,0.0
9228,0.0
9229,0.0
9230,0.0
9231,0.0
9232,0.0
9233,0.0
9234,0.0
9235,0.0
9236,0.0
9237,0.0
9238,0.0
9239,0.0
9240,0.0
9241,0.0
9242,0.0
9243,0.0
9244,0.0
9245,0.0
9246,0.0
9247,0.0
9248,0.0
9249,0.0
9250,0.0
9251,0.0
9252,0.0
9253,0.0
9254,0.0
9255,0.0
9256,0.0
9257,0.0
9258,0.0
9259,0.0
9260,0.0
9261,0.0
9262,0.0
9263,0.0
9264,0.0
9265,0.0
9266,0.0
9267,0.0
9268,0.0
9269,0.0
9270,0.0
9271,0.0
9272,0.0
9273,0.0
9274,0.0
9275,0.0
9276,0.0
9277,0.0
9278,0.0
9279,0.0
9280,0.0
9281,0.0
9282,0.0
9283,0.0
9284,0.0
9285,0.0
9286,0.0
9287,0.0
9288,0.0
9289,0.0
9290,0.0
9291,0.0
9292,0.0
9293,0.0
9294,0.0
9295,0.0
9296,0.0
9297,0.0
9298,0.0
9299,0.0
9300,0.0
9301,0.0
9302,0.0
9303,0.0
9304,0.0
9305,0.0
9306,0.0
9307,0.0
9308,0.0
9309,0.0
9310,0.0
9311,0.0
9312,0.0
9313,0.0
9314,0.0
9315,0.0
9316,0.0
9317,0.0
9318,0.0
9319,0.0
9320,0.0
9321,0.0
9322,0.0
9323,0.0
9324,0.0
9325,0.0
9326,0.0
9327,0.0
9328,0.0
9329,0.0
9330,0.0
9331,0.0
9332,0.0
9333,0.0
9334,0.0
9335,0.0
9336,0.0
9337,0.0
9338,0.0
9339,0.0
9340,0.0
9341,0.0
9342,0.0
9343,0.0
9344,0.0
9345,0.0
9346,0.0
9347,0.0
9348,0.0
9349,0.0
9350,0.0
9351,0.0
9352,0.0
9353,0.0
9354,0.0
9355,0.0
9356,0.0
9357,0.0
9358,0.0
9359,0.0
9360,0.0
9361,0.0
9362,0.0
9363,0.0
9364,0.0
9365,0.0
9366,0.0
9367,0.0
9368,0.0
9369,0.0
9370,0.0
9371,0.0
9372,0.0
9373,0.0
9374,0.0
9375,0.0
9376,0.0
9377,0.0
9378,0.0
9379,0.0
9380,0.0
9381,0.0
9382,0.0
9383,0.0
9384,0.0
9385,0.0
9386,0.0
9387,0.0
9388,0.0
9389,0.0
9390,0.0
9391,0.0
9392,0.0
9393,0.0
9394,0.0
9395,0.0
9396,0.0
9397,0.0
9398,0.0
9399,0.0
9400,0.0
9401,0.0
9402,0.0
9403,0.0
9404,0.0
9405,0.0
9406,0.0
9407,0.0
9408,0.0
9409,0.0
9410,0.0
9411,0.0
9412,0.0
9413,0.0
9414,0.0
9415,0.0
9416,0.0
9417,0.0
9418,0.0
9419,0.0
9420,0.0
9421,0.0
9422,0.0
9423,0.0
9424,0.0
9425,0.0
9426,0.0
9427,0.0
9428,0.0
9429,0.0
9430,0.0
9431,0.0
9432,0.0
9433,0.0
9434,0.0
9435,0.0
9436,0.0
9437,0.0
9438,0.0
9439,0.0
9440,0.0
9441,0.0
9442,0.0
9443,0.0
9444,0.0
9445,0.0
9446,0.0
9447,0.0
9448,0.0
9449,0.0
9450,0.0
9451,0.0
9452,0.0
9453,0.0
9454,0.0
9455,0.0
9456,0.0
9457,0.0
9458,0.0
9459,0.0
9460,0.0
9461,0.0
9462,0.0
9463,0.0
9464,0.0
9465,0.0
9466,0.0
9467,0.0
9468,0.0
9469,0.0
9470,0.0
9471,0.0
9472,0.0
9473,0.0
9474,0.0
9475,0.0
9476,0.0
9477,0.0
9478,0.0
9479,0.0
9480,0.0
9481,0.0
9482,0.0
9483,0.0
9484,0.0
9485,0.0
9486,0.0
9487,0.0
9488,0.0
9489,0.0
9490,0.0
9491,0.0
9492,0.0
9493,0.0
9494,0.0
9495,0.0
9496,0.0
9497,0.0
9498,0.0
9499,0.0
9500,0.0
9501,0.0
9502,0.0
9503,0.0
9504,0.0
9505,0.0
9506,0.0
9507,0.0
9508,0.0
9509,0.0
9510,0.0
9511,0.0
9512,0.0
9513,0.0
9514,0.0
9515,0.0
9516,0.0
9517,0.0
9518,0.0
9519,0.0
9520,0.0
9521,0.0
9522,0.0
9523,0.0
9524,0.0
9525,0.0
9526,0.0
9527,0.0
9528,0.0
9529,0.0
9530,0.0
9531,0.0
9532,0.0
9533,0.0
9534,0.0
9535,0.0
9536,0.0
9537,0.0
9538,0.0
9539,0.0
9540,0.0
9541,0.0
9542,0.0
9543,0.0
9544,0.0
9545,0.0
9546,0.0
9547,0.0
9548,0.0
9549,0.0
9550,0.0
9551,0.0
9552,0.0
9553,0.0
9554,0.0
9555,0.0
9556,0.0
9557,0.0
9558,0.0
9559,0.0
9560,0.0
9561,0.0
9562,0.0
9563,0.0
9564,0.0
9565,0.0
9566,0.0
9567,0.0
9568,0.0
9569,0.0
9570,0.0
9571,0.0
9572,0.0
9573,0.0
9574,0.0
9575,0.0
9576,0.0
9577,0.0
9578,0.0
9579,0.0
9580,0.0
9581,0.0
9582,0.0
9583,0.0
9584,0.0
9585,0.0
9586,0.0
9587,0.0
9588,0.0
9589,0.0
9590,0.0
9591,0.0
9592,0.0
9593,0.0
9594,0.0
9595,0.0
9596,0.0
9597,0.0
9598,0.0
9599,0.0
9600,0.0
9601,0.0
9602,0.0
9603,0.0
9604,0.0
9605,0.0
9606,0.0
9607,0.0
9608,0.0
9609,0.0
9610,0.0
9611,0.0
9612,0.0
9613,0.0
9614,0.0
9615,0.0
9616,0.0
9617,0.0
9618,0.0
9619,0.0
9620,0.0
9621,0.0
9622,0.0
9623,0.0
9624,0.0
9625,0.0
9626,0.0
9627,0.0
9628,0.0
9629,0.0
9630,0.0
9631,0.0
9632,0.0
9633,0.0
9634,0.0
9635,0.0
9636,0.0
9637,0.0
9638,0.0
9639,0.0
9640,0.0
9641,0.0
9642,0.0
9643,0.0
9644,0.0
9645,0.0
9646,0.0
9647,0.0
9648,0.0
9649,0.0
9650,0.0
9651,0.0
9652,0.0
9653,0.0
9654,0.0
9655,0.0
9656,0.0
9657,0.0
9658,0.0
9659,0.0
9660,0.0
9661,0.0
9662,0.0
9663,0.0
9664,0.0
9665,0.0
9666,0.0
9667,0.0
9668,0.0
9669,0.0
9670,0.0
9671,0.0
9672,0.0
9673,0.0
9674,0.0
9675,0.0
9676,0.0
9677,0.0
9678,0.0
9679,0.0
9680,0.0
9681,0.0
9682,0.0
9683,0.0
9684,0.0
9685,0.0
9686,0.0
9687,0.0
9688,0.0
9689,0.0
9690,0.0
9691,0.0
9692,0.0
9693,0.0
9694,0.0
9695,0.0
9696,0.0
9697,0.0
9698,0.0
9699,0.0
9700,0.0
9701,0.0
9702,0.0
9703,0.0
9704,0.0
9705,0.0
9706,0.0
9707,0.0
9708,0.0
9709,0.0
9710,0.0
9711,0.0
9712,0.0
9713,0.0
9714,0.0
9715,0.0
9716,0.0
9717,0.0
9718,0.0
9719,0.0
9720,0.0
9721,0.0
9722,0.0
9723,0.0
9724,0.0
9725,0.0
9726,0.0
9727,0.0
9728,0.0
9729,0.0
9730,0.0
9731,0.0
9732,0.0
9733,0.0
9734,0.0
9735,0.0
9736,0.0
9737,0.0
9738,0.0
9739,0.0
9740,0.0
9741,0.0
9742,0.0
9743,0.0
9744,0.0
9745,0.0
9746,0.0
9747,0.0
9748,0.0
9749,0.0
9750,0.0
9751,0.0
9752,0.0
9753,0.0
9754,0.0
9755,0.0
9756,0.0
9757,0.0
9758,0.0
9759,0.0
9760,0.0
9761,0.0
9762,0.0
9763,0.0
9764,0.0
9765,0.0
9766,0.0
9767,0.0
9768,0.0
9769,0.0
9770,0.0
9771,0.0
9772,0.0
9773,0.0
9774,0.0
9775,0.0
9776,0.0
9777,0.0
9778,0.0
9779,0.0
9780,0.0
9781,0.0
9782,0.0
9783,0.0
9784,0.0
9785,0.0
9786,0.0
9787,0.0
9788,0.0
9789,0.0
9790,0.0
9791,0.0
9792,0.0
9793,0.0
9794,0.0
9795,0.0
9796,0.0
9797,0.0
9798,0.0
9799,0.0
9800,0.0
9801,0.0
9802,0.0
9803,0.0
9804,0.0
9805,0.0
9806,0.0
9807,0.0
9808,0.0
9809,0.0
9810,0.0
9811,0.0
9812,0.0
9813,0.0
9814,0.0
9815,0.0
9816,0.0
9817,0.0
9818,0.0
9819,0.0
9820,0.0
9821,0.0
9822,0.0
9823,0.0
9824,0.0
9825,0.0
9826,0.0
9827,0.0
9828,0.0
9829,0.0
9830,0.0
9831,0.0
9832,0.0
9833,0.0
9834,0.0
9835,0.0
9836,0.0
9837,0.0
9838,0.0
9839,0.0
9840,0.0
9841,0.0
9842,0.0
9843,0.0
9844,0.0
9845,0.0
9846,0.0
9847,0.0
9848,0.0
9849,0.0
9850,0.0
9851,0.0
9852,0.0
9853,0.0
9854,0.0
9855,0.0
9856,0.0
9857,0.0
9858,0.0
9859,0.0
9860,0.0
9861,0.0
9862,0.0
9863,0.0
9864,0.0
9865,0.0
9866,0.0
9867,0.0
9868,0.0
9869,0.0
9870,0.0
9871,0.0
9872,0.0
9873,0.0
9874,0.0
9875,0.0
9876,0.0
9877,0.0
9878,0.0
9879,0.0
9880,0.0
9881,0.0
9882,0.0
9883,0.0
9884,0.0
9885,0.0
9886,0.0
9887,0.0
9888,0.0
9889,0.0
9890,0.0
9891,0.0
9892,0.0
9893,0.0
9894,0.0
9895,0.0
9896,0.0
9897,0.0
9898,0.0
9899,0.0
9900,0.0
9901,48857.52992286028
9902,48857.52992286028
9903,48857.52992286028
9904,48857.52992286028
9905,48857.52992286028
9906,48857.52992286028
9907,48857.52992286028
9908,48857.52992286028
9909,48857.52992286028
9910,48857.52992286028
9911,48857.52992286028
9912,48857.52992286028
9913,48857.52992286028
9914,48857.52992286028
9915,48857.52992286028
9916,48857.52992286028
9917,48857.52992286028
9918,48857.52992286028
9919,48857.52992286028
9920,48857.52992286028
9921,48857.52992286028
9922,48857.52992286028
9923,48857.52992286028
9924,48857.52992286028
9925,48857.52992286028
9926,48857.52992286028
9927,48857.52992286028
9928,48857.52992286028
9929,48857.52992286028
9930,48857.52992286028
9931,48857.52992286028
9932,48857.52992286028
9933,48857.52992286028
9934,48857.52992286028
9935,48857.52992286028
9936,48857.52992286028
9937,48857.52992286028
9938,48857.52992286028
9939,48857.52992286028
9940,48857.52992286028
9941,48857.52992286028
9942,48857.52992286028
9943,48857.52992286028
9944,48857.52992286028
9945,48857.52992286028
9946,48857.52992286028
9947,48857.52992286028
9948,48857.52992286028
9949,48857.52992286028
9950,48857.52992286028
9951,48857.52992286028
9952,48857.52992286028
9953,48857.52992286028
9954,48857.52992286028
9955,48857.52992286028
9956,48857.52992286028
9957,48857.52992286028
9958,48857.52992286028
9959,48857.52992286028
9960,48857.52992286028
9961,48857.52992286028
9962,48857.52992286028
9963,48857.52992286028
9964,48857.52992286028
9965,48857.52992286028
9966,48857.52992286028
9967,48857.52992286028
9968,48857.52992286028
9969,48857.52992286028
9970,48857.52992286028
9971,48857.52992286028
9972,48857.52992286028
9973,48857.52992286028
9974,48857.52992286028
9975,48857.52992286028
9976,48857.52992286028
9977,48857.52992286028
9978,48857.52992286028
9979,48857.52992286028
9980,48857.52992286028
9981,48857.52992286028
9982,48857.52992286028
9983,48857.52992286028
9984,48857.52992286028
9985,48857.52992286028
9986,48857.52992286028
9987,48857.52992286028
9988,48857.52992286028
9989,48857.52992286028
9990,48857.52992286028
9991,48857.52992286028
9992,48857.52992286028
9993,48857.52992286028
9994,48857.52992286028
9995,48857.52992286028
9996,48857.52992286028
9997,48857.52992286028
9998,48857.52992286028
9999,48857.52992286028
10000,48857.52992286028
10001,48857.52992286028
10002,48857.52992286028
10003,48857.52992286028
10004,48857.52992286028
10005,48857.52992286028
10006,48857.52992286028
10007,48857.52992286028
10008,48857.52992286028
10009,48857.52992286028
10010,48857.52992286028
10011,48857.52992286028
10012,48857.52992286028
10013,48857.52992286028
10014,48857.52992286028
10015,48857.52992286028
10016,48857.52992286028
10017,48857.52992286028
10018,48857.52992286028
10019,48857.52992286028
10020,48857.52992286028
10021,48857.52992286028
10022,48857.52992286028
10023,48857.52992286028
10024,48857.52992286028
10025,48857.52992286028
10026,48857.52992286028
10027,48857.52992286028
10028,48857.52992286028
10029,48857.52992286028
10030,48857.52992286028
10031,48857.52992286028
10032,48857.52992286028
10033,48857.52992286028
10034,48857.52992286028
10035,48857.52992286028
10036,48857.52992286028
10037,48857.52992286028
10038,48857.52992286028
10039,48857.52992286028
10040,48857.52992286028
10041,48857.52992286028
10042,48857.52992286028
10043,48857.52992286028
10044,48857.52992286028
10045,48857.52992286028
10046,48857.52992286028
10047,48857.52992286028
10048,48857.52992286028
10049,48857.52992286028
10050,48857.52992286028
10051,0.0
10052,0.0
10053,0.0
10054,0.0
10055,0.0
10056,0.0
10057,0.0
10058,0.0
10059,0.0
10060,0.0
10061,0.0
10062,0.0
10063,0.0
10064,0.0
10065,0.0
10066,0.0
10067,0.0
10068,0.0
10069,0.0
10070,0.0
10071,0.0
10072,0.0
10073,0.0
10074,0.0
10075,0.0
10076,0.0
10077,0.0
10078,0.0
10079,0.0
10080,0.0
10081,0.0
10082,0.0
10083,0.0
10084,0.0
10085,0.0
10086,0.0
10087,0.0
10088,0.0
10089,0.0
10090,0.0
10091,0.0
10092,0.0
10093,0.0
10094,0.0
10095,0.0
10096,0.0
10097,0.0
10098,0.0
10099,0.0
10100,0.0
10101,0.0
10102,0.0
10103,0.0
10104,0.0
10105,0.0
10106,0.0
10107,0.0
10108,0.0
10109,0.0
10110,0.0
10111,0.0
10112,0.0
10113,0.0
10114,0.0
10115,0.0
10116,0.0
10117,0.0
10118,0.0
10119,0.0
10120,0.0
10121,0.0
10122,0.0
10123,0.0
10124,0.0
10125,0.0
10126,0.0
10127,0.0
10128,0.0
10129,0.0
10130,0.0
10131,0.0
10132,0.0
10133,0.0
10134,0.0
10135,0.0
10136,0.0
10137,0.0
10138,0.0
10139,0.0
10140,0.0
10141,0.0
10142,0.0
10143,0.0
10144,0.0
10145,0.0
10146,0.0
10147,0.0
10148,0.0
10149,0.0
10150,0.0
10151,0.0
10152,0.0
10153,0.0
10154,0.0
10155,0.0
10156,0.0
10157,0.0
10158,0.0
10159,0.0
10160,0.0
10161,0.0
10162,0.0
10163,0.0
10164,0.0
10165,0.0
10166,0.0
10167,0.0
10168,0.0
10169,0.0
10170,0.0
10171,0.0
10172,0.0
10173,0.0
10174,0.0
10175,0.0
10176,0.0
10177,0.0
10178,0.0
10179,0.0
10180,0.0
10181,0.0
10182,0.0
10183,0.0
10184,0.0
10185,0.0
10186,0.0
10187,0.0
10188,0.0
10189,0.0
10190,0.0
10191,0.0
10192,0.0
10193,0.0
10194,0.0
10195,0.0
10196,0.0
10197,0.0
10198,0.0
10199,0.0
10200,0.0
10201,26301.018151320182
10202,26301.018151320182
10203,26301.018151320182
10204,26301.018151320182
10205,26301.018151320182
10206,26301.018151320182
10207,26301.018151320182
10208,26301.018151320182
10209,26301.018151320182
10210,26301.018151320182
10211,26301.018151320182
10212,26301.018151320182
10213,26301.018151320182
10214,26301.018151320182
10215,26301.018151320182
10216,26301.018151320182
10217,26301.018151320182
10218,26301.018151320182
10219,26301.018151320182
10220,26301.018151320182
10221,26301.018151320182
10222,26301.018151320182
10223,26301.018151320182
10224,26301.018151320182
10225,26301.018151320182
10226,26301.018151320182
10227,26301.018151320182
10228,26301.018151320182
10229,26301.018151320182
10230,26301.018151320182
10231,26301.018151320182
10232,26301.018151320182
10233,26301.018151320182
10234,26301.018151320182
10235,26301.018151320182
10236,26301.018151320182
10237,26301.018151320182
10238,26301.018151320182
10239,26301.018151320182
10240,26301.018151320182
10241,26301.018151320182
10242,26301.018151320182
10243,26301.018151320182
10244,26301.018151320182
10245,26301.018151320182
10246,26301.018151320182
10247,26301.018151320182
10248,26301.018151320182
10249,26301.018151320182
10250,26301.018151320182
10251,26301.018151320182
10252,26301.018151320182
10253,26301.018151320182
10254,26301.018151320182
10255,26301.018151320182
10256,26301.018151320182
10257,26301.018151320182
10258,26301.018151320182
10259,26301.018151320182
10260,26301.018151320182
10261,26301.018151320182
10262,26301.018151320182
10263,26301.018151320182
10264,26301.018151320182
10265,26301.018151320182
10266,26301.018151320182
10267,26301.018151320182
10268,26301.018151320182
10269,26301.018151320182
10270,26301.018151320182
10271,26301.018151320182
10272,26301.018151320182
10273,26301.018151320182
10274,26301.018151320182
10275,26301.018151320182
10276,26301.018151320182
10277,26301.018151320182
10278,26301.018151320182
10279,26301.018151320182
10280,26301.018151320182
10281,26301.018151320182
10282,26301.018151320182
10283,26301.018151320182
10284,26301.018151320182
10285,26301.018151320182
10286,26301.018151320182
10287,26301.018151320182
10288,26301.018151320182
10289,26301.018151320182
10290,26301.018151320182
10291,26301.018151320182
10292,26301.018151320182
10293,26301.018151320182
10294,26301.018151320182
10295,26301.018151320182
10296,26301.018151320182
10297,26301.018151320182
10298,26301.018151320182
10299,26301.018151320182
10300,26301.018151320182
10301,26301.018151320182
10302,26301.018151320182
10303,26301.018151320182
10304,26301.018151320182
10305,26301.018151320182
10306,26301.018151320182
10307,26301.018151320182
10308,26301.018151320182
10309,26301.018151320182
10310,26301.018151320182
10311,26301.018151320182
10312,26301.018151320182
10313,26301.018151320182
10314,26301.018151320182
10315,26301.018151320182
10316,26301.018151320182
10317,26301.018151320182
10318,26301.018151320182
10319,26301.018151320182
10320,26301.018151320182
10321,26301.018151320182
10322,26301.018151320182
10323,26301.018151320182
10324,26301.018151320182
10325,26301.018151320182
10326,26301.018151320182
10327,26301.018151320182
10328,26301.018151320182
10329,26301.018151320182
10330,26301.018151320182
10331,26301.018151320182
10332,26301.018151320182
10333,26301.018151320182
10334,26301.018151320182
10335,26301.018151320182
10336,26301.018151320182
10337,26301.018151320182
10338,26301.018151320182
10339,26301.018151320182
10340,26301.018151320182
10341,26301.018151320182
10342,26301.018151320182
10343,26301.018151320182
10344,26301.018151320182
10345,26301.018151320182
10346,26301.018151320182
10347,26301.018151320182
10348,26301.018151320182
10349,26301.018151320182
10350,26301.018151320182
10351,88158.23849339207
10352,88158.23849339207
10353,88158.23849339207
10354,88158.23849339207
10355,88158.23849339207
10356,88158.23849339207
10357,88158.23849339207
10358,88158.23849339207
10359,88158.23849339207
10360,88158.23849339207
10361,88158.23849339207
10362,88158.23849339207
10363,88158.23849339207
10364,88158.23849339207
10365,88158.23849339207
10366,88158.23849339207
10367,88158.23849339207
10368,88158.23849339207
10369,88158.23849339207
10370,88158.23849339207
10371,88158.23849339207
10372,88158.23849339207
10373,88158.23849339207
10374,88158.23849339207
10375,88158.23849339207
10376,88158.23849339207
10377,88158.23849339207
10378,88158.23849339207
10379,88158.23849339207
10380,88158.23849339207
10381,88158.23849339207
10382,88158.23849339207
10383,88158.23849339207
10384,88158.23849339207
10385,88158.23849339207
10386,88158.23849339207
10387,88158.23849339207
10388,88158.23849339207
10389,88158.23849339207
10390,88158.23849339207
10391,88158.23849339207
10392,88158.23849339207
10393,88158.23849339207
10394,88158.23849339207
10395,88158.23849339207
10396,88158.23849339207
10397,88158.23849339207
10398,88158.23849339207
10399,88158.23849339207
10400,88158.23849339207
10401,88158.23849339207
10402,88158.23849339207
10403,88158.23849339207
10404,88158.23849339207
10405,88158.23849339207
10406,88158.23849339207
10407,88158.23849339207
10408,88158.23849339207
10409,88158.23849339207
10410,88158.23849339207
10411,88158.23849339207
10412,88158.23849339207
10413,88158.23849339207
10414,88158.23849339207
10415,88158.23849339207
10416,88158.23849339207
10417,88158.23849339207
10418,88158.23849339207
10419,88158.23849339207
10420,88158.23849339207
10421,88158.23849339207
10422,88158.23849339207
10423,88158.23849339207
10424,88158.23849339207
10425,88158.23849339207
10426,88158.23849339207
10427,88158.23849339207
10428,88158.23849339207
10429,88158.23849339207
10430,88158.23849339207
10431,88158.23849339207
10432,88158.23849339207
10433,88158.23849339207
10434,88158.23849339207
10435,88158.23849339207
10436,88158.23849339207
10437,88158.23849339207
10438,88158.23849339207
10439,88158.23849339207
10440,88158.23849339207
10441,88158.23849339207
10442,88158.23849339207
10443,88158.23849339207
10444,88158.23849339207
10445,88158.23849339207
10446,88158.23849339207
10447,88158.23849339207
10448,88158.23849339207
10449,88158.23849339207
10450,88158.23849339207
10451,88158.23849339207
10452,88158.23849339207
10453,88158.23849339207
10454,88158.23849339207
10455,88158.23849339207
10456,88158.23849339207
10457,88158.23849339207
10458,88158.23849339207
10459,88158.23849339207
10460,88158.23849339207
10461,88158.23849339207
10462,88158.23849339207
10463,88158.23849339207
10464,88158.23849339207
10465,88158.23849339207
10466,88158.23849339207
10467,88158.23849339207
10468,88158.23849339207
10469,88158.23849339207
10470,88158.23849339207
10471,88158.23849339207
10472,88158.23849339207
10473,88158.23849339207
10474,88158.23849339207
10475,88158.23849339207
10476,88158.23849339207
10477,88158.23849339207
10478,88158.23849339207
10479,88158.23849339207
10480,88158.23849339207
10481,88158.23849339207
10482,88158.23849339207
10483,88158.23849339207
10484,88158.23849339207
10485,88158.23849339207
10486,88158.23849339207
10487,88158.23849339207
10488,88158.23849339207
10489,88158.23849339207
10490,88158.23849339207
10491,88158.23849339207
10492,88158.23849339207
10493,88158.23849339207
10494,88158.23849339207
10495,88158.23849339207
10496,88158.23849339207
10497,88158.23849339207
10498,88158.23849339207
10499,88158.23849339207
10500,88158.23849339207
10501,0.0
10502,0.0
10503,0.0
10504,0.0
10505,0.0
10506,0.0
10507,0.0
10508,0.0
10509,0.0
10510,0.0
10511,0.0
10512,0.0
10513,0.0
10514,0.0
10515,0.0
10516,0.0
10517,0.0
10518,0.0
10519,0.0
10520,0.0
10521,0.0
10522,0.0
10523,0.0
10524,0.0
10525,0.0
10526,0.0
10527,0.0
10528,0.0
10529,0.0
10530,0.0
10531,0.0
10532,0.0
10533,0.0
10534,0.0
10535,0.0
10536,0.0
10537,0.0
10538,0.0
10539,0.0
10540,0.0
10541,0.0
10542,0.0
10543,0.0
10544,0.0
10545,0.0
10546,0.0
10547,0.0
10548,0.0
10549,0.0
10550,0.0
10551,0.0
10552,0.0
10553,0.0
10554,0.0
10555,0.0
10556,0.0
10557,0.0
10558,0.0
10559,0.0
10560,0.0
10561,0.0
10562,0.0
10563,0.0
10564,0.0
10565,0.0
10566,0.0
10567,0.0
10568,0.0
10569,0.0
10570,0.0
10571,0.0
10572,0.0
10573,0.0
10574,0.0
10575,0.0
10576,0.0
10577,0.0
10578,0.0
10579,0.0
10580,0.0
10581,0.0
10582,0.0
10583,0.0
10584,0.0
10585,0.0
10586,0.0
10587,0.0
10588,0.0
10589,0.0
10590,0.0
10591,0.0
10592,0.0
10593,0.0
10594,0.0
10595,0.0
10596,0.0
10597,0.0
10598,0.0
10599,0.0
10600,0.0
10601,0.0
10602,0.0
10603,0.0
10604,0.0
10605,0.0
10606,0.0
10607,0.0
10608,0.0
10609,0.0
10610,0.0
10611,0.0
10612,0.0
10613,0.0
10614,0.0
10615,0.0
10616,0.0
10617,0.0
10618,0.0
10619,0.0
10620,0.0
10621,0.0
10622,0.0
10623,0.0
10624,0.0
10625,0.0
10626,0.0
10627,0.0
10628,0.0
10629,0.0
10630,0.0
10631,0.0
10632,0.0
10633,0.0
10634,0.0
10635,0.0
10636,0.0
10637,0.0
10638,0.0
10639,0.0
10640,0.0
10641,0.0
10642,0.0
10643,0.0
10644,0.0
10645,0.0
10646,0.0
10647,0.0
10648,0.0
10649,0.0
10650,0.0
10651,380799.7470477037
10652,380799.7470477037
10653,380799.7470477037
10654,380799.7470477037
10655,380799.7470477037
10656,380799.7470477037
10657,380799.7470477037
10658,380799.7470477037
10659,380799.7470477037
10660,380799.7470477037
10661,380799.7470477037
10662,380799.7470477037
10663,380799.7470477037
10664,380799.7470477037
10665,380799.7470477037
10666,380799.7470477037
10667,380799.7470477037
10668,380799.7470477037
10669,380799.7470477037
10670,380799.7470477037
10671,380799.7470477037
10672,380799.7470477037
10673,380799.7470477037
10674,380799.7470477037
10675,380799.7470477037
10676,380799.7470477037
10677,380799.7470477037
10678,380799.7470477037
10679,380799.7470477037
10680,380799.7470477037
10681,380799.7470477037
10682,380799.7470477037
10683,380799.7470477037
10684,380799.7470477037
10685,380799.7470477037
10686,380799.7470477037
10687,380799.7470477037
10688,380799.7470477037
10689,380799.7470477037
10690,380799.7470477037
10691,380799.7470477037
10692,380799.7470477037
10693,380799.7470477037
10694,380799.7470477037
10695,380799.7470477037
10696,380799.7470477037
10697,380799.7470477037
10698,380799.7470477037
10699,380799.7470477037
10700,380799.7470477037
10701,380799.7470477037
10702,380799.7470477037
10703,380799.7470477037
10704,380799.7470477037
10705,380799.7470477037
10706,380799.7470477037
10707,380799.7470477037
10708,380799.7470477037
10709,380799.7470477037
10710,380799.7470477037
10711,380799.7470477037
10712,380799.7470477037
10713,380799.7470477037
10714,380799.7470477037
10715,380799.7470477037
10716,380799.7470477037
10717,380799.7470477037
10718,380799.7470477037
10719,380799.7470477037
10720,380799.7470477037
10721,380799.7470477037
10722,380799.7470477037
10723,380799.7470477037
10724,380799.7470477037
10725,380799.7470477037
10726,380799.7470477037
10727,380799.7470477037
10728,380799.7470477037
10729,380799.7470477037
10730,380799.7470477037
10731,380799.7470477037
10732,380799.7470477037
10733,380799.7470477037
10734,380799.7470477037
10735,380799.7470477037
10736,380799.7470477037
10737,380799.7470477037
10738,380799.7470477037
10739,380799.7470477037
10740,380799.7470477037
10741,380799.7470477037
10742,380799.7470477037
10743,380799.7470477037
10744,380799.7470477037
10745,380799.7470477037
10746,380799.7470477037
10747,380799.7470477037
10748,380799.7470477037
10749,380799.7470477037
10750,380799.7470477037
10751,380799.7470477037
10752,380799.7470477037
10753,380799.7470477037
10754,380799.7470477037
10755,380799.7470477037
10756,380799.7470477037
10757,380799.7470477037
10758,380799.7470477037
10759,380799.7470477037
10760,380799.7470477037
10761,380799.7470477037
10762,380799.7470477037
10763,380799.7470477037
10764,380799.7470477037
10765,380799.7470477037
10766,380799.7470477037
10767,380799.7470477037
10768,380799.7470477037
10769,380799.7470477037
10770,380799.7470477037
10771,380799.7470477037
10772,380799.7470477037
10773,380799.7470477037
10774,380799.7470477037
10775,380799.7470477037
10776,380799.7470477037
10777,380799.7470477037
10778,380799.7470477037
10779,380799.7470477037
10780,380799.7470477037
10781,380799.7470477037
10782,380799.7470477037
10783,380799.7470477037
10784,380799.7470477037
10785,380799.7470477037
10786,380799.7470477037
10787,380799.7470477037
10788,380799.7470477037
10789,380799.7470477037
10790,380799.7470477037
10791,380799.7470477037
10792,380799.7470477037
10793,380799.7470477037
10794,380799.7470477037
10795,380799.7470477037
10796,380799.7470477037
10797,380799.7470477037
10798,380799.7470477037
10799,380799.7470477037
10800,380799.7470477037
10801,0.0
10802,0.0
10803,0.0
10804,0.0
10805,0.0
10806,0.0
10807,0.0
10808,0.0
10809,0.0
10810,0.0
10811,0.0
10812,0.0
10813,0.0
10814,0.0
10815,0.0
10816,0.0
10817,0.0
10818,0.0
10819,0.0
10820,0.0
10821,0.0
10822,0.0
10823,0.0
10824,0.0
10825,0.0
10826,0.0
10827,0.0
10828,0.0
10829,0.0
10830,0.0
10831,0.0
10832,0.0
10833,0.0
10834,0.0
10835,0.0
10836,0.0
10837,0.0
10838,0.0
10839,0.0
10840,0.0
10841,0.0
10842,0.0
10843,0.0
10844,0.0
10845,0.0
10846,0.0
10847,0.0
10848,0.0
10849,0.0
10850,0.0
10851,0.0
10852,0.0
10853,0.0
10854,0.0
10855,0.0
10856,0.0
10857,0.0
10858,0.0
10859,0.0
10860,0.0
10861,0.0
10862,0.0
10863,0.0
10864,0.0
10865,0.0
10866,0.0
10867,0.0
10868,0.0
10869,0.0
10870,0.0
10871,0.0
10872,0.0
10873,0.0
10874,0.0
10875,0.0
10876,0.0
10877,0.0
10878,0.0
10879,0.0
10880,0.0
10881,0.0
10882,0.0
10883,0.0
10884,0.0
10885,0.0
10886,0.0
10887,0.0
10888,0.0
10889,0.0
10890,0.0
10891,0.0
10892,0.0
10893,0.0
10894,0.0
10895,0.0
10896,0.0
10897,0.0
10898,0.0
10899,0.0
10900,0.0
10901,0.0
10902,0.0
10903,0.0
10904,0.0
10905,0.0
10906,0.0
10907,0.0
10908,0.0
10909,0.0
10910,0.0
10911,0.0
10912,0.0
10913,0.0
10914,0.0
10915,0.0
10916,0.0
10917,0.0
10918,0.0
10919,0.0
10920,0.0
10921,0.0
10922,0.0
10923,0.0
10924,0.0
10925,0.0
10926,0.0
10927,0.0
10928,0.0
10929,0.0
10930,0.0
10931,0.0
10932,0.0
10933,0.0
10934,0.0
10935,0.0
10936,0.0
10937,0.0
10938,0.0
10939,0.0
10940,0.0
10941,0.0
10942,0.0
10943,0.0
10944,0.0
10945,0.0
10946,0.0
10947,0.0
10948,0.0
10949,0.0
10950,0.0
10951,76402.675078644
10952,76402.675078644
10953,76402.675078644
10954,76402.675078644
10955,76402.675078644
10956,76402.675078644
10957,76402.675078644
10958,76402.675078644
10959,76402.675078644
10960,76402.675078644
10961,76402.675078644
10962,76402.675078644
10963,76402.675078644
10964,76402.675078644
10965,76402.675078644
10966,76402.675078644
10967,76402.675078644
10968,76402.675078644
10969,76402.675078644
10970,76402.675078644
10971,76402.675078644
10972,76402.675078644
10973,76402.675078644
10974,76402.675078644
10975,76402.675078644
10976,76402.675078644
10977,76402.675078644
10978,76402.675078644
10979,76402.675078644
10980,76402.675078644
10981,76402.675078644
10982,76402.675078644
10983,76402.675078644
10984,76402.675078644
10985,76402.675078644
10986,76402.675078644
10987,76402.675078644
10988,76402.675078644
10989,76402.675078644
10990,76402.675078644
10991,76402.675078644
10992,76402.675078644
10993,76402.675078644
10994,76402.675078644
10995,76402.675078644
10996,76402.675078644
10997,76402.675078644
10998,76402.675078644
10999,76402.675078644
11000,76402.675078644
11001,76402.675078644
11002,76402.675078644
11003,76402.675078644
11004,76402.675078644
11005,76402.675078644
11006,76402.675078644
11007,76402.675078644
11008,76402.675078644
11009,76402.675078644
11010,76402.675078644
11011,76402.675078644
11012,76402.675078644
11013,76402.675078644
11014,76402.675078644
11015,76402.675078644
11016,76402.675078644
11017,76402.675078644
11018,76402.675078644
11019,76402.675078644
11020,76402.675078644
11021,76402.675078644
11022,76402.675078644
11023,76402.675078644
11024,76402.675078644
11025,76402.675078644
11026,76402.675078644
11027,76402.675078644
11028,76402.675078644
11029,76402.675078644
11030,76402.675078644
11031,76402.675078644
11032,76402.675078644
11033,76402.675078644
11034,76402.675078644
11035,76402.675078644
11036,76402.675078644
11037,76402.675078644
11038,76402.675078644
11039,76402.675078644
11040,76402.675078644
11041,76402.675078644
11042,76402.675078644
11043,76402.675078644
11044,76402.675078644
11045,76402.675078644
11046,76402.675078644
11047,76402.675078644
11048,76402.675078644
11049,76402.675078644
11050,76402.675078644
11051,76402.675078644
11052,76402.675078644
11053,76402.675078644
11054,76402.675078644
11055,76402.675078644
11056,76402.675078644
11057,76402.675078644
11058,76402.675078644
11059,76402.675078644
11060,76402.675078644
11061,76402.675078644
11062,76402.675078644
11063,76402.675078644
11064,76402.675078644
11065,76402.675078644
11066,76402.675078644
11067,76402.675078644
11068,76402.675078644
11069,76402.675078644
11070,76402.675078644
11071,76402.675078644
11072,76402.675078644
11073,76402.675078644
11074,76402.675078644
11075,76402.675078644
11076,76402.675078644
11077,76402.675078644
11078,76402.675078644
11079,76402.675078644
11080,76402.675078644
11081,76402.675078644
11082,76402.675078644
11083,76402.675078644
11084,76402.675078644
11085,76402.675078644
11086,76402.675078644
11087,76402.675078644
11088,76402.675078644
11089,76402.675078644
11090,76402.675078644
11091,76402.675078644
11092,76402.675078644
11093,76402.675078644
11094,76402.675078644
11095,76402.675078644
11096,76402.675078644
11097,76402.675078644
11098,76402.675078644
11099,76402.675078644
11100,76402.675078644
11101,185699.9595160756
11102,185699.9595160756
11103,185699.9595160756
11104,185699.9595160756
11105,185699.9595160756
11106,185699.9595160756
11107,185699.9595160756
11108,185699.9595160756
11109,185699.9595160756
11110,185699.9595160756
11111,185699.9595160756
11112,185699.9595160756
11113,185699.9595160756
11114,185699.9595160756
11115,185699.9595160756
11116,185699.9595160756
11117,185699.9595160756
11118,185699.9595160756
11119,185699.9595160756
11120,185699.9595160756
11121,185699.9595160756
11122,185699.9595160756
11123,185699.9595160756
11124,185699.9595160756
11125,185699.9595160756
11126,185699.9595160756
11127,185699.9595160756
11128,185699.9595160756
11129,185699.9595160756
11130,185699.9595160756
11131,185699.9595160756
11132,185699.9595160756
11133,185699.9595160756
11134,185699.9595160756
11135,185699.9595160756
11136,185699.9595160756
11137,185699.9595160756
11138,185699.9595160756
11139,185699.9595160756
11140,185699.9595160756
11141,185699.9595160756
11142,185699.9595160756
11143,185699.9595160756
11144,185699.9595160756
11145,185699.9595160756
11146,185699.9595160756
11147,185699.9595160756
11148,185699.9595160756
11149,185699.9595160756
11150,185699.9595160756
11151,185699.9595160756
11152,185699.9595160756
11153,185699.9595160756
11154,185699.9595160756
11155,185699.9595160756
11156,185699.9595160756
11157,185699.9595160756
11158,185699.9595160756
11159,185699.9595160756
11160,185699.9595160756
11161,185699.9595160756
11162,185699.9595160756
11163,185699.9595160756
11164,185699.9595160756
11165,185699.9595160756
11166,185699.9595160756
11167,185699.9595160756
11168,185699.9595160756
11169,185699.9595160756
11170,185699.9595160756
11171,185699.9595160756
11172,185699.9595160756
11173,185699.9595160756
11174,185699.9595160756
11175,185699.9595160756
11176,185699.9595160756
11177,185699.9595160756
11178,185699.9595160756
11179,185699.9595160756
11180,185699.9595160756
11181,185699.9595160756
11182,185699.9595160756
11183,185699.9595160756
11184,185699.9595160756
11185,185699.9595160756
11186,185699.9595160756
11187,185699.9595160756
11188,185699.9595160756
11189,185699.9595160756
11190,185699.9595160756
11191,185699.9595160756
11192,185699.9595160756
11193,185699.9595160756
11194,185699.9595160756
11195,185699.9595160756
11196,185699.9595160756
11197,185699.9595160756
11198,185699.9595160756
11199,185699.9595160756
11200,185699.9595160756
11201,185699.9595160756
11202,185699.9595160756
11203,185699.9595160756
11204,185699.9595160756
11205,185699.9595160756
11206,185699.9595160756
11207,185699.9595160756
11208,185699.9595160756
11209,185699.9595160756
11210,185699.9595160756
11211,185699.9595160756
11212,185699.9595160756
11213,185699.9595160756
11214,185699.9595160756
11215,185699.9595160756
11216,185699.9595160756
11217,185699.9595160756
11218,185699.9595160756
11219,185699.9595160756
11220,185699.9595160756
11221,185699.9595160756
11222,185699.9595160756
11223,185699.9595160756
11224,185699.9595160756
11225,185699.9595160756
11226,185699.9595160756
11227,185699.9595160756
11228,185699.9595160756
11229,185699.9595160756
11230,185699.9595160756
11231,185699.9595160756
11232,185699.9595160756
11233,185699.9595160756
11234,185699.9595160756
11235,185699.9595160756
11236,185699.9595160756
11237,185699.9595160756
11238,185699.9595160756
11239,185699.9595160756
11240,185699.9595160756
11241,185699.9595160756
11242,185699.9595160756
11243,185699.9595160756
11244,185699.9595160756
11245,185699.9595160756
11246,185699.9595160756
11247,185699.9595160756
11248,185699.9595160756
11249,185699.9595160756
11250,185699.9595160756
11251,0.0
11252,0.0
11253,0.0
11254,0.0
11255,0.0
11256,0.0
11257,0.0
11258,0.0
11259,0.0
11260,0.0
11261,0.0
11262,0.0
11263,0.0
11264,0.0
11265,0.0
11266,0.0
11267,0.0
11268,0.0
11269,0.0
11270,0.0
11271,0.0
11272,0.0
11273,0.0
11274,0.0
11275,0.0
11276,0.0
11277,0.0
11278,0.0
11279,0.0
11280,0.0
11281,0.0
11282,0.0
11283,0.0
11284,0.0
11285,0.0
11286,0.0
11287,0.0
11288,0.0
11289,0.0
11290,0.0
11291,0.0
11292,0.0
11293,0.0
11294,0.0
11295,0.0
11296,0.0
11297,0.0
11298,0.0
11299,0.0
11300,0.0
11301,0.0
11302,0.0
11303,0.0
11304,0.0
11305,0.0
11306,0.0
11307,0.0
11308,0.0
11309,0.0
11310,0.0
11311,0.0
11312,0.0
11313,0.0
11314,0.0
11315,0.0
11316,0.0
11317,0.0
11318,0.0
11319,0.0
11320,0.0
11321,0.0
11322,0.0
11323,0.0
11324,0.0
11325,0.0
11326,0.0
11327,0.0
11328,0.0
11329,0.0
11330,0.0
11331,0.0
11332,0.0
11333,0.0
11334,0.0
11335,0.0
11336,0.0
11337,0.0
11338,0.0
11339,0.0
11340,0.0
11341,0.0
11342,0.0
11343,0.0
11344,0.0
11345,0.0
11346,0.0
11347,0.0
11348,0.0
11349,0.0
11350,0.0
11351,0.0
11352,0.0
11353,0.0
11354,0.0
11355,0.0
11356,0.0
11357,0.0
11358,0.0
11359,0.0
11360,0.0
11361,0.0
11362,0.0
11363,0.0
11364,0.0
11365,0.0
11366,0.0
11367,0.0
11368,0.0
11369,0.0
11370,0.0
11371,0.0
11372,0.0
11373,0.0
11374,0.0
11375,0.0
11376,0.0
11377,0.0
11378,0.0
11379,0.0
11380,0.0
11381,0.0
11382,0.0
11383,0.0
11384,0.0
11385,0.0
11386,0.0
11387,0.0
11388,0.0
11389,0.0
11390,0.0
11391,0.0
11392,0.0
11393,0.0
11394,0.0
11395,0.0
11396,0.0
11397,0.0
11398,0.0
11399,0.0
11400,0.0
11401,4215115.364249093
11402,4215115.364249093
11403,4215115.364249093
11404,4215115.364249093
11405,4215115.364249093
11406,4215115.364249093
11407,4215115.364249093
11408,4215115.364249093
11409,4215115.364249093
11410,4215115.364249093
11411,4215115.364249093
11412,4215115.364249093
11413,4215115.364249093
11414,4215115.364249093
11415,4215115.364249093
11416,4215115.364249093
11417,4215115.364249093
11418,4215115.364249093
11419,4215115.364249093
11420,4215115.364249093
11421,4215115.364249093
11422,4215115.364249093
11423,4215115.364249093
11424,4215115.364249093
11425,4215115.364249093
11426,4215115.364249093
11427,4215115.364249093
11428,4215115.364249093
11429,4215115.364249093
11430,4215115.364249093
11431,4215115.364249093
11432,4215115.364249093
11433,4215115.364249093
11434,4215115.364249093
11435,4215115.364249093
11436,4215115.364249093
11437,4215115.364249093
11438,4215115.364249093
11439,4215115.364249093
11440,4215115.364249093
11441,4215115.364249093
11442,4215115.364249093
11443,4215115.364249093
11444,4215115.364249093
11445,4215115.364249093
11446,4215115.364249093
11447,4215115.364249093
11448,4215115.364249093
11449,4215115.364249093
11450,4215115.364249093
11451,4215115.364249093
11452,4215115.364249093
11453,4215115.364249093
11454,4215115.364249093
11455,4215115.364249093
11456,4215115.364249093
11457,4215115.364249093
11458,4215115.364249093
11459,4215115.364249093
11460,4215115.364249093
11461,4215115.364249093
11462,4215115.364249093
11463,4215115.364249093
11464,4215115.364249093
11465,4215115.364249093
11466,4215115.364249093
11467,4215115.364249093
11468,4215115.364249093
11469,4215115.364249093
11470,4215115.364249093
11471,4215115.364249093
11472,4215115.364249093
11473,4215115.364249093
11474,4215115.364249093
11475,4215115.364249093
11476,4215115.364249093
11477,4215115.364249093
11478,4215115.364249093
11479,4215115.364249093
11480,4215115.364249093
11481,4215115.364249093
11482,4215115.364249093
11483,4215115.364249093
11484,4215115.364249093
11485,4215115.364249093
11486,4215115.364249093
11487,4215115.364249093
11488,4215115.364249093
11489,4215115.364249093
11490,4215115.364249093
11491,4215115.364249093
11492,4215115.364249093
11493,4215115.364249093
11494,4215115.364249093
11495,4215115.364249093
11496,4215115.364249093
11497,4215115.364249093
11498,4215115.364249093
11499,4215115.364249093
11500,4215115.364249093
11501,4215115.364249093
11502,4215115.364249093
11503,4215115.364249093
11504,4215115.364249093
11505,4215115.364249093
11506,4215115.364249093
11507,4215115.364249093
11508,4215115.364249093
11509,4215115.364249093
11510,4215115.364249093
11511,4215115.364249093
11512,4215115.364249093
11513,4215115.364249093
11514,4215115.364249093
11515,4215115.364249093
11516,4215115.364249093
11517,4215115.364249093
11518,4215115.364249093
11519,4215115.364249093
11520,4215115.364249093
11521,4215115.364249093
11522,4215115.364249093
11523,4215115.364249093
11524,4215115.364249093
11525,4215115.364249093
11526,4215115.364249093
11527,4215115.364249093
11528,4215115.364249093
11529,4215115.364249093
11530,4215115.364249093
11531,4215115.364249093
11532,4215115.364249093
11533,4215115.364249093
11534,4215115.364249093
11535,4215115.364249093
11536,4215115.364249093
11537,4215115.364249093
11538,4215115.364249093
11539,4215115.364249093
11540,4215115.364249093
11541,4215115.364249093
11542,4215115.364249093
11543,4215115.364249093
11544,4215115.364249093
11545,4215115.364249093
11546,4215115.364249093
11547,4215115.364249093
11548,4215115.364249093
11549,4215115.364249093
11550,4215115.364249093
11551,47214.53012378111
11552,47214.53012378111
11553,47214.53012378111
11554,47214.53012378111
11555,47214.53012378111
11556,47214.53012378111
11557,47214.53012378111
11558,47214.53012378111
11559,47214.53012378111
11560,47214.53012378111
11561,47214.53012378111
11562,47214.53012378111
11563,47214.53012378111
11564,47214.53012378111
11565,47214.53012378111
11566,47214.53012378111
11567,47214.53012378111
11568,47214.53012378111
11569,47214.53012378111
11570,47214.53012378111
11571,47214.53012378111
11572,47214.53012378111
11573,47214.53012378111
11574,47214.53012378111
11575,47214.53012378111
11576,47214.53012378111
11577,47214.53012378111
11578,47214.53012378111
11579,47214.53012378111
11580,47214.53012378111
11581,47214.53012378111
11582,47214.53012378111
11583,47214.53012378111
11584,47214.53012378111
11585,47214.53012378111
11586,47214.53012378111
11587,47214.53012378111
11588,47214.53012378111
11589,47214.53012378111
11590,47214.53012378111
11591,47214.53012378111
11592,47214.53012378111
11593,47214.53012378111
11594,47214.53012378111
11595,47214.53012378111
11596,47214.53012378111
11597,47214.53012378111
11598,47214.53012378111
11599,47214.53012378111
11600,47214.53012378111
11601,47214.53012378111
11602,47214.53012378111
11603,47214.53012378111
11604,47214.53012378111
11605,47214.53012378111
11606,47214.53012378111
11607,47214.53012378111
11608,47214.53012378111
11609,47214.53012378111
11610,47214.53012378111
11611,47214.53012378111
11612,47214.53012378111
11613,47214.53012378111
11614,47214.53012378111
11615,47214.53012378111
11616,47214.53012378111
11617,47214.53012378111
11618,47214.53012378111
11619,47214.53012378111
11620,47214.53012378111
11621,47214.53012378111
11622,47214.53012378111
11623,47214.53012378111
11624,47214.53012378111
11625,47214.53012378111
11626,47214.53012378111
11627,47214.53012378111
11628,47214.53012378111
11629,47214.53012378111
11630,47214.53012378111
11631,47214.53012378111
11632,47214.53012378111
11633,47214.53012378111
11634,47214.53012378111
11635,47214.53012378111
11636,47214.53012378111
11637,47214.53012378111
11638,47214.53012378111
11639,47214.53012378111
11640,47214.53012378111
11641,47214.53012378111
11642,47214.53012378111
11643,47214.53012378111
11644,47214.53012378111
11645,47214.53012378111
11646,47214.53012378111
11647,47214.53012378111
11648,47214.53012378111
11649,47214.53012378111
11650,47214.53012378111
11651,47214.53012378111
11652,47214.53012378111
11653,47214.53012378111
11654,47214.53012378111
11655,47214.53012378111
11656,47214.53012378111
11657,47214.53012378111
11658,47214.53012378111
11659,47214.53012378111
11660,47214.53012378111
11661,47214.53012378111
11662,47214.53012378111
11663,47214.53012378111
11664,47214.53012378111
11665,47214.53012378111
11666,47214.53012378111
11667,47214.53012378111
11668,47214.53012378111
11669,47214.53012378111
11670,47214.53012378111
11671,47214.53012378111
11672,47214.53012378111
11673,47214.53012378111
11674,47214.53012378111
11675,47214.53012378111
11676,47214.53012378111
11677,47214.53012378111
11678,47214.53012378111
11679,47214.53012378111
11680,47214.53012378111
11681,47214.53012378111
11682,47214.53012378111
11683,47214.53012378111
11684,47214.53012378111
11685,47214.53012378111
11686,47214.53012378111
11687,47214.53012378111
11688,47214.53012378111
11689,47214.53012378111
11690,47214.53012378111
11691,47214.53012378111
11692,47214.53012378111
11693,47214.53012378111
11694,47214.53012378111
11695,47214.53012378111
11696,47214.53012378111
11697,47214.53012378111
11698,47214.53012378111
11699,47214.53012378111
11700,47214.53012378111
11701,0.0
11702,0.0
11703,0.0
11704,0.0
11705,0.0
11706,0.0
11707,0.0
11708,0.0
11709,0.0
11710,0.0
11711,0.0
11712,0.0
11713,0.0
11714,0.0
11715,0.0
11716,0.0
11717,0.0
11718,0.0
11719,0.0
11720,0.0
11721,0.0
11722,0.0
11723,0.0
11724,0.0
11725,0.0
11726,0.0
11727,0.0
11728,0.0
11729,0.0
11730,0.0
11731,0.0
11732,0.0
11733,0.0
11734,0.0
11735,0.0
11736,0.0
11737,0.0
11738,0.0
11739,0.0
11740,0.0
11741,0.0
11742,0.0
11743,0.0
11744,0.0
11745,0.0
11746,0.0
11747,0.0
11748,0.0
11749,0.0
11750,0.0
11751,0.0
11752,0.0
11753,0.0
11754,0.0
11755,0.0
11756,0.0
11757,0.0
11758,0.0
11759,0.0
11760,0.0
11761,0.0
11762,0.0
11763,0.0
11764,0.0
11765,0.0
11766,0.0
11767,0.0
11768,0.0
11769,0.0
11770,0.0
11771,0.0
11772,0.0
11773,0.0
11774,0.0
11775,0.0
11776,0.0
11777,0.0
11778,0.0
11779,0.0
11780,0.0
11781,0.0
11782,0.0
11783,0.0
11784,0.0
11785,0.0
11786,0.0
11787,0.0
11788,0.0
11789,0.0
11790,0.0
11791,0.0
11792,0.0
11793,0.0
11794,0.0
11795,0.0
11796,0.0
11797,0.0
11798,0.0
11799,0.0
11800,0.0
11801,0.0
11802,0.0
11803,0.0
11804,0.0
11805,0.0
11806,0.0
11807,0.0
11808,0.0
11809,0.0
11810,0.0
11811,0.0
11812,0.0
11813,0.0
11814,0.0
11815,0.0
11816,0.0
11817,0.0
11818,0.0
11819,0.0
11820,0.0
11821,0.0
11822,0.0
11823,0.0
11824,0.0
11825,0.0
11826,0.0
11827,0.0
11828,0.0
11829,0.0
11830,0.0
11831,0.0
11832,0.0
11833,0.0
11834,0.0
11835,0.0
11836,0.0
11837,0.0
11838,0.0
11839,0.0
11840,0.0
11841,0.0
11842,0.0
11843,0.0
11844,0.0
11845,0.0
11846,0.0
11847,0.0
11848,0.0
11849,0.0
11850,0.0
11851,0.0
11852,0.0
11853,0.0
11854,0.0
11855,0.0
11856,0.0
11857,0.0
11858,0.0
11859,0.0
11860,0.0
11861,0.0
11862,0.0
11863,0.0
11864,0.0
11865,0.0
11866,0.0
11867,0.0
11868,0.0
11869,0.0
11870,0.0
11871,0.0
11872,0.0
11873,0.0
11874,0.0
11875,0.0
11876,0.0
11877,0.0
11878,0.0
11879,0.0
11880,0.0
11881,0.0
11882,0.0
11883,0.0
11884,0.0
11885,0.0
11886,0.0
11887,0.0
11888,0.0
11889,0.0
11890,0.0
11891,0.0
11892,0.0
11893,0.0
11894,0.0
11895,0.0
11896,0.0
11897,0.0
11898,0.0
11899,0.0
11900,0.0
11901,0.0
11902,0.0
11903,0.0
11904,0.0
11905,0.0
11906,0.0
11907,0.0
11908,0.0
11909,0.0
11910,0.0
11911,0.0
11912,0.0
11913,0.0
11914,0.0
11915,0.0
11916,0.0
11917,0.0
11918,0.0
11919,0.0
11920,0.0
11921,0.0
11922,0.0
11923,0.0
11924,0.0
11925,0.0
11926,0.0
11927,0.0
11928,0.0
11929,0.0
11930,0.0
11931,0.0
11932,0.0
11933,0.0
11934,0.0
11935,0.0
11936,0.0
11937,0.0
11938,0.0
11939,0.0
11940,0.0
11941,0.0
11942,0.0
11943,0.0
11944,0.0
11945,0.0
11946,0.0
11947,0.0
11948,0.0
11949,0.0
11950,0.0
11951,0.0
11952,0.0
11953,0.0
11954,0.0
11955,0.0
11956,0.0
11957,0.0
11958,0.0
11959,0.0
11960,0.0
11961,0.0
11962,0.0
11963,0.0
11964,0.0
11965,0.0
11966,0.0
11967,0.0
11968,0.0
11969,0.0
11970,0.0
11971,0.0
11972,0.0
11973,0.0
11974,0.0
11975,0.0
11976,0.0
11977,0.0
11978,0.0
11979,0.0
11980,0.0
11981,0.0
11982,0.0
11983,0.0
11984,0.0
11985,0.0
11986,0.0
11987,0.0
11988,0.0
11989,0.0
11990,0.0
11991,0.0
11992,0.0
11993,0.0
11994,0.0
11995,0.0
11996,0.0
11997,0.0
11998,0.0
11999,0.0
12000,0.0
12001,0.0
12002,0.0
12003,0.0
12004,0.0
12005,0.0
12006,0.0
12007,0.0
12008,0.0
12009,0.0
12010,0.0
12011,0.0
12012,0.0
12013,0.0
12014,0.0
12015,0.0
12016,0.0
12017,0.0
12018,0.0
12019,0.0
12020,0.0
12021,0.0
12022,0.0
12023,0.0
12024,0.0
12025,0.0
12026,0.0
12027,0.0
12028,0.0
12029,0.0
12030,0.0
12031,0.0
12032,0.0
12033,0.0
12034,0.0
12035,0.0
12036,0.0
12037,0.0
12038,0.0
12039,0.0
12040,0.0
12041,0.0
12042,0.0
12043,0.0
12044,0.0
12045,0.0
12046,0.0
12047,0.0
12048,0.0
12049,0.0
12050,0.0
12051,0.0
12052,0.0
12053,0.0
12054,0.0
12055,0.0
12056,0.0
12057,0.0
12058,0.0
12059,0.0
12060,0.0
12061,0.0
12062,0.0
12063,0.0
12064,0.0
12065,0.0
12066,0.0
12067,0.0
12068,0.0
12069,0.0
12070,0.0
12071,0.0
12072,0.0
12073,0.0
12074,0.0
12075,0.0
12076,0.0
12077,0.0
12078,0.0
12079,0.0
12080,0.0
12081,0.0
12082,0.0
12083,0.0
12084,0.0
12085,0.0
12086,0.0
12087,0.0
12088,0.0
12089,0.0
12090,0.0
12091,0.0
12092,0.0
12093,0.0
12094,0.0
12095,0.0
12096,0.0
12097,0.0
12098,0.0
12099,0.0
12100,0.0
12101,0.0
12102,0.0
12103,0.0
12104,0.0
12105,0.0
12106,0.0
12107,0.0
12108,0.0
12109,0.0
12110,0.0
12111,0.0
12112,0.0
12113,0.0
12114,0.0
12115,0.0
12116,0.0
12117,0.0
12118,0.0
12119,0.0
12120,0.0
12121,0.0
12122,0.0
12123,0.0
12124,0.0
12125,0.0
12126,0.0
12127,0.0
12128,0.0
12129,0.0
12130,0.0
12131,0.0
12132,0.0
12133,0.0
12134,0.0
12135,0.0
12136,0.0
12137,0.0
12138,0.0
12139,0.0
12140,0.0
12141,0.0
12142,0.0
12143,0.0
12144,0.0
12145,0.0
12146,0.0
12147,0.0
12148,0.0
12149,0.0
12150,0.0
12151,113988.86075347396
12152,113988.86075347396
12153,113988.86075347396
12154,113988.86075347396
12155,113988.86075347396
12156,113988.86075347396
12157,113988.86075347396
12158,113988.86075347396
12159,113988.86075347396
12160,113988.86075347396
12161,113988.86075347396
12162,113988.86075347396
12163,113988.86075347396
12164,113988.86075347396
12165,113988.86075347396
12166,113988.86075347396
12167,113988.86075347396
12168,113988.86075347396
12169,113988.86075347396
12170,113988.86075347396
12171,113988.86075347396
12172,113988.86075347396
12173,113988.86075347396
12174,113988.86075347396
12175,113988.86075347396
12176,113988.86075347396
12177,113988.86075347396
12178,113988.86075347396
12179,113988.86075347396
12180,113988.86075347396
12181,113988.86075347396
12182,113988.86075347396
12183,113988.86075347396
12184,113988.86075347396
12185,113988.86075347396
12186,113988.86075347396
12187,113988.86075347396
12188,113988.86075347396
12189,113988.86075347396
12190,113988.86075347396
12191,113988.86075347396
12192,113988.86075347396
12193,113988.86075347396
12194,113988.86075347396
12195,113988.86075347396
12196,113988.86075347396
12197,113988.86075347396
12198,113988.86075347396
12199,113988.86075347396
12200,113988.86075347396
12201,113988.86075347396
12202,113988.86075347396
12203,113988.86075347396
12204,113988.86075347396
12205,113988.86075347396
12206,113988.86075347396
12207,113988.86075347396
12208,113988.86075347396
12209,113988.86075347396
12210,113988.86075347396
12211,113988.86075347396
12212,113988.86075347396
12213,113988.86075347396
12214,113988.86075347396
12215,113988.86075347396
12216,113988.86075347396
12217,113988.86075347396
12218,113988.86075347396
12219,113988.86075347396
12220,113988.86075347396
12221,113988.86075347396
12222,113988.86075347396
12223,113988.86075347396
12224,113988.86075347396
12225,113988.86075347396
12226,113988.86075347396
12227,113988.86075347396
12228,113988.86075347396
12229,113988.86075347396
12230,113988.86075347396
12231,113988.86075347396
12232,113988.86075347396
12233,113988.86075347396
12234,113988.86075347396
12235,113988.86075347396
12236,113988.86075347396
12237,113988.86075347396
12238,113988.86075347396
12239,113988.86075347396
12240,113988.86075347396
12241,113988.86075347396
12242,113988.86075347396
12243,113988.86075347396
12244,113988.86075347396
12245,113988.86075347396
12246,113988.86075347396
12247,113988.86075347396
12248,113988.86075347396
12249,113988.86075347396
12250,113988.86075347396
12251,113988.86075347396
12252,113988.86075347396
12253,113988.86075347396
12254,113988.86075347396
12255,113988.86075347396
12256,113988.86075347396
12257,113988.86075347396
12258,113988.86075347396
12259,113988.86075347396
12260,113988.86075347396
12261,113988.86075347396
12262,113988.86075347396
12263,113988.86075347396
12264,113988.86075347396
12265,113988.86075347396
12266,113988.86075347396
12267,113988.86075347396
12268,113988.86075347396
12269,113988.86075347396
12270,113988.86075347396
12271,113988.86075347396
12272,113988.86075347396
12273,113988.86075347396
12274,113988.86075347396
12275,113988.86075347396
12276,113988.86075347396
12277,113988.86075347396
12278,113988.86075347396
12279,113988.86075347396
12280,113988.86075347396
12281,113988.86075347396
12282,113988.86075347396
12283,113988.86075347396
12284,113988.86075347396
12285,113988.86075347396
12286,113988.86075347396
12287,113988.86075347396
12288,113988.86075347396
12289,113988.86075347396
12290,113988.86075347396
12291,113988.86075347396
12292,113988.86075347396
12293,113988.86075347396
12294,113988.86075347396
12295,113988.86075347396
12296,113988.86075347396
12297,113988.86075347396
12298,113988.86075347396
12299,113988.86075347396
12300,113988.86075347396
12301,0.0
12302,0.0
12303,0.0
12304,0.0
12305,0.0
12306,0.0
12307,0.0
12308,0.0
12309,0.0
12310,0.0
12311,0.0
12312,0.0
12313,0.0
12314,0.0
12315,0.0
12316,0.0
12317,0.0
12318,0.0
12319,0.0
12320,0.0
12321,0.0
12322,0.0
12323,0.0
12324,0.0
12325,0.0
12326,0.0
12327,0.0
12328,0.0
12329,0.0
12330,0.0
12331,0.0
12332,0.0
12333,0.0
12334,0.0
12335,0.0
12336,0.0
12337,0.0
12338,0.0
12339,0.0
12340,0.0
12341,0.0
12342,0.0
12343,0.0
12344,0.0
12345,0.0
12346,0.0
12347,0.0
12348,0.0
12349,0.0
12350,0.0
12351,0.0
12352,0.0
12353,0.0
12354,0.0
12355,0.0
12356,0.0
12357,0.0
12358,0.0
12359,0.0
12360,0.0
12361,0.0
12362,0.0
12363,0.0
12364,0.0
12365,0.0
12366,0.0
12367,0.0
12368,0.0
12369,0.0
12370,0.0
12371,0.0
12372,0.0
12373,0.0
12374,0.0
12375,0.0
12376,0.0
12377,0.0
12378,0.0
12379,0.0
12380,0.0
12381,0.0
12382,0.0
12383,0.0
12384,0.0
12385,0.0
12386,0.0
12387,0.0
12388,0.0
12389,0.0
12390,0.0
12391,0.0
12392,0.0
12393,0.0
12394,0.0
12395,0.0
12396,0.0
12397,0.0
12398,0.0
12399,0.0
12400,0.0
12401,0.0
12402,0.0
12403,0.0
12404,0.0
12405,0.0
12406,0.0
12407,0.0
12408,0.0
12409,0.0
12410,0.0
12411,0.0
12412,0.0
12413,0.0
12414,0.0
12415,0.0
12416,0.0
12417,0.0
12418,0.0
12419,0.0
12420,0.0
12421,0.0
12422,0.0
12423,0.0
12424,0.0
12425,0.0
12426,0.0
12427,0.0
12428,0.0
12429,0.0
12430,0.0
12431,0.0
12432,0.0
12433,0.0
12434,0.0
12435,0.0
12436,0.0
12437,0.0
12438,0.0
12439,0.0
12440,0.0
12441,0.0
12442,0.0
12443,0.0
12444,0.0
12445,0.0
12446,0.0
12447,0.0
12448,0.0
12449,0.0
12450,0.0
12451,63639.65867140592
12452,63639.65867140592
12453,63639.65867140592
12454,63639.65867140592
12455,63639.65867140592
12456,63639.65867140592
12457,63639.65867140592
12458,63639.65867140592
12459,63639.65867140592
12460,63639.65867140592
12461,63639.65867140592
12462,63639.65867140592
12463,63639.65867140592
12464,63639.65867140592
12465,63639.65867140592
12466,63639.65867140592
12467,63639.65867140592
12468,63639.65867140592
12469,63639.65867140592
12470,63639.65867140592
12471,63639.65867140592
12472,63639.65867140592
12473,63639.65867140592
12474,63639.65867140592
12475,63639.65867140592
12476,63639.65867140592
12477,63639.65867140592
12478,63639.65867140592
12479,63639.65867140592
12480,63639.65867140592
12481,63639.65867140592
12482,63639.65867140592
12483,63639.65867140592
12484,63639.65867140592
12485,63639.65867140592
12486,63639.65867140592
12487,63639.65867140592
12488,63639.65867140592
12489,63639.65867140592
12490,63639.65867140592
12491,63639.65867140592
12492,63639.65867140592
12493,63639.65867140592
12494,63639.65867140592
12495,63639.65867140592
12496,63639.65867140592
12497,63639.65867140592
12498,63639.65867140592
12499,63639.65867140592
12500,63639.65867140592
12501,63639.65867140592
12502,63639.65867140592
12503,63639.65867140592
12504,63639.65867140592
12505,63639.65867140592
12506,63639.65867140592
12507,63639.65867140592
12508,63639.65867140592
12509,63639.65867140592
12510,63639.65867140592
12511,63639.65867140592
12512,63639.65867140592
12513,63639.65867140592
12514,63639.65867140592
12515,63639.65867140592
12516,63639.65867140592
12517,63639.65867140592
12518,63639.65867140592
12519,63639.65867140592
12520,63639.65867140592
12521,63639.65867140592
12522,63639.65867140592
12523,63639.65867140592
12524,63639.65867140592
12525,63639.65867140592
12526,63639.65867140592
12527,63639.65867140592
12528,63639.65867140592
12529,63639.65867140592
12530,63639.65867140592
12531,63639.65867140592
12532,63639.65867140592
12533,63639.65867140592
12534,63639.65867140592
12535,63639.65867140592
12536,63639.65867140592
12537,63639.65867140592
12538,63639.65867140592
12539,63639.65867140592
12540,63639.65867140592
12541,63639.65867140592
12542,63639.65867140592
12543,63639.65867140592
12544,63639.65867140592
12545,63639.65867140592
12546,63639.65867140592
12547,63639.65867140592
12548,63639.65867140592
12549,63639.65867140592
12550,63639.65867140592
12551,63639.65867140592
12552,63639.65867140592
12553,63639.65867140592
12554,63639.65867140592
12555,63639.65867140592
12556,63639.65867140592
12557,63639.65867140592
12558,63639.65867140592
12559,63639.65867140592
12560,63639.65867140592
12561,63639.65867140592
12562,63639.65867140592
12563,63639.65867140592
12564,63639.65867140592
12565,63639.65867140592
12566,63639.65867140592
12567,63639.65867140592
12568,63639.65867140592
12569,63639.65867140592
12570,63639.65867140592
12571,63639.65867140592
12572,63639.65867140592
12573,63639.65867140592
12574,63639.65867140592
12575,63639.65867140592
12576,63639.65867140592
12577,63639.65867140592
12578,63639.65867140592
12579,63639.65867140592
12580,63639.65867140592
12581,63639.65867140592
12582,63639.65867140592
12583,63639.65867140592
12584,63639.65867140592
12585,63639.65867140592
12586,63639.65867140592
12587,63639.65867140592
12588,63639.65867140592
12589,63639.65867140592
12590,63639.65867140592
12591,63639.65867140592
12592,63639.65867140592
12593,63639.65867140592
12594,63639.65867140592
12595,63639.65867140592
12596,63639.65867140592
12597,63639.65867140592
12598,63639.65867140592
12599,63639.65867140592
12600,63639.65867140592
12601,0.0
12602,0.0
12603,0.0
12604,0.0
12605,0.0
12606,0.0
12607,0.0
12608,0.0
12609,0.0
12610,0.0
12611,0.0
12612,0.0
12613,0.0
12614,0.0
12615,0.0
12616,0.0
12617,0.0
12618,0.0
12619,0.0
12620,0.0
12621,0.0
12622,0.0
12623,0.0
12624,0.0
12625,0.0
12626,0.0
12627,0.0
12628,0.0
12629,0.0
12630,0.0
12631,0.0
12632,0.0
12633,0.0
12634,0.0
12635,0.0
12636,0.0
12637,0.0
12638,0.0
12639,0.0
12640,0.0
12641,0.0
12642,0.0
12643,0.0
12644,0.0
12645,0.0
12646,0.0
12647,0.0
12648,0.0
12649,0.0
12650,0.0
12651,0.0
12652,0.0
12653,0.0
12654,0.0
12655,0.0
12656,0.0
12657,0.0
12658,0.0
12659,0.0
12660,0.0
12661,0.0
12662,0.0
12663,0.0
12664,0.0
12665,0.0
12666,0.0
12667,0.0
12668,0.0
12669,0.0
12670,0.0
12671,0.0
12672,0.0
12673,0.0
12674,0.0
12675,0.0
12676,0.0
12677,0.0
12678,0.0
12679,0.0
12680,0.0
12681,0.0
12682,0.0
12683,0.0
12684,0.0
12685,0.0
12686,0.0
12687,0.0
12688,0.0
12689,0.0
12690,0.0
12691,0.0
12692,0.0
12693,0.0
12694,0.0
12695,0.0
12696,0.0
12697,0.0
12698,0.0
12699,0.0
12700,0.0
12701,0.0
12702,0.0
12703,0.0
12704,0.0
12705,0.0
12706,0.0
12707,0.0
12708,0.0
12709,0.0
12710,0.0
12711,0.0
12712,0.0
12713,0.0
12714,0.0
12715,0.0
12716,0.0
12717,0.0
12718,0.0
12719,0.0
12720,0.0
12721,0.0
12722,0.0
12723,0.0
12724,0.0
12725,0.0
12726,0.0
12727,0.0
12728,0.0
12729,0.0
12730,0.0
12731,0.0
12732,0.0
12733,0.0
12734,0.0
12735,0.0
12736,0.0
12737,0.0
12738,0.0
12739,0.0
12740,0.0
12741,0.0
12742,0.0
12743,0.0
12744,0.0
12745,0.0
12746,0.0
12747,0.0
12748,0.0
12749,0.0
12750,0.0
12751,7261.408480373375
12752,7261.408480373375
12753,7261.408480373375
12754,7261.408480373375
12755,7261.408480373375
12756,7261.408480373375
12757,7261.408480373375
12758,7261.408480373375
12759,7261.408480373375
12760,7261.408480373375
12761,7261.408480373375
12762,7261.408480373375
12763,7261.408480373375
12764,7261.408480373375
12765,7261.408480373375
12766,7261.408480373375
12767,7261.408480373375
12768,7261.408480373375
12769,7261.408480373375
12770,7261.408480373375
12771,7261.408480373375
12772,7261.408480373375
12773,7261.408480373375
12774,7261.408480373375
12775,7261.408480373375
12776,7261.408480373375
12777,7261.408480373375
12778,7261.408480373375
12779,7261.408480373375
12780,7261.408480373375
12781,7261.408480373375
12782,7261.408480373375
12783,7261.408480373375
12784,7261.408480373375
12785,7261.408480373375
12786,7261.408480373375
12787,7261.408480373375
12788,7261.408480373375
12789,7261.408480373375
12790,7261.408480373375
12791,7261.408480373375
12792,7261.408480373375
12793,7261.408480373375
12794,7261.408480373375
12795,7261.408480373375
12796,7261.408480373375
12797,7261.408480373375
12798,7261.408480373375
12799,7261.408480373375
12800,7261.408480373375
12801,7261.408480373375
12802,7261.408480373375
12803,7261.408480373375
12804,7261.408480373375
12805,7261.408480373375
12806,7261.408480373375
12807,7261.408480373375
12808,7261.408480373375
12809,7261.408480373375
12810,7261.408480373375
12811,7261.408480373375
12812,7261.408480373375
12813,7261.408480373375
12814,7261.408480373375
12815,7261.408480373375
12816,7261.408480373375
12817,7261.408480373375
12818,7261.408480373375
12819,7261.408480373375
12820,7261.408480373375
12821,7261.408480373375
12822,7261.408480373375
12823,7261.408480373375
12824,7261.408480373375
12825,7261.408480373375
12826,7261.408480373375
12827,7261.408480373375
12828,7261.408480373375
12829,7261.408480373375
12830,7261.408480373375
12831,7261.408480373375
12832,7261.408480373375
12833,7261.408480373375
12834,7261.408480373375
12835,7261.408480373375
12836,7261.408480373375
12837,7261.408480373375
12838,7261.408480373375
12839,7261.408480373375
12840,7261.408480373375
12841,7261.408480373375
12842,7261.408480373375
12843,7261.408480373375
12844,7261.408480373375
12845,7261.408480373375
12846,7261.408480373375
12847,7261.408480373375
12848,7261.408480373375
12849,7261.408480373375
12850,7261.408480373375
12851,7261.408480373375
12852,7261.408480373375
12853,7261.408480373375
12854,7261.408480373375
12855,7261.408480373375
12856,7261.408480373375
12857,7261.408480373375
12858,7261.408480373375
12859,7261.408480373375
12860,7261.408480373375
12861,7261.408480373375
12862,7261.408480373375
12863,7261.408480373375
12864,7261.408480373375
12865,7261.408480373375
12866,7261.408480373375
12867,7261.408480373375
12868,7261.408480373375
12869,7261.408480373375
12870,7261.408480373375
12871,7261.408480373375
12872,7261.408480373375
12873,7261.408480373375
12874,7261.408480373375
12875,7261.408480373375
12876,7261.408480373375
12877,7261.408480373375
12878,7261.408480373375
12879,7261.408480373375
12880,7261.408480373375
12881,7261.408480373375
12882,7261.408480373375
12883,7261.408480373375
12884,7261.408480373375
12885,7261.408480373375
12886,7261.408480373375
12887,7261.408480373375
12888,7261.408480373375
12889,7261.408480373375
12890,7261.408480373375
12891,7261.408480373375
12892,7261.408480373375
12893,7261.408480373375
12894,7261.408480373375
12895,7261.408480373375
12896,7261.408480373375
12897,7261.408480373375
12898,7261.408480373375
12899,7261.408480373375
12900,7261.408480373375
12901,0.0
12902,0.0
12903,0.0
12904,0.0
12905,0.0
12906,0.0
12907,0.0
12908,0.0
12909,0.0
12910,0.0
12911,0.0
12912,0.0
12913,0.0
12914,0.0
12915,0.0
12916,0.0
12917,0.0
12918,0.0
12919,0.0
12920,0.0
12921,0.0
12922,0.0
12923,0.0
12924,0.0
12925,0.0
12926,0.0
12927,0.0
12928,0.0
12929,0.0
12930,0.0
12931,0.0
12932,0.0
12933,0.0
12934,0.0
12935,0.0
12936,0.0
12937,0.0
12938,0.0
12939,0.0
12940,0.0
12941,0.0
12942,0.0
12943,0.0
12944,0.0
12945,0.0
12946,0.0
12947,0.0
12948,0.0
12949,0.0
12950,0.0
12951,0.0
12952,0.0
12953,0.0
12954,0.0
12955,0.0
12956,0.0
12957,0.0
12958,0.0
12959,0.0
12960,0.0
12961,0.0
12962,0.0
12963,0.0
12964,0.0
12965,0.0
12966,0.0
12967,0.0
12968,0.0
12969,0.0
12970,0.0
12971,0.0
12972,0.0
12973,0.0
12974,0.0
12975,0.0
12976,0.0
12977,0.0
12978,0.0
12979,0.0
12980,0.0
12981,0.0
12982,0.0
12983,0.0
12984,0.0
12985,0.0
12986,0.0
12987,0.0
12988,0.0
12989,0.0
12990,0.0
12991,0.0
12992,0.0
12993,0.0
12994,0.0
12995,0.0
12996,0.0
12997,0.0
12998,0.0
12999,0.0
13000,0.0
13001,0.0
13002,0.0
13003,0.0
13004,0.0
13005,0.0
13006,0.0
13007,0.0
13008,0.0
13009,0.0
13010,0.0
13011,0.0
13012,0.0
13013,0.0
13014,0.0
13015,0.0
13016,0.0
13017,0.0
13018,0.0
13019,0.0
13020,0.0
13021,0.0
13022,0.0
13023,0.0
13024,0.0
13025,0.0
13026,0.0
13027,0.0
13028,0.0
13029,0.0
13030,0.0
13031,0.0
13032,0.0
13033,0.0
13034,0.0
13035,0.0
13036,0.0
13037,0.0
13038,0.0
13039,0.0
13040,0.0
13041,0.0
13042,0.0
13043,0.0
13044,0.0
13045,0.0
13046,0.0
13047,0.0
13048,0.0
13049,0.0
13050,0.0
13051,0.0
13052,0.0
13053,0.0
13054,0.0
13055,0.0
13056,0.0
13057,0.0
13058,0.0
13059,0.0
13060,0.0
13061,0.0
13062,0.0
13063,0.0
13064,0.0
13065,0.0
13066,0.0
13067,0.0
13068,0.0
13069,0.0
13070,0.0
13071,0.0
13072,0.0
13073,0.0
13074,0.0
13075,0.0
13076,0.0
13077,0.0
13078,0.0
13079,0.0
13080,0.0
13081,0.0
13082,0.0
13083,0.0
13084,0.0
13085,0.0
13086,0.0
13087,0.0
13088,0.0
13089,0.0
13090,0.0
13091,0.0
13092,0.0
13093,0.0
13094,0.0
13095,0.0
13096,0.0
13097,0.0
13098,0.0
13099,0.0
13100,0.0
13101,0.0
13102,0.0
13103,0.0
13104,0.0
13105,0.0
13106,0.0
13107,0.0
13108,0.0
13109,0.0
13110,0.0
13111,0.0
13112,0.0
13113,0.0
13114,0.0
13115,0.0
13116,0.0
13117,0.0
13118,0.0
13119,0.0
13120,0.0
13121,0.0
13122,0.0
13123,0.0
13124,0.0
13125,0.0
13126,0.0
13127,0.0
13128,0.0
13129,0.0
13130,0.0
13131,0.0
13132,0.0
13133,0.0
13134,0.0
13135,0.0
13136,0.0
13137,0.0
13138,0.0
13139,0.0
13140,0.0
13141,0.0
13142,0.0
13143,0.0
13144,0.0
13145,0.0
13146,0.0
13147,0.0
13148,0.0
13149,0.0
13150,0.0
13151,0.0
13152,0.0
13153,0.0
13154,0.0
13155,0.0
13156,0.0
13157,0.0
13158,0.0
13159,0.0
13160,0.0
13161,0.0
13162,0.0
13163,0.0
13164,0.0
13165,0.0
13166,0.0
13167,0.0
13168,0.0
13169,0.0
13170,0.0
13171,0.0
13172,0.0
13173,0.0
13174,0.0
13175,0.0
13176,0.0
13177,0.0
13178,0.0
13179,0.0
13180,0.0
13181,0.0
13182,0.0
13183,0.0
13184,0.0
13185,0.0
13186,0.0
13187,0.0
13188,0.0
13189,0.0
13190,0.0
13191,0.0
13192,0.0
13193,0.0
13194,0.0
13195,0.0
13196,0.0
13197,0.0
13198,0.0
13199,0.0
13200,0.0
13201,4131.37163879222
13202,4131.37163879222
13203,4131.37163879222
13204,4131.37163879222
13205,4131.37163879222
13206,4131.37163879222
13207,4131.37163879222
13208,4131.37163879222
13209,4131.37163879222
13210,4131.37163879222
13211,4131.37163879222
13212,4131.37163879222
13213,4131.37163879222
13214,4131.37163879222
13215,4131.37163879222
13216,4131.37163879222
13217,4131.37163879222
13218,4131.37163879222
13219,4131.37163879222
13220,4131.37163879222
13221,4131.37163879222
13222,4131.37163879222
13223,4131.37163879222
13224,4131.37163879222
13225,4131.37163879222
13226,4131.37163879222
13227,4131.37163879222
13228,4131.37163879222
13229,4131.37163879222
13230,4131.37163879222
13231,4131.37163879222
13232,4131.37163879222
13233,4131.37163879222
13234,4131.37163879222
13235,4131.37163879222
13236,4131.37163879222
13237,4131.37163879222
13238,4131.37163879222
13239,4131.37163879222
13240,4131.37163879222
13241,4131.37163879222
13242,4131.37163879222
13243,4131.37163879222
13244,4131.37163879222
13245,4131.37163879222
13246,4131.37163879222
13247,4131.37163879222
13248,4131.37163879222
13249,4131.37163879222
13250,4131.37163879222
13251,4131.37163879222
13252,4131.37163879222
13253,4131.37163879222
13254,4131.37163879222
13255,4131.37163879222
13256,4131.37163879222
13257,4131.37163879222
13258,4131.37163879222
13259,4131.37163879222
13260,4131.37163879222
13261,4131.37163879222
13262,4131.37163879222
13263,4131.37163879222
13264,4131.37163879222
13265,4131.37163879222
13266,4131.37163879222
13267,4131.37163879222
13268,4131.37163879222
13269,4131.37163879222
13270,4131.37163879222
13271,4131.37163879222
13272,4131.37163879222
13273,4131.37163879222
13274,4131.37163879222
13275,4131.37163879222
13276,4131.37163879222
13277,4131.37163879222
13278,4131.37163879222
13279,4131.37163879222
13280,4131.37163879222
13281,4131.37163879222
13282,4131.37163879222
13283,4131.37163879222
13284,4131.37163879222
13285,4131.37163879222
13286,4131.37163879222
13287,4131.37163879222
13288,4131.37163879222
13289,4131.37163879222
13290,4131.37163879222
13291,4131.37163879222
13292,4131.37163879222
13293,4131.37163879222
13294,4131.37163879222
13295,4131.37163879222
13296,4131.37163879222
13297,4131.37163879222
13298,4131.37163879222
13299,4131.37163879222
13300,4131.37163879222
13301,4131.37163879222
13302,4131.37163879222
13303,4131.37163879222
13304,4131.37163879222
13305,4131.37163879222
13306,4131.37163879222
13307,4131.37163879222
13308,4131.37163879222
13309,4131.37163879222
13310,4131.37163879222
13311,4131.37163879222
13312,4131.37163879222
13313,4131.37163879222
13314,4131.37163879222
13315,4131.37163879222
13316,4131.37163879222
13317,4131.37163879222
13318,4131.37163879222
13319,4131.37163879222
13320,4131.37163879222
13321,4131.37163879222
13322,4131.37163879222
13323,4131.37163879222
13324,4131.37163879222
13325,4131.37163879222
13326,4131.37163879222
13327,4131.37163879222
13328,4131.37163879222
13329,4131.37163879222
13330,4131.37163879222
13331,4131.37163879222
13332,4131.37163879222
13333,4131.37163879222
13334,4131.37163879222
13335,4131.37163879222
13336,4131.37163879222
13337,4131.37163879222
13338,4131.37163879222
13339,4131.37163879222
13340,4131.37163879222
13341,4131.37163879222
13342,4131.37163879222
13343,4131.37163879222
13344,4131.37163879222
13345,4131.37163879222
13346,4131.37163879222
13347,4131.37163879222
13348,4131.37163879222
13349,4131.37163879222
13350,4131.37163879222
13351,6494.95607957496
13352,6494.95607957496
13353,6494.95607957496
13354,6494.95607957496
13355,6494.95607957496
13356,6494.95607957496
13357,6494.95607957496
13358,6494.95607957496
13359,6494.95607957496
13360,6494.95607957496
13361,6494.95607957496
13362,6494.95607957496
13363,6494.95607957496
13364,6494.95607957496
13365,6494.95607957496
13366,6494.95607957496
13367,6494.95607957496
13368,6494.95607957496
13369,6494.95607957496
13370,6494.95607957496
13371,6494.95607957496
13372,6494.95607957496
13373,6494.95607957496
13374,6494.95607957496
13375,6494.95607957496
13376,6494.95607957496
13377,6494.95607957496
13378,6494.95607957496
13379,6494.95607957496
13380,6494.95607957496
13381,6494.95607957496
13382,6494.95607957496
13383,6494.95607957496
13384,6494.95607957496
13385,6494.95607957496
13386,6494.95607957496
13387,6494.95607957496
13388,6494.95607957496
13389,6494.95607957496
13390,6494.95607957496
13391,6494.95607957496
13392,6494.95607957496
13393,6494.95607957496
13394,6494.95607957496
13395,6494.95607957496
13396,6494.95607957496
13397,6494.95607957496
13398,6494.95607957496
13399,6494.95607957496
13400,6494.95607957496
13401,6494.95607957496
13402,6494.95607957496
13403,6494.95607957496
13404,6494.95607957496
13405,6494.95607957496
13406,6494.95607957496
13407,6494.95607957496
13408,6494.95607957496
13409,6494.95607957496
13410,6494.95607957496
13411,6494.95607957496
13412,6494.95607957496
13413,6494.95607957496
13414,6494.95607957496
13415,6494.95607957496
13416,6494.95607957496
13417,6494.95607957496
13418,6494.95607957496
13419,6494.95607957496
13420,6494.95607957496
13421,6494.95607957496
13422,6494.95607957496
13423,6494.95607957496
13424,6494.95607957496
13425,6494.95607957496
13426,6494.95607957496
13427,6494.95607957496
13428,6494.95607957496
13429,6494.95607957496
13430,6494.95607957496
13431,6494.95607957496
13432,6494.95607957496
13433,6494.95607957496
13434,6494.95607957496
13435,6494.95607957496
13436,6494.95607957496
13437,6494.95607957496
13438,6494.95607957496
13439,6494.95607957496
13440,6494.95607957496
13441,6494.95607957496
13442,6494.95607957496
13443,6494.95607957496
13444,6494.95607957496
13445,6494.95607957496
13446,6494.95607957496
13447,6494.95607957496
13448,6494.95607957496
13449,6494.95607957496
13450,6494.95607957496
13451,6494.95607957496
13452,6494.95607957496
13453,6494.95607957496
13454,6494.95607957496
13455,6494.95607957496
13456,6494.95607957496
13457,6494.95607957496
13458,6494.95607957496
13459,6494.95607957496
13460,6494.95607957496
13461,6494.95607957496
13462,6494.95607957496
13463,6494.95607957496
13464,6494.95607957496
13465,6494.95607957496
13466,6494.95607957496
13467,6494.95607957496
13468,6494.95607957496
13469,6494.95607957496
13470,6494.95607957496
13471,6494.95607957496
13472,6494.95607957496
13473,6494.95607957496
13474,6494.95607957496
13475,6494.95607957496
13476,6494.95607957496
13477,6494.95607957496
13478,6494.95607957496
13479,6494.95607957496
13480,6494.95607957496
13481,6494.95607957496
13482,6494.95607957496
13483,6494.95607957496
13484,6494.95607957496
13485,6494.95607957496
13486,6494.95607957496
13487,6494.95607957496
13488,6494.95607957496
13489,6494.95607957496
13490,6494.95607957496
13491,6494.95607957496
13492,6494.95607957496
13493,6494.95607957496
13494,6494.95607957496
13495,6494.95607957496
13496,6494.95607957496
13497,6494.95607957496
13498,6494.95607957496
13499,6494.95607957496
13500,6494.95607957496
13501,0.0
13502,0.0
13503,0.0
13504,0.0
13505,0.0
13506,0.0
13507,0.0
13508,0.0
13509,0.0
13510,0.0
13511,0.0
13512,0.0
13513,0.0
13514,0.0
13515,0.0
13516,0.0
13517,0.0
13518,0.0
13519,0.0
13520,0.0
13521,0.0
13522,0.0
13523,0.0
13524,0.0
13525,0.0
13526,0.0
13527,0.0
13528,0.0
13529,0.0
13530,0.0
13531,0.0
13532,0.0
13533,0.0
13534,0.0
13535,0.0
13536,0.0
13537,0.0
13538,0.0
13539,0.0
13540,0.0
13541,0.0
13542,0.0
13543,0.0
13544,0.0
13545,0.0
13546,0.0
13547,0.0
13548,0.0
13549,0.0
13550,0.0
13551,0.0
13552,0.0
13553,0.0
13554,0.0
13555,0.0
13556,0.0
13557,0.0
13558,0.0
13559,0.0
13560,0.0
13561,0.0
13562,0.0
13563,0.0
13564,0.0
13565,0.0
13566,0.0
13567,0.0
13568,0.0
13569,0.0
13570,0.0
13571,0.0
13572,0.0
13573,0.0
13574,0.0
13575,0.0
13576,0.0
13577,0.0
13578,0.0
13579,0.0
13580,0.0
13581,0.0
13582,0.0
13583,0.0
13584,0.0
13585,0.0
13586,0.0
13587,0.0
13588,0.0
13589,0.0
13590,0.0
13591,0.0
13592,0.0
13593,0.0
13594,0.0
13595,0.0
13596,0.0
13597,0.0
13598,0.0
13599,0.0
13600,0.0
13601,0.0
13602,0.0
13603,0.0
13604,0.0
13605,0.0
13606,0.0
13607,0.0
13608,0.0
13609,0.0
13610,0.0
13611,0.0
13612,0.0
13613,0.0
13614,0.0
13615,0.0
13616,0.0
13617,0.0
13618,0.0
13619,0.0
13620,0.0
13621,0.0
13622,0.0
13623,0.0
13624,0.0
13625,0.0
13626,0.0
13627,0.0
13628,0.0
13629,0.0
13630,0.0
13631,0.0
13632,0.0
13633,0.0
13634,0.0
13635,0.0
13636,0.0
13637,0.0
13638,0.0
13639,0.0
13640,0.0
13641,0.0
13642,0.0
13643,0.0
13644,0.0
13645,0.0
13646,0.0
13647,0.0
13648,0.0
13649,0.0
13650,0.0
13651,0.0
13652,0.0
13653,0.0
13654,0.0
13655,0.0
13656,0.0
13657,0.0
13658,0.0
13659,0.0
13660,0.0
13661,0.0
13662,0.0
13663,0.0
13664,0.0
13665,0.0
13666,0.0
13667,0.0
13668,0.0
13669,0.0
13670,0.0
13671,0.0
13672,0.0
13673,0.0
13674,0.0
13675,0.0
13676,0.0
13677,0.0
13678,0.0
13679,0.0
13680,0.0
13681,0.0
13682,0.0
13683,0.0
13684,0.0
13685,0.0
13686,0.0
13687,0.0
13688,0.0
13689,0.0
13690,0.0
13691,0.0
13692,0.0
13693,0.0
13694,0.0
13695,0.0
13696,0.0
13697,0.0
13698,0.0
13699,0.0
13700,0.0
13701,0.0
13702,0.0
13703,0.0
13704,0.0
13705,0.0
13706,0.0
13707,0.0
13708,0.0
13709,0.0
13710,0.0
13711,0.0
13712,0.0
13713,0.0
13714,0.0
13715,0.0
13716,0.0
13717,0.0
13718,0.0
13719,0.0
13720,0.0
13721,0.0
13722,0.0
13723,0.0
13724,0.0
13725,0.0
13726,0.0
13727,0.0
13728,0.0
13729,0.0
13730,0.0
13731,0.0
13732,0.0
13733,0.0
13734,0.0
13735,0.0
13736,0.0
13737,0.0
13738,0.0
13739,0.0
13740,0.0
13741,0.0
13742,0.0
13743,0.0
13744,0.0
13745,0.0
13746,0.0
13747,0.0
13748,0.0
13749,0.0
13750,0.0
13751,0.0
13752,0.0
13753,0.0
13754,0.0
13755,0.0
13756,0.0
13757,0.0
13758,0.0
13759,0.0
13760,0.0
13761,0.0
13762,0.0
13763,0.0
13764,0.0
13765,0.0
13766,0.0
13767,0.0
13768,0.0
13769,0.0
13770,0.0
13771,0.0
13772,0.0
13773,0.0
13774,0.0
13775,0.0
13776,0.0
13777,0.0
13778,0.0
13779,0.0
13780,0.0
13781,0.0
13782,0.0
13783,0.0
13784,0.0
13785,0.0
13786,0.0
13787,0.0
13788,0.0
13789,0.0
13790,0.0
13791,0.0
13792,0.0
13793,0.0
13794,0.0
13795,0.0
13796,0.0
13797,0.0
13798,0.0
13799,0.0
13800,0.0
13801,0.0
13802,0.0
13803,0.0
13804,0.0
13805,0.0
13806,0.0
13807,0.0
13808,0.0
13809,0.0
13810,0.0
13811,0.0
13812,0.0
13813,0.0
13814,0.0
13815,0.0
13816,0.0
13817,0.0
13818,0.0
13819,0.0
13820,0.0
13821,0.0
13822,0.0
13823,0.0
13824,0.0
13825,0.0
13826,0.0
13827,0.0
13828,0.0
13829,0.0
13830,0.0
13831,0.0
13832,0.0
13833,0.0
13834,0.0
13835,0.0
13836,0.0
13837,0.0
13838,0.0
13839,0.0
13840,0.0
13841,0.0
13842,0.0
13843,0.0
13844,0.0
13845,0.0
13846,0.0
13847,0.0
13848,0.0
13849,0.0
13850,0.0
13851,0.0
13852,0.0
13853,0.0
13854,0.0
13855,0.0
13856,0.0
13857,0.0
13858,0.0
13859,0.0
13860,0.0
13861,0.0
13862,0.0
13863,0.0
13864,0.0
13865,0.0
13866,0.0
13867,0.0
13868,0.0
13869,0.0
13870,0.0
13871,0.0
13872,0.0
13873,0.0
13874,0.0
13875,0.0
13876,0.0
13877,0.0
13878,0.0
13879,0.0
13880,0.0
13881,0.0
13882,0.0
13883,0.0
13884,0.0
13885,0.0
13886,0.0
13887,0.0
13888,0.0
13889,0.0
13890,0.0
13891,0.0
13892,0.0
13893,0.0
13894,0.0
13895,0.0
13896,0.0
13897,0.0
13898,0.0
13899,0.0
13900,0.0
13901,0.0
13902,0.0
13903,0.0
13904,0.0
13905,0.0
13906,0.0
13907,0.0
13908,0.0
13909,0.0
13910,0.0
13911,0.0
13912,0.0
13913,0.0
13914,0.0
13915,0.0
13916,0.0
13917,0.0
13918,0.0
13919,0.0
13920,0.0
13921,0.0
13922,0.0
13923,0.0
13924,0.0
13925,0.0
13926,0.0
13927,0.0
13928,0.0
13929,0.0
13930,0.0
13931,0.0
13932,0.0
13933,0.0
13934,0.0
13935,0.0
13936,0.0
13937,0.0
13938,0.0
13939,0.0
13940,0.0
13941,0.0
13942,0.0
13943,0.0
13944,0.0
13945,0.0
13946,0.0
13947,0.0
13948,0.0
13949,0.0
13950,0.0
13951,0.0
13952,0.0
13953,0.0
13954,0.0
13955,0.0
13956,0.0
13957,0.0
13958,0.0
13959,0.0
13960,0.0
13961,0.0
13962,0.0
13963,0.0
13964,0.0
13965,0.0
13966,0.0
13967,0.0
13968,0.0
13969,0.0
13970,0.0
13971,0.0
13972,0.0
13973,0.0
13974,0.0
13975,0.0
13976,0.0
13977,0.0
13978,0.0
13979,0.0
13980,0.0
13981,0.0
13982,0.0
13983,0.0
13984,0.0
13985,0.0
13986,0.0
13987,0.0
13988,0.0
13989,0.0
13990,0.0
13991,0.0
13992,0.0
13993,0.0
13994,0.0
13995,0.0
13996,0.0
13997,0.0
13998,0.0
13999,0.0
14000,0.0
14001,0.0
14002,0.0
14003,0.0
14004,0.0
14005,0.0
14006,0.0
14007,0.0
14008,0.0
14009,0.0
14010,0.0
14011,0.0
14012,0.0
14013,0.0
14014,0.0
14015,0.0
14016,0.0
14017,0.0
14018,0.0
14019,0.0
14020,0.0
14021,0.0
14022,0.0
14023,0.0
14024,0.0
14025,0.0
14026,0.0
14027,0.0
14028,0.0
14029,0.0
14030,0.0
14031,0.0
14032,0.0
14033,0.0
14034,0.0
14035,0.0
14036,0.0
14037,0.0
14038,0.0
14039,0.0
14040,0.0
14041,0.0
14042,0.0
14043,0.0
14044,0.0
14045,0.0
14046,0.0
14047,0.0
14048,0.0
14049,0.0
14050,0.0
14051,0.0
14052,0.0
14053,0.0
14054,0.0
14055,0.0
14056,0.0
14057,0.0
14058,0.0
14059,0.0
14060,0.0
14061,0.0
14062,0.0
14063,0.0
14064,0.0
14065,0.0
14066,0.0
14067,0.0
14068,0.0
14069,0.0
14070,0.0
14071,0.0
14072,0.0
14073,0.0
14074,0.0
14075,0.0
14076,0.0
14077,0.0
14078,0.0
14079,0.0
14080,0.0
14081,0.0
14082,0.0
14083,0.0
14084,0.0
14085,0.0
14086,0.0
14087,0.0
14088,0.0
14089,0.0
14090,0.0
14091,0.0
14092,0.0
14093,0.0
14094,0.0
14095,0.0
14096,0.0
14097,0.0
14098,0.0
14099,0.0
14100,0.0
14101,0.0
14102,0.0
14103,0.0
14104,0.0
14105,0.0
14106,0.0
14107,0.0
14108,0.0
14109,0.0
14110,0.0
14111,0.0
14112,0.0
14113,0.0
14114,0.0
14115,0.0
14116,0.0
14117,0.0
14118,0.0
14119,0.0
14120,0.0
14121,0.0
14122,0.0
14123,0.0
14124,0.0
14125,0.0
14126,0.0
14127,0.0
14128,0.0
14129,0.0
14130,0.0
14131,0.0
14132,0.0
14133,0.0
14134,0.0
14135,0.0
14136,0.0
14137,0.0
14138,0.0
14139,0.0
14140,0.0
14141,0.0
14142,0.0
14143,0.0
14144,0.0
14145,0.0
14146,0.0
14147,0.0
14148,0.0
14149,0.0
14150,0.0
14151,0.0
14152,0.0
14153,0.0
14154,0.0
14155,0.0
14156,0.0
14157,0.0
14158,0.0
14159,0.0
14160,0.0
14161,0.0
14162,0.0
14163,0.0
14164,0.0
14165,0.0
14166,0.0
14167,0.0
14168,0.0
14169,0.0
14170,0.0
14171,0.0
14172,0.0
14173,0.0
14174,0.0
14175,0.0
14176,0.0
14177,0.0
14178,0.0
14179,0.0
14180,0.0
14181,0.0
14182,0.0
14183,0.0
14184,0.0
14185,0.0
14186,0.0
14187,0.0
14188,0.0
14189,0.0
14190,0.0
14191,0.0
14192,0.0
14193,0.0
14194,0.0
14195,0.0
14196,0.0
14197,0.0
14198,0.0
14199,0.0
14200,0.0
14201,0.0
14202,0.0
14203,0.0
14204,0.0
14205,0.0
14206,0.0
14207,0.0
14208,0.0
14209,0.0
14210,0.0
14211,0.0
14212,0.0
14213,0.0
14214,0.0
14215,0.0
14216,0.0
14217,0.0
14218,0.0
14219,0.0
14220,0.0
14221,0.0
14222,0.0
14223,0.0
14224,0.0
14225,0.0
14226,0.0
14227,0.0
14228,0.0
14229,0.0
14230,0.0
14231,0.0
14232,0.0
14233,0.0
14234,0.0
14235,0.0
14236,0.0
14237,0.0
14238,0.0
14239,0.0
14240,0.0
14241,0.0
14242,0.0
14243,0.0
14244,0.0
14245,0.0
14246,0.0
14247,0.0
14248,0.0
14249,0.0
14250,0.0
14251,2866.543741817048
14252,2866.543741817048
14253,2866.543741817048
14254,2866.543741817048
14255,2866.543741817048
14256,2866.543741817048
14257,2866.543741817048
14258,2866.543741817048
14259,2866.543741817048
14260,2866.543741817048
14261,2866.543741817048
14262,2866.543741817048
14263,2866.543741817048
14264,2866.543741817048
14265,2866.543741817048
14266,2866.543741817048
14267,2866.543741817048
14268,2866.543741817048
14269,2866.543741817048
14270,2866.543741817048
14271,2866.543741817048
14272,2866.543741817048
14273,2866.543741817048
14274,2866.543741817048
14275,2866.543741817048
14276,2866.543741817048
14277,2866.543741817048
14278,2866.543741817048
14279,2866.543741817048
14280,2866.543741817048
14281,2866.543741817048
14282,2866.543741817048
14283,2866.543741817048
14284,2866.543741817048
14285,2866.543741817048
14286,2866.543741817048
14287,2866.543741817048
14288,2866.543741817048
14289,2866.543741817048
14290,2866.543741817048
14291,2866.543741817048
14292,2866.543741817048
14293,2866.543741817048
14294,2866.543741817048
14295,2866.543741817048
14296,2866.543741817048
14297,2866.543741817048
14298,2866.543741817048
14299,2866.543741817048
14300,2866.543741817048
14301,2866.543741817048
14302,2866.543741817048
14303,2866.543741817048
14304,2866.543741817048
14305,2866.543741817048
14306,2866.543741817048
14307,2866.543741817048
14308,2866.543741817048
14309,2866.543741817048
14310,2866.543741817048
14311,2866.543741817048
14312,2866.543741817048
14313,2866.543741817048
14314,2866.543741817048
14315,2866.543741817048
14316,2866.543741817048
14317,2866.543741817048
14318,2866.543741817048
14319,2866.543741817048
14320,2866.543741817048
14321,2866.543741817048
14322,2866.543741817048
14323,2866.543741817048
14324,2866.543741817048
14325,2866.543741817048
14326,2866.543741817048
14327,2866.543741817048
14328,2866.543741817048
14329,2866.543741817048
14330,2866.543741817048
14331,2866.543741817048
14332,2866.543741817048
14333,2866.543741817048
14334,2866.543741817048
14335,2866.543741817048
14336,2866.543741817048
14337,2866.543741817048
14338,2866.543741817048
14339,2866.543741817048
14340,2866.543741817048
14341,2866.543741817048
14342,2866.543741817048
14343,2866.543741817048
14344,2866.543741817048
14345,2866.543741817048
14346,2866.543741817048
14347,2866.543741817048
14348,2866.543741817048
14349,2866.543741817048
14350,2866.543741817048
14351,2866.543741817048
14352,2866.543741817048
14353,2866.543741817048
14354,2866.543741817048
14355,2866.543741817048
14356,2866.543741817048
14357,2866.543741817048
14358,2866.543741817048
14359,2866.543741817048
14360,2866.543741817048
14361,2866.543741817048
14362,2866.543741817048
14363,2866.543741817048
14364,2866.543741817048
14365,2866.543741817048
14366,2866.543741817048
14367,2866.543741817048
14368,2866.543741817048
14369,2866.543741817048
14370,2866.543741817048
14371,2866.543741817048
14372,2866.543741817048
14373,2866.543741817048
14374,2866.543741817048
14375,2866.543741817048
14376,2866.543741817048
14377,2866.543741817048
14378,2866.543741817048
14379,2866.543741817048
14380,2866.543741817048
14381,2866.543741817048
14382,2866.543741817048
14383,2866.543741817048
14384,2866.543741817048
14385,2866.543741817048
14386,2866.543741817048
14387,2866.543741817048
14388,2866.543741817048
14389,2866.543741817048
14390,2866.543741817048
14391,2866.543741817048
14392,2866.543741817048
14393,2866.543741817048
14394,2866.543741817048
14395,2866.543741817048
14396,2866.543741817048
14397,2866.543741817048
14398,2866.543741817048
14399,2866.543741817048
14400,2866.543741817048
14401,0.0
14402,0.0
14403,0.0
14404,0.0
14405,0.0
14406,0.0
14407,0.0
14408,0.0
14409,0.0
14410,0.0
14411,0.0
14412,0.0
14413,0.0
14414,0.0
14415,0.0
14416,0.0
14417,0.0
14418,0.0
14419,0.0
14420,0.0
14421,0.0
14422,0.0
14423,0.0
14424,0.0
14425,0.0
14426,0.0
14427,0.0
14428,0.0
14429,0.0
14430,0.0
14431,0.0
14432,0.0
14433,0.0
14434,0.0
14435,0.0
14436,0.0
14437,0.0
14438,0.0
14439,0.0
14440,0.0
14441,0.0
14442,0.0
14443,0.0
14444,0.0
14445,0.0
14446,0.0
14447,0.0
14448,0.0
14449,0.0
14450,0.0
14451,0.0
14452,0.0
14453,0.0
14454,0.0
14455,0.0
14456,0.0
14457,0.0
14458,0.0
14459,0.0
14460,0.0
14461,0.0
14462,0.0
14463,0.0
14464,0.0
14465,0.0
14466,0.0
14467,0.0
14468,0.0
14469,0.0
14470,0.0
14471,0.0
14472,0.0
14473,0.0
14474,0.0
14475,0.0
14476,0.0
14477,0.0
14478,0.0
14479,0.0
14480,0.0
14481,0.0
14482,0.0
14483,0.0
14484,0.0
14485,0.0
14486,0.0
14487,0.0
14488,0.0
14489,0.0
14490,0.0
14491,0.0
14492,0.0
14493,0.0
14494,0.0
14495,0.0
14496,0.0
14497,0.0
14498,0.0
14499,0.0
14500,0.0
14501,0.0
14502,0.0
14503,0.0
14504,0.0
14505,0.0
14506,0.0
14507,0.0
14508,0.0
14509,0.0
14510,0.0
14511,0.0
14512,0.0
14513,0.0
14514,0.0
14515,0.0
14516,0.0
14517,0.0
14518,0.0
14519,0.0
14520,0.0
14521,0.0
14522,0.0
14523,0.0
14524,0.0
14525,0.0
14526,0.0
14527,0.0
14528,0.0
14529,0.0
14530,0.0
14531,0.0
14532,0.0
14533,0.0
14534,0.0
14535,0.0
14536,0.0
14537,0.0
14538,0.0
14539,0.0
14540,0.0
14541,0.0
14542,0.0
14543,0.0
14544,0.0
14545,0.0
14546,0.0
14547,0.0
14548,0.0
14549,0.0
14550,0.0
14551,2552.537390646071
14552,2552.537390646071
14553,2552.537390646071
14554,2552.537390646071
14555,2552.537390646071
14556,2552.537390646071
14557,2552.537390646071
14558,2552.537390646071
14559,2552.537390646071
14560,2552.537390646071
14561,2552.537390646071
14562,2552.537390646071
14563,2552.537390646071
14564,2552.537390646071
14565,2552.537390646071
14566,2552.537390646071
14567,2552.537390646071
14568,2552.537390646071
14569,2552.537390646071
14570,2552.537390646071
14571,2552.537390646071
14572,2552.537390646071
14573,2552.537390646071
14574,2552.537390646071
14575,2552.537390646071
14576,2552.537390646071
14577,2552.537390646071
14578,2552.537390646071
14579,2552.537390646071
14580,2552.537390646071
14581,2552.537390646071
14582,2552.537390646071
14583,2552.537390646071
14584,2552.537390646071
14585,2552.537390646071
14586,2552.537390646071
14587,2552.537390646071
14588,2552.537390646071
14589,2552.537390646071
14590,2552.537390646071
14591,2552.537390646071
14592,2552.537390646071
14593,2552.537390646071
14594,2552.537390646071
14595,2552.537390646071
14596,2552.537390646071
14597,2552.537390646071
14598,2552.537390646071
14599,2552.537390646071
14600,2552.537390646071
14601,2552.537390646071
14602,2552.537390646071
14603,2552.537390646071
14604,2552.537390646071
14605,2552.537390646071
14606,2552.537390646071
14607,2552.537390646071
14608,2552.537390646071
14609,2552.537390646071
14610,2552.537390646071
14611,2552.537390646071
14612,2552.537390646071
14613,2552.537390646071
14614,2552.537390646071
14615,2552.537390646071
14616,2552.537390646071
14617,2552.537390646071
14618,2552.537390646071
14619,2552.537390646071
14620,2552.537390646071
14621,2552.537390646071
14622,2552.537390646071
14623,2552.537390646071
14624,2552.537390646071
14625,2552.537390646071
14626,2552.537390646071
14627,2552.537390646071
14628,2552.537390646071
14629,2552.537390646071
14630,2552.537390646071
14631,2552.537390646071
14632,2552.537390646071
14633,2552.537390646071
14634,2552.537390646071
14635,2552.537390646071
14636,2552.537390646071
14637,2552.537390646071
14638,2552.537390646071
14639,2552.537390646071
14640,2552.537390646071
14641,2552.537390646071
14642,2552.537390646071
14643,2552.537390646071
14644,2552.537390646071
14645,2552.537390646071
14646,2552.537390646071
14647,2552.537390646071
14648,2552.537390646071
14649,2552.537390646071
14650,2552.537390646071
14651,2552.537390646071
14652,2552.537390646071
14653,2552.537390646071
14654,2552.537390646071
14655,2552.537390646071
14656,2552.537390646071
14657,2552.537390646071
14658,2552.537390646071
14659,2552.537390646071
14660,2552.537390646071
14661,2552.537390646071
14662,2552.537390646071
14663,2552.537390646071
14664,2552.537390646071
14665,2552.537390646071
14666,2552.537390646071
14667,2552.537390646071
14668,2552.537390646071
14669,2552.537390646071
14670,2552.537390646071
14671,2552.537390646071
14672,2552.537390646071
14673,2552.537390646071
14674,2552.537390646071
14675,2552.537390646071
14676,2552.537390646071
14677,2552.537390646071
14678,2552.537390646071
14679,2552.537390646071
14680,2552.537390646071
14681,2552.537390646071
14682,2552.537390646071
14683,2552.537390646071
14684,2552.537390646071
14685,2552.537390646071
14686,2552.537390646071
14687,2552.537390646071
14688,2552.537390646071
14689,2552.537390646071
14690,2552.537390646071
14691,2552.537390646071
14692,2552.537390646071
14693,2552.537390646071
14694,2552.537390646071
14695,2552.537390646071
14696,2552.537390646071
14697,2552.537390646071
14698,2552.537390646071
14699,2552.537390646071
14700,2552.537390646071
14701,0.0
14702,0.0
14703,0.0
14704,0.0
14705,0.0
14706,0.0
14707,0.0
14708,0.0
14709,0.0
14710,0.0
14711,0.0
14712,0.0
14713,0.0
14714,0.0
14715,0.0
14716,0.0
14717,0.0
14718,0.0
14719,0.0
14720,0.0
14721,0.0
14722,0.0
14723,0.0
14724,0.0
14725,0.0
14726,0.0
14727,0.0
14728,0.0
14729,0.0
14730,0.0
14731,0.0
14732,0.0
14733,0.0
14734,0.0
14735,0.0
14736,0.0
14737,0.0
14738,0.0
14739,0.0
14740,0.0
14741,0.0
14742,0.0
14743,0.0
14744,0.0
14745,0.0
14746,0.0
14747,0.0
14748,0.0
14749,0.0
14750,0.0
14751,0.0
14752,0.0
14753,0.0
14754,0.0
14755,0.0
14756,0.0
14757,0.0
14758,0.0
14759,0.0
14760,0.0
14761,0.0
14762,0.0
14763,0.0
14764,0.0
14765,0.0
14766,0.0
14767,0.0
14768,0.0
14769,0.0
14770,0.0
14771,0.0
14772,0.0
14773,0.0
14774,0.0
14775,0.0
14776,0.0
14777,0.0
14778,0.0
14779,0.0
14780,0.0
14781,0.0
14782,0.0
14783,0.0
14784,0.0
14785,0.0
14786,0.0
14787,0.0
14788,0.0
14789,0.0
14790,0.0
14791,0.0
14792,0.0
14793,0.0
14794,0.0
14795,0.0
14796,0.0
14797,0.0
14798,0.0
14799,0.0
14800,0.0
14801,0.0
14802,0.0
14803,0.0
14804,0.0
14805,0.0
14806,0.0
14807,0.0
14808,0.0
14809,0.0
14810,0.0
14811,0.0
14812,0.0
14813,0.0
14814,0.0
14815,0.0
14816,0.0
14817,0.0
14818,0.0
14819,0.0
14820,0.0
14821,0.0
14822,0.0
14823,0.0
14824,0.0
14825,0.0
14826,0.0
14827,0.0
14828,0.0
14829,0.0
14830,0.0
14831,0.0
14832,0.0
14833,0.0
14834,0.0
14835,0.0
14836,0.0
14837,0.0
14838,0.0
14839,0.0
14840,0.0
14841,0.0
14842,0.0
14843,0.0
14844,0.0
14845,0.0
14846,0.0
14847,0.0
14848,0.0
14849,0.0
14850,0.0
14851,21980.80717623905
14852,21980.80717623905
14853,21980.80717623905
14854,21980.80717623905
14855,21980.80717623905
14856,21980.80717623905
14857,21980.80717623905
14858,21980.80717623905
14859,21980.80717623905
14860,21980.80717623905
14861,21980.80717623905
14862,21980.80717623905
14863,21980.80717623905
14864,21980.80717623905
14865,21980.80717623905
14866,21980.80717623905
14867,21980.80717623905
14868,21980.80717623905
14869,21980.80717623905
14870,21980.80717623905
14871,21980.80717623905
14872,21980.80717623905
14873,21980.80717623905
14874,21980.80717623905
14875,21980.80717623905
14876,21980.80717623905
14877,21980.80717623905
14878,21980.80717623905
14879,21980.80717623905
14880,21980.80717623905
14881,21980.80717623905
14882,21980.80717623905
14883,21980.80717623905
14884,21980.80717623905
14885,21980.80717623905
14886,21980.80717623905
14887,21980.80717623905
14888,21980.80717623905
14889,21980.80717623905
14890,21980.80717623905
14891,21980.80717623905
14892,21980.80717623905
14893,21980.80717623905
14894,21980.80717623905
14895,21980.80717623905
14896,21980.80717623905
14897,21980.80717623905
14898,21980.80717623905
14899,21980.80717623905
14900,21980.80717623905
14901,21980.80717623905
14902,21980.80717623905
14903,21980.80717623905
14904,21980.80717623905
14905,21980.80717623905
14906,21980.80717623905
14907,21980.80717623905
14908,21980.80717623905
14909,21980.80717623905
14910,21980.80717623905
14911,21980.80717623905
14912,21980.80717623905
14913,21980.80717623905
14914,21980.80717623905
14915,21980.80717623905
14916,21980.80717623905
14917,21980.80717623905
14918,21980.80717623905
14919,21980.80717623905
14920,21980.80717623905
14921,21980.80717623905
14922,21980.80717623905
14923,21980.80717623905
14924,21980.80717623905
14925,21980.80717623905
14926,21980.80717623905
14927,21980.80717623905
14928,21980.80717623905
14929,21980.80717623905
14930,21980.80717623905
14931,21980.80717623905
14932,21980.80717623905
14933,21980.80717623905
14934,21980.80717623905
14935,21980.80717623905
14936,21980.80717623905
14937,21980.80717623905
14938,21980.80717623905
14939,21980.80717623905
14940,21980.80717623905
14941,21980.80717623905
14942,21980.80717623905
14943,21980.80717623905
14944,21980.80717623905
14945,21980.80717623905
14946,21980.80717623905
14947,21980.80717623905
14948,21980.80717623905
14949,21980.80717623905
14950,21980.80717623905
14951,21980.80717623905
14952,21980.80717623905
14953,21980.80717623905
14954,21980.80717623905
14955,21980.80717623905
14956,21980.80717623905
14957,21980.80717623905
14958,21980.80717623905
14959,21980.80717623905
14960,21980.80717623905
14961,21980.80717623905
14962,21980.80717623905
14963,21980.80717623905
14964,21980.80717623905
14965,21980.80717623905
14966,21980.80717623905
14967,21980.80717623905
14968,21980.80717623905
14969,21980.80717623905
14970,21980.80717623905
14971,21980.80717623905
14972,21980.80717623905
14973,21980.80717623905
14974,21980.80717623905
14975,21980.80717623905
14976,21980.80717623905
14977,21980.80717623905
14978,21980.80717623905
14979,21980.80717623905
14980,21980.80717623905
14981,21980.80717623905
14982,21980.80717623905
14983,21980.80717623905
14984,21980.80717623905
14985,21980.80717623905
14986,21980.80717623905
14987,21980.80717623905
14988,21980.80717623905
14989,21980.80717623905
14990,21980.80717623905
14991,21980.80717623905
14992,21980.80717623905
14993,21980.80717623905
14994,21980.80717623905
14995,21980.80717623905
14996,21980.80717623905
14997,21980.80717623905
14998,21980.80717623905
14999,21980.80717623905
15000,21980.80717623905
15001,0.0
15002,0.0
15003,0.0
15004,0.0
15005,0.0
15006,0.0
15007,0.0
15008,0.0
15009,0.0
15010,0.0
15011,0.0
15012,0.0
15013,0.0
15014,0.0
15015,0.0
15016,0.0
15017,0.0
15018,0.0
15019,0.0
15020,0.0
15021,0.0
15022,0.0
15023,0.0
15024,0.0
15025,0.0
15026,0.0
15027,0.0
15028,0.0
15029,0.0
15030,0.0
15031,0.0
15032,0.0
15033,0.0
15034,0.0
15035,0.0
15036,0.0
15037,0.0
15038,0.0
15039,0.0
15040,0.0
15041,0.0
15042,0.0
15043,0.0
15044,0.0
15045,0.0
15046,0.0
15047,0.0
15048,0.0
15049,0.0
15050,0.0
15051,0.0
15052,0.0
15053,0.0
15054,0.0
15055,0.0
15056,0.0
15057,0.0
15058,0.0
15059,0.0
15060,0.0
15061,0.0
15062,0.0
15063,0.0
15064,0.0
15065,0.0
15066,0.0
15067,0.0
15068,0.0
15069,0.0
15070,0.0
15071,0.0
15072,0.0
15073,0.0
15074,0.0
15075,0.0
15076,0.0
15077,0.0
15078,0.0
15079,0.0
15080,0.0
15081,0.0
15082,0.0
15083,0.0
15084,0.0
15085,0.0
15086,0.0
15087,0.0
15088,0.0
15089,0.0
15090,0.0
15091,0.0
15092,0.0
15093,0.0
15094,0.0
15095,0.0
15096,0.0
15097,0.0
15098,0.0
15099,0.0
15100,0.0
15101,0.0
15102,0.0
15103,0.0
15104,0.0
15105,0.0
15106,0.0
15107,0.0
15108,0.0
15109,0.0
15110,0.0
15111,0.0
15112,0.0
15113,0.0
15114,0.0
15115,0.0
15116,0.0
15117,0.0
15118,0.0
15119,0.0
15120,0.0
15121,0.0
15122,0.0
15123,0.0
15124,0.0
15125,0.0
15126,0.0
15127,0.0
15128,0.0
15129,0.0
15130,0.0
15131,0.0
15132,0.0
15133,0.0
15134,0.0
15135,0.0
15136,0.0
15137,0.0
15138,0.0
15139,0.0
15140,0.0
15141,0.0
15142,0.0
15143,0.0
15144,0.0
15145,0.0
15146,0.0
15147,0.0
15148,0.0
15149,0.0
15150,0.0
15151,0.0
15152,0.0
15153,0.0
15154,0.0
15155,0.0
15156,0.0
15157,0.0
15158,0.0
15159,0.0
15160,0.0
15161,0.0
15162,0.0
15163,0.0
15164,0.0
15165,0.0
15166,0.0
15167,0.0
15168,0.0
15169,0.0
15170,0.0
15171,0.0
15172,0.0
15173,0.0
15174,0.0
15175,0.0
15176,0.0
15177,0.0
15178,0.0
15179,0.0
15180,0.0
15181,0.0
15182,0.0
15183,0.0
15184,0.0
15185,0.0
15186,0.0
15187,0.0
15188,0.0
15189,0.0
15190,0.0
15191,0.0
15192,0.0
15193,0.0
15194,0.0
15195,0.0
15196,0.0
15197,0.0
15198,0.0
15199,0.0
15200,0.0
15201,0.0
15202,0.0
15203,0.0
15204,0.0
15205,0.0
15206,0.0
15207,0.0
15208,0.0
15209,0.0
15210,0.0
15211,0.0
15212,0.0
15213,0.0
15214,0.0
15215,0.0
15216,0.0
15217,0.0
15218,0.0
15219,0.0
15220,0.0
15221,0.0
15222,0.0
15223,0.0
15224,0.0
15225,0.0
15226,0.0
15227,0.0
15228,0.0
15229,0.0
15230,0.0
15231,0.0
15232,0.0
15233,0.0
15234,0.0
15235,0.0
15236,0.0
15237,0.0
15238,0.0
15239,0.0
15240,0.0
15241,0.0
15242,0.0
15243,0.0
15244,0.0
15245,0.0
15246,0.0
15247,0.0
15248,0.0
15249,0.0
15250,0.0
15251,0.0
15252,0.0
15253,0.0
15254,0.0
15255,0.0
15256,0.0
15257,0.0
15258,0.0
15259,0.0
15260,0.0
15261,0.0
15262,0.0
15263,0.0
15264,0.0
15265,0.0
15266,0.0
15267,0.0
15268,0.0
15269,0.0
15270,0.0
15271,0.0
15272,0.0
15273,0.0
15274,0.0
15275,0.0
15276,0.0
15277,0.0
15278,0.0
15279,0.0
15280,0.0
15281,0.0
15282,0.0
15283,0.0
15284,0.0
15285,0.0
15286,0.0
15287,0.0
15288,0.0
15289,0.0
15290,0.0
15291,0.0
15292,0.0
15293,0.0
15294,0.0
15295,0.0
15296,0.0
15297,0.0
15298,0.0
15299,0.0
15300,0.0
15301,0.0
15302,0.0
15303,0.0
15304,0.0
15305,0.0
15306,0.0
15307,0.0
15308,0.0
15309,0.0
15310,0.0
15311,0.0
15312,0.0
15313,0.0
15314,0.0
15315,0.0
15316,0.0
15317,0.0
15318,0.0
15319,0.0
15320,0.0
15321,0.0
15322,0.0
15323,0.0
15324,0.0
15325,0.0
15326,0.0
15327,0.0
15328,0.0
15329,0.0
15330,0.0
15331,0.0
15332,0.0
15333,0.0
15334,0.0
15335,0.0
15336,0.0
15337,0.0
15338,0.0
15339,0.0
15340,0.0
15341,0.0
15342,0.0
15343,0.0
15344,0.0
15345,0.0
15346,0.0
15347,0.0
15348,0.0
15349,0.0
15350,0.0
15351,0.0
15352,0.0
15353,0.0
15354,0.0
15355,0.0
15356,0.0
15357,0.0
15358,0.0
15359,0.0
15360,0.0
15361,0.0
15362,0.0
15363,0.0
15364,0.0
15365,0.0
15366,0.0
15367,0.0
15368,0.0
15369,0.0
15370,0.0
15371,0.0
15372,0.0
15373,0.0
15374,0.0
15375,0.0
15376,0.0
15377,0.0
15378,0.0
15379,0.0
15380,0.0
15381,0.0
15382,0.0
15383,0.0
15384,0.0
15385,0.0
15386,0.0
15387,0.0
15388,0.0
15389,0.0
15390,0.0
15391,0.0
15392,0.0
15393,0.0
15394,0.0
15395,0.0
15396,0.0
15397,0.0
15398,0.0
15399,0.0
15400,0.0
15401,0.0
15402,0.0
15403,0.0
15404,0.0
15405,0.0
15406,0.0
15407,0.0
15408,0.0
15409,0.0
15410,0.0
15411,0.0
15412,0.0
15413,0.0
15414,0.0
15415,0.0
15416,0.0
15417,0.0
15418,0.0
15419,0.0
15420,0.0
15421,0.0
15422,0.0
15423,0.0
15424,0.0
15425,0.0
15426,0.0
15427,0.0
15428,0.0
15429,0.0
15430,0.0
15431,0.0
15432,0.0
15433,0.0
15434,0.0
15435,0.0
15436,0.0
15437,0.0
15438,0.0
15439,0.0
15440,0.0
15441,0.0
15442,0.0
15443,0.0
15444,0.0
15445,0.0
15446,0.0
15447,0.0
15448,0.0
15449,0.0
15450,0.0
15451,0.0
15452,0.0
15453,0.0
15454,0.0
15455,0.0
15456,0.0
15457,0.0
15458,0.0
15459,0.0
15460,0.0
15461,0.0
15462,0.0
15463,0.0
15464,0.0
15465,0.0
15466,0.0
15467,0.0
15468,0.0
15469,0.0
15470,0.0
15471,0.0
15472,0.0
15473,0.0
15474,0.0
15475,0.0
15476,0.0
15477,0.0
15478,0.0
15479,0.0
15480,0.0
15481,0.0
15482,0.0
15483,0.0
15484,0.0
15485,0.0
15486,0.0
15487,0.0
15488,0.0
15489,0.0
15490,0.0
15491,0.0
15492,0.0
15493,0.0
15494,0.0
15495,0.0
15496,0.0
15497,0.0
15498,0.0
15499,0.0
15500,0.0
15501,0.0
15502,0.0
15503,0.0
15504,0.0
15505,0.0
15506,0.0
15507,0.0
15508,0.0
15509,0.0
15510,0.0
15511,0.0
15512,0.0
15513,0.0
15514,0.0
15515,0.0
15516,0.0
15517,0.0
15518,0.0
15519,0.0
15520,0.0
15521,0.0
15522,0.0
15523,0.0
15524,0.0
15525,0.0
15526,0.0
15527,0.0
15528,0.0
15529,0.0
15530,0.0
15531,0.0
15532,0.0
15533,0.0
15534,0.0
15535,0.0
15536,0.0
15537,0.0
15538,0.0
15539,0.0
15540,0.0
15541,0.0
15542,0.0
15543,0.0
15544,0.0
15545,0.0
15546,0.0
15547,0.0
15548,0.0
15549,0.0
15550,0.0
15551,0.0
15552,0.0
15553,0.0
15554,0.0
15555,0.0
15556,0.0
15557,0.0
15558,0.0
15559,0.0
15560,0.0
15561,0.0
15562,0.0
15563,0.0
15564,0.0
15565,0.0
15566,0.0
15567,0.0
15568,0.0
15569,0.0
15570,0.0
15571,0.0
15572,0.0
15573,0.0
15574,0.0
15575,0.0
15576,0.0
15577,0.0
15578,0.0
15579,0.0
15580,0.0
15581,0.0
15582,0.0
15583,0.0
15584,0.0
15585,0.0
15586,0.0
15587,0.0
15588,0.0
15589,0.0
15590,0.0
15591,0.0
15592,0.0
15593,0.0
15594,0.0
15595,0.0
15596,0.0
15597,0.0
15598,0.0
15599,0.0
15600,0.0
15601,46694.76899162619
15602,46694.76899162619
15603,46694.76899162619
15604,46694.76899162619
15605,46694.76899162619
15606,46694.76899162619
15607,46694.76899162619
15608,46694.76899162619
15609,46694.76899162619
15610,46694.76899162619
15611,46694.76899162619
15612,46694.76899162619
15613,46694.76899162619
15614,46694.76899162619
15615,46694.76899162619
15616,46694.76899162619
15617,46694.76899162619
15618,46694.76899162619
15619,46694.76899162619
15620,46694.76899162619
15621,46694.76899162619
15622,46694.76899162619
15623,46694.76899162619
15624,46694.76899162619
15625,46694.76899162619
15626,46694.76899162619
15627,46694.76899162619
15628,46694.76899162619
15629,46694.76899162619
15630,46694.76899162619
15631,46694.76899162619
15632,46694.76899162619
15633,46694.76899162619
15634,46694.76899162619
15635,46694.76899162619
15636,46694.76899162619
15637,46694.76899162619
15638,46694.76899162619
15639,46694.76899162619
15640,46694.76899162619
15641,46694.76899162619
15642,46694.76899162619
15643,46694.76899162619
15644,46694.76899162619
15645,46694.76899162619
15646,46694.76899162619
15647,46694.76899162619
15648,46694.76899162619
15649,46694.76899162619
15650,46694.76899162619
15651,46694.76899162619
15652,46694.76899162619
15653,46694.76899162619
15654,46694.76899162619
15655,46694.76899162619
15656,46694.76899162619
15657,46694.76899162619
15658,46694.76899162619
15659,46694.76899162619
15660,46694.76899162619
15661,46694.76899162619
15662,46694.76899162619
15663,46694.76899162619
15664,46694.76899162619
15665,46694.76899162619
15666,46694.76899162619
15667,46694.76899162619
15668,46694.76899162619
15669,46694.76899162619
15670,46694.76899162619
15671,46694.76899162619
15672,46694.76899162619
15673,46694.76899162619
15674,46694.76899162619
15675,46694.76899162619
15676,46694.76899162619
15677,46694.76899162619
15678,46694.76899162619
15679,46694.76899162619
15680,46694.76899162619
15681,46694.76899162619
15682,46694.76899162619
15683,46694.76899162619
15684,46694.76899162619
15685,46694.76899162619
15686,46694.76899162619
15687,46694.76899162619
15688,46694.76899162619
15689,46694.76899162619
15690,46694.76899162619
15691,46694.76899162619
15692,46694.76899162619
15693,46694.76899162619
15694,46694.76899162619
15695,46694.76899162619
15696,46694.76899162619
15697,46694.76899162619
15698,46694.76899162619
15699,46694.76899162619
15700,46694.76899162619
15701,46694.76899162619
15702,46694.76899162619
15703,46694.76899162619
15704,46694.76899162619
15705,46694.76899162619
15706,46694.76899162619
15707,46694.76899162619
15708,46694.76899162619
15709,46694.76899162619
15710,46694.76899162619
15711,46694.76899162619
15712,46694.76899162619
15713,46694.76899162619
15714,46694.76899162619
15715,46694.76899162619
15716,46694.76899162619
15717,46694.76899162619
15718,46694.76899162619
15719,46694.76899162619
15720,46694.76899162619
15721,46694.76899162619
15722,46694.76899162619
15723,46694.76899162619
15724,46694.76899162619
15725,46694.76899162619
15726,46694.76899162619
15727,46694.76899162619
15728,46694.76899162619
15729,46694.76899162619
15730,46694.76899162619
15731,46694.76899162619
15732,46694.76899162619
15733,46694.76899162619
15734,46694.76899162619
15735,46694.76899162619
15736,46694.76899162619
15737,46694.76899162619
15738,46694.76899162619
15739,46694.76899162619
15740,46694.76899162619
15741,46694.76899162619
15742,46694.76899162619
15743,46694.76899162619
15744,46694.76899162619
15745,46694.76899162619
15746,46694.76899162619
15747,46694.76899162619
15748,46694.76899162619
15749,46694.76899162619
15750,46694.76899162619
15751,0.0
15752,0.0
15753,0.0
15754,0.0
15755,0.0
15756,0.0
15757,0.0
15758,0.0
15759,0.0
15760,0.0
15761,0.0
15762,0.0
15763,0.0
15764,0.0
15765,0.0
15766,0.0
15767,0.0
15768,0.0
15769,0.0
15770,0.0
15771,0.0
15772,0.0
15773,0.0
15774,0.0
15775,0.0
15776,0.0
15777,0.0
15778,0.0
15779,0.0
15780,0.0
15781,0.0
15782,0.0
15783,0.0
15784,0.0
15785,0.0
15786,0.0
15787,0.0
15788,0.0
15789,0.0
15790,0.0
15791,0.0
15792,0.0
15793,0.0
15794,0.0
15795,0.0
15796,0.0
15797,0.0
15798,0.0
15799,0.0
15800,0.0
15801,0.0
15802,0.0
15803,0.0
15804,0.0
15805,0.0
15806,0.0
15807,0.0
15808,0.0
15809,0.0
15810,0.0
15811,0.0
15812,0.0
15813,0.0
15814,0.0
15815,0.0
15816,0.0
15817,0.0
15818,0.0
15819,0.0
15820,0.0
15821,0.0
15822,0.0
15823,0.0
15824,0.0
15825,0.0
15826,0.0
15827,0.0
15828,0.0
15829,0.0
15830,0.0
15831,0.0
15832,0.0
15833,0.0
15834,0.0
15835,0.0
15836,0.0
15837,0.0
15838,0.0
15839,0.0
15840,0.0
15841,0.0
15842,0.0
15843,0.0
15844,0.0
15845,0.0
15846,0.0
15847,0.0
15848,0.0
15849,0.0
15850,0.0
15851,0.0
15852,0.0
15853,0.0
15854,0.0
15855,0.0
15856,0.0
15857,0.0
15858,0.0
15859,0.0
15860,0.0
15861,0.0
15862,0.0
15863,0.0
15864,0.0
15865,0.0
15866,0.0
15867,0.0
15868,0.0
15869,0.0
15870,0.0
15871,0.0
15872,0.0
15873,0.0
15874,0.0
15875,0.0
15876,0.0
15877,0.0
15878,0.0
15879,0.0
15880,0.0
15881,0.0
15882,0.0
15883,0.0
15884,0.0
15885,0.0
15886,0.0
15887,0.0
15888,0.0
15889,0.0
15890,0.0
15891,0.0
15892,0.0
15893,0.0
15894,0.0
15895,0.0
15896,0.0
15897,0.0
15898,0.0
15899,0.0
15900,0.0
15901,0.0
15902,0.0
15903,0.0
15904,0.0
15905,0.0
15906,0.0
15907,0.0
15908,0.0
15909,0.0
15910,0.0
15911,0.0
15912,0.0
15913,0.0
15914,0.0
15915,0.0
15916,0.0
15917,0.0
15918,0.0
15919,0.0
15920,0.0
15921,0.0
15922,0.0
15923,0.0
15924,0.0
15925,0.0
15926,0.0
15927,0.0
15928,0.0
15929,0.0
15930,0.0
15931,0.0
15932,0.0
15933,0.0
15934,0.0
15935,0.0
15936,0.0
15937,0.0
15938,0.0
15939,0.0
15940,0.0
15941,0.0
15942,0.0
15943,0.0
15944,0.0
15945,0.0
15946,0.0
15947,0.0
15948,0.0
15949,0.0
15950,0.0
15951,0.0
15952,0.0
15953,0.0
15954,0.0
15955,0.0
15956,0.0
15957,0.0
15958,0.0
15959,0.0
15960,0.0
15961,0.0
15962,0.0
15963,0.0
15964,0.0
15965,0.0
15966,0.0
15967,0.0
15968,0.0
15969,0.0
15970,0.0
15971,0.0
15972,0.0
15973,0.0
15974,0.0
15975,0.0
15976,0.0
15977,0.0
15978,0.0
15979,0.0
15980,0.0
15981,0.0
15982,0.0
15983,0.0
15984,0.0
15985,0.0
15986,0.0
15987,0.0
15988,0.0
15989,0.0
15990,0.0
15991,0.0
15992,0.0
15993,0.0
15994,0.0
15995,0.0
15996,0.0
15997,0.0
15998,0.0
15999,0.0
16000,0.0
16001,0.0
16002,0.0
16003,0.0
16004,0.0
16005,0.0
16006,0.0
16007,0.0
16008,0.0
16009,0.0
16010,0.0
16011,0.0
16012,0.0
16013,0.0
16014,0.0
16015,0.0
16016,0.0
16017,0.0
16018,0.0
16019,0.0
16020,0.0
16021,0.0
16022,0.0
16023,0.0
16024,0.0
16025,0.0
16026,0.0
16027,0.0
16028,0.0
16029,0.0
16030,0.0
16031,0.0
16032,0.0
16033,0.0
16034,0.0
16035,0.0
16036,0.0
16037,0.0
16038,0.0
16039,0.0
16040,0.0
16041,0.0
16042,0.0
16043,0.0
16044,0.0
16045,0.0
16046,0.0
16047,0.0
16048,0.0
16049,0.0
16050,0.0
16051,0.0
16052,0.0
16053,0.0
16054,0.0
16055,0.0
16056,0.0
16057,0.0
16058,0.0
16059,0.0
16060,0.0
16061,0.0
16062,0.0
16063,0.0
16064,0.0
16065,0.0
16066,0.0
16067,0.0
16068,0.0
16069,0.0
16070,0.0
16071,0.0
16072,0.0
16073,0.0
16074,0.0
16075,0.0
16076,0.0
16077,0.0
16078,0.0
16079,0.0
16080,0.0
16081,0.0
16082,0.0
16083,0.0
16084,0.0
16085,0.0
16086,0.0
16087,0.0
16088,0.0
16089,0.0
16090,0.0
16091,0.0
16092,0.0
16093,0.0
16094,0.0
16095,0.0
16096,0.0
16097,0.0
16098,0.0
16099,0.0
16100,0.0
16101,0.0
16102,0.0
16103,0.0
16104,0.0
16105,0.0
16106,0.0
16107,0.0
16108,0.0
16109,0.0
16110,0.0
16111,0.0
16112,0.0
16113,0.0
16114,0.0
16115,0.0
16116,0.0
16117,0.0
16118,0.0
16119,0.0
16120,0.0
16121,0.0
16122,0.0
16123,0.0
16124,0.0
16125,0.0
16126,0.0
16127,0.0
16128,0.0
16129,0.0
16130,0.0
16131,0.0
16132,0.0
16133,0.0
16134,0.0
16135,0.0
16136,0.0
16137,0.0
16138,0.0
16139,0.0
16140,0.0
16141,0.0
16142,0.0
16143,0.0
16144,0.0
16145,0.0
16146,0.0
16147,0.0
16148,0.0
16149,0.0
16150,0.0
16151,0.0
16152,0.0
16153,0.0
16154,0.0
16155,0.0
16156,0.0
16157,0.0
16158,0.0
16159,0.0
16160,0.0
16161,0.0
16162,0.0
16163,0.0
16164,0.0
16165,0.0
16166,0.0
16167,0.0
16168,0.0
16169,0.0
16170,0.0
16171,0.0
16172,0.0
16173,0.0
16174,0.0
16175,0.0
16176,0.0
16177,0.0
16178,0.0
16179,0.0
16180,0.0
16181,0.0
16182,0.0
16183,0.0
16184,0.0
16185,0.0
16186,0.0
16187,0.0
16188,0.0
16189,0.0
16190,0.0
16191,0.0
16192,0.0
16193,0.0
16194,0.0
16195,0.0
16196,0.0
16197,0.0
16198,0.0
16199,0.0
16200,0.0
16201,0.0
16202,0.0
16203,0.0
16204,0.0
16205,0.0
16206,0.0
16207,0.0
16208,0.0
16209,0.0
16210,0.0
16211,0.0
16212,0.0
16213,0.0
16214,0.0
16215,0.0
16216,0.0
16217,0.0
16218,0.0
16219,0.0
16220,0.0
16221,0.0
16222,0.0
16223,0.0
16224,0.0
16225,0.0
16226,0.0
16227,0.0
16228,0.0
16229,0.0
16230,0.0
16231,0.0
16232,0.0
16233,0.0
16234,0.0
16235,0.0
16236,0.0
16237,0.0
16238,0.0
16239,0.0
16240,0.0
16241,0.0
16242,0.0
16243,0.0
16244,0.0
16245,0.0
16246,0.0
16247,0.0
16248,0.0
16249,0.0
16250,0.0
16251,0.0
16252,0.0
16253,0.0
16254,0.0
16255,0.0
16256,0.0
16257,0.0
16258,0.0
16259,0.0
16260,0.0
16261,0.0
16262,0.0
16263,0.0
16264,0.0
16265,0.0
16266,0.0
16267,0.0
16268,0.0
16269,0.0
16270,0.0
16271,0.0
16272,0.0
16273,0.0
16274,0.0
16275,0.0
16276,0.0
16277,0.0
16278,0.0
16279,0.0
16280,0.0
16281,0.0
16282,0.0
16283,0.0
16284,0.0
16285,0.0
16286,0.0
16287,0.0
16288,0.0
16289,0.0
16290,0.0
16291,0.0
16292,0.0
16293,0.0
16294,0.0
16295,0.0
16296,0.0
16297,0.0
16298,0.0
16299,0.0
16300,0.0
16301,0.0
16302,0.0
16303,0.0
16304,0.0
16305,0.0
16306,0.0
16307,0.0
16308,0.0
16309,0.0
16310,0.0
16311,0.0
16312,0.0
16313,0.0
16314,0.0
16315,0.0
16316,0.0
16317,0.0
16318,0.0
16319,0.0
16320,0.0
16321,0.0
16322,0.0
16323,0.0
16324,0.0
16325,0.0
16326,0.0
16327,0.0
16328,0.0
16329,0.0
16330,0.0
16331,0.0
16332,0.0
16333,0.0
16334,0.0
16335,0.0
16336,0.0
16337,0.0
16338,0.0
16339,0.0
16340,0.0
16341,0.0
16342,0.0
16343,0.0
16344,0.0
16345,0.0
16346,0.0
16347,0.0
16348,0.0
16349,0.0
16350,0.0
16351,0.0
16352,0.0
16353,0.0
16354,0.0
16355,0.0
16356,0.0
16357,0.0
16358,0.0
16359,0.0
16360,0.0
16361,0.0
16362,0.0
16363,0.0
16364,0.0
16365,0.0
16366,0.0
16367,0.0
16368,0.0
16369,0.0
16370,0.0
16371,0.0
16372,0.0
16373,0.0
16374,0.0
16375,0.0
16376,0.0
16377,0.0
16378,0.0
16379,0.0
16380,0.0
16381,0.0
16382,0.0
16383,0.0
16384,0.0
16385,0.0
16386,0.0
16387,0.0
16388,0.0
16389,0.0
16390,0.0
16391,0.0
16392,0.0
16393,0.0
16394,0.0
16395,0.0
16396,0.0
16397,0.0
16398,0.0
16399,0.0
16400,0.0
16401,0.0
16402,0.0
16403,0.0
16404,0.0
16405,0.0
16406,0.0
16407,0.0
16408,0.0
16409,0.0
16410,0.0
16411,0.0
16412,0.0
16413,0.0
16414,0.0
16415,0.0
16416,0.0
16417,0.0
16418,0.0
16419,0.0
16420,0.0
16421,0.0
16422,0.0
16423,0.0
16424,0.0
16425,0.0
16426,0.0
16427,0.0
16428,0.0
16429,0.0
16430,0.0
16431,0.0
16432,0.0
16433,0.0
16434,0.0
16435,0.0
16436,0.0
16437,0.0
16438,0.0
16439,0.0
16440,0.0
16441,0.0
16442,0.0
16443,0.0
16444,0.0
16445,0.0
16446,0.0
16447,0.0
16448,0.0
16449,0.0
16450,0.0
16451,0.0
16452,0.0
16453,0.0
16454,0.0
16455,0.0
16456,0.0
16457,0.0
16458,0.0
16459,0.0
16460,0.0
16461,0.0
16462,0.0
16463,0.0
16464,0.0
16465,0.0
16466,0.0
16467,0.0
16468,0.0
16469,0.0
16470,0.0
16471,0.0
16472,0.0
16473,0.0
16474,0.0
16475,0.0
16476,0.0
16477,0.0
16478,0.0
16479,0.0
16480,0.0
16481,0.0
16482,0.0
16483,0.0
16484,0.0
16485,0.0
16486,0.0
16487,0.0
16488,0.0
16489,0.0
16490,0.0
16491,0.0
16492,0.0
16493,0.0
16494,0.0
16495,0.0
16496,0.0
16497,0.0
16498,0.0
16499,0.0
16500,0.0
16501,0.0
16502,0.0
16503,0.0
16504,0.0
16505,0.0
16506,0.0
16507,0.0
16508,0.0
16509,0.0
16510,0.0
16511,0.0
16512,0.0
16513,0.0
16514,0.0
16515,0.0
16516,0.0
16517,0.0
16518,0.0
16519,0.0
16520,0.0
16521,0.0
16522,0.0
16523,0.0
16524,0.0
16525,0.0
16526,0.0
16527,0.0
16528,0.0
16529,0.0
16530,0.0
16531,0.0
16532,0.0
16533,0.0
16534,0.0
16535,0.0
16536,0.0
16537,0.0
16538,0.0
16539,0.0
16540,0.0
16541,0.0
16542,0.0
16543,0.0
16544,0.0
16545,0.0
16546,0.0
16547,0.0
16548,0.0
16549,0.0
16550,0.0
16551,0.0
16552,0.0
16553,0.0
16554,0.0
16555,0.0
16556,0.0
16557,0.0
16558,0.0
16559,0.0
16560,0.0
16561,0.0
16562,0.0
16563,0.0
16564,0.0
16565,0.0
16566,0.0
16567,0.0
16568,0.0
16569,0.0
16570,0.0
16571,0.0
16572,0.0
16573,0.0
16574,0.0
16575,0.0
16576,0.0
16577,0.0
16578,0.0
16579,0.0
16580,0.0
16581,0.0
16582,0.0
16583,0.0
16584,0.0
16585,0.0
16586,0.0
16587,0.0
16588,0.0
16589,0.0
16590,0.0
16591,0.0
16592,0.0
16593,0.0
16594,0.0
16595,0.0
16596,0.0
16597,0.0
16598,0.0
16599,0.0
16600,0.0
16601,0.0
16602,0.0
16603,0.0
16604,0.0
16605,0.0
16606,0.0
16607,0.0
16608,0.0
16609,0.0
16610,0.0
16611,0.0
16612,0.0
16613,0.0
16614,0.0
16615,0.0
16616,0.0
16617,0.0
16618,0.0
16619,0.0
16620,0.0
16621,0.0
16622,0.0
16623,0.0
16624,0.0
16625,0.0
16626,0.0
16627,0.0
16628,0.0
16629,0.0
16630,0.0
16631,0.0
16632,0.0
16633,0.0
16634,0.0
16635,0.0
16636,0.0
16637,0.0
16638,0.0
16639,0.0
16640,0.0
16641,0.0
16642,0.0
16643,0.0
16644,0.0
16645,0.0
16646,0.0
16647,0.0
16648,0.0
16649,0.0
16650,0.0
16651,0.0
16652,0.0
16653,0.0
16654,0.0
16655,0.0
16656,0.0
16657,0.0
16658,0.0
16659,0.0
16660,0.0
16661,0.0
16662,0.0
16663,0.0
16664,0.0
16665,0.0
16666,0.0
16667,0.0
16668,0.0
16669,0.0
16670,0.0
16671,0.0
16672,0.0
16673,0.0
16674,0.0
16675,0.0
16676,0.0
16677,0.0
16678,0.0
16679,0.0
16680,0.0
16681,0.0
16682,0.0
16683,0.0
16684,0.0
16685,0.0
16686,0.0
16687,0.0
16688,0.0
16689,0.0
16690,0.0
16691,0.0
16692,0.0
16693,0.0
16694,0.0
16695,0.0
16696,0.0
16697,0.0
16698,0.0
16699,0.0
16700,0.0
16701,0.0
16702,0.0
16703,0.0
16704,0.0
16705,0.0
16706,0.0
16707,0.0
16708,0.0
16709,0.0
16710,0.0
16711,0.0
16712,0.0
16713,0.0
16714,0.0
16715,0.0
16716,0.0
16717,0.0
16718,0.0
16719,0.0
16720,0.0
16721,0.0
16722,0.0
16723,0.0
16724,0.0
16725,0.0
16726,0.0
16727,0.0
16728,0.0
16729,0.0
16730,0.0
16731,0.0
16732,0.0
16733,0.0
16734,0.0
16735,0.0
16736,0.0
16737,0.0
16738,0.0
16739,0.0
16740,0.0
16741,0.0
16742,0.0
16743,0.0
16744,0.0
16745,0.0
16746,0.0
16747,0.0
16748,0.0
16749,0.0
16750,0.0
16751,0.0
16752,0.0
16753,0.0
16754,0.0
16755,0.0
16756,0.0
16757,0.0
16758,0.0
16759,0.0
16760,0.0
16761,0.0
16762,0.0
16763,0.0
16764,0.0
16765,0.0
16766,0.0
16767,0.0
16768,0.0
16769,0.0
16770,0.0
16771,0.0
16772,0.0
16773,0.0
16774,0.0
16775,0.0
16776,0.0
16777,0.0
16778,0.0
16779,0.0
16780,0.0
16781,0.0
16782,0.0
16783,0.0
16784,0.0
16785,0.0
16786,0.0
16787,0.0
16788,0.0
16789,0.0
16790,0.0
16791,0.0
16792,0.0
16793,0.0
16794,0.0
16795,0.0
16796,0.0
16797,0.0
16798,0.0
16799,0.0
16800,0.0
16801,0.0
16802,0.0
16803,0.0
16804,0.0
16805,0.0
16806,0.0
16807,0.0
16808,0.0
16809,0.0
16810,0.0
16811,0.0
16812,0.0
16813,0.0
16814,0.0
16815,0.0
16816,0.0
16817,0.0
16818,0.0
16819,0.0
16820,0.0
16821,0.0
16822,0.0
16823,0.0
16824,0.0
16825,0.0
16826,0.0
16827,0.0
16828,0.0
16829,0.0
16830,0.0
16831,0.0
16832,0.0
16833,0.0
16834,0.0
16835,0.0
16836,0.0
16837,0.0
16838,0.0
16839,0.0
16840,0.0
16841,0.0
16842,0.0
16843,0.0
16844,0.0
16845,0.0
16846,0.0
16847,0.0
16848,0.0
16849,0.0
16850,0.0
16851,0.0
16852,0.0
16853,0.0
16854,0.0
16855,0.0
16856,0.0
16857,0.0
16858,0.0
16859,0.0
16860,0.0
16861,0.0
16862,0.0
16863,0.0
16864,0.0
16865,0.0
16866,0.0
16867,0.0
16868,0.0
16869,0.0
16870,0.0
16871,0.0
16872,0.0
16873,0.0
16874,0.0
16875,0.0
16876,0.0
16877,0.0
16878,0.0
16879,0.0
16880,0.0
16881,0.0
16882,0.0
16883,0.0
16884,0.0
16885,0.0
16886,0.0
16887,0.0
16888,0.0
16889,0.0
16890,0.0
16891,0.0
16892,0.0
16893,0.0
16894,0.0
16895,0.0
16896,0.0
16897,0.0
16898,0.0
16899,0.0
16900,0.0
16901,0.0
16902,0.0
16903,0.0
16904,0.0
16905,0.0
16906,0.0
16907,0.0
16908,0.0
16909,0.0
16910,0.0
16911,0.0
16912,0.0
16913,0.0
16914,0.0
16915,0.0
16916,0.0
16917,0.0
16918,0.0
16919,0.0
16920,0.0
16921,0.0
16922,0.0
16923,0.0
16924,0.0
16925,0.0
16926,0.0
16927,0.0
16928,0.0
16929,0.0
16930,0.0
16931,0.0
16932,0.0
16933,0.0
16934,0.0
16935,0.0
16936,0.0
16937,0.0
16938,0.0
16939,0.0
16940,0.0
16941,0.0
16942,0.0
16943,0.0
16944,0.0
16945,0.0
16946,0.0
16947,0.0
16948,0.0
16949,0.0
16950,0.0
16951,0.0
16952,0.0
16953,0.0
16954,0.0
16955,0.0
16956,0.0
16957,0.0
16958,0.0
16959,0.0
16960,0.0
16961,0.0
16962,0.0
16963,0.0
16964,0.0
16965,0.0
16966,0.0
16967,0.0
16968,0.0
16969,0.0
16970,0.0
16971,0.0
16972,0.0
16973,0.0
16974,0.0
16975,0.0
16976,0.0
16977,0.0
16978,0.0
16979,0.0
16980,0.0
16981,0.0
16982,0.0
16983,0.0
16984,0.0
16985,0.0
16986,0.0
16987,0.0
16988,0.0
16989,0.0
16990,0.0
16991,0.0
16992,0.0
16993,0.0
16994,0.0
16995,0.0
16996,0.0
16997,0.0
16998,0.0
16999,0.0
17000,0.0
17001,0.0
17002,0.0
17003,0.0
17004,0.0
17005,0.0
17006,0.0
17007,0.0
17008,0.0
17009,0.0
17010,0.0
17011,0.0
17012,0.0
17013,0.0
17014,0.0
17015,0.0
17016,0.0
17017,0.0
17018,0.0
17019,0.0
17020,0.0
17021,0.0
17022,0.0
17023,0.0
17024,0.0
17025,0.0
17026,0.0
17027,0.0
17028,0.0
17029,0.0
17030,0.0
17031,0.0
17032,0.0
17033,0.0
17034,0.0
17035,0.0
17036,0.0
17037,0.0
17038,0.0
17039,0.0
17040,0.0
17041,0.0
17042,0.0
17043,0.0
17044,0.0
17045,0.0
17046,0.0
17047,0.0
17048,0.0
17049,0.0
17050,0.0
17051,0.0
17052,0.0
17053,0.0
17054,0.0
17055,0.0
17056,0.0
17057,0.0
17058,0.0
17059,0.0
17060,0.0
17061,0.0
17062,0.0
17063,0.0
17064,0.0
17065,0.0
17066,0.0
17067,0.0
17068,0.0
17069,0.0
17070,0.0
17071,0.0
17072,0.0
17073,0.0
17074,0.0
17075,0.0
17076,0.0
17077,0.0
17078,0.0
17079,0.0
17080,0.0
17081,0.0
17082,0.0
17083,0.0
17084,0.0
17085,0.0
17086,0.0
17087,0.0
17088,0.0
17089,0.0
17090,0.0
17091,0.0
17092,0.0
17093,0.0
17094,0.0
17095,0.0
17096,0.0
17097,0.0
17098,0.0
17099,0.0
17100,0.0
17101,0.0
17102,0.0
17103,0.0
17104,0.0
17105,0.0
17106,0.0
17107,0.0
17108,0.0
17109,0.0
17110,0.0
17111,0.0
17112,0.0
17113,0.0
17114,0.0
17115,0.0
17116,0.0
17117,0.0
17118,0.0
17119,0.0
17120,0.0
17121,0.0
17122,0.0
17123,0.0
17124,0.0
17125,0.0
17126,0.0
17127,0.0
17128,0.0
17129,0.0
17130,0.0
17131,0.0
17132,0.0
17133,0.0
17134,0.0
17135,0.0
17136,0.0
17137,0.0
17138,0.0
17139,0.0
17140,0.0
17141,0.0
17142,0.0
17143,0.0
17144,0.0
17145,0.0
17146,0.0
17147,0.0
17148,0.0
17149,0.0
17150,0.0
17151,0.0
17152,0.0
17153,0.0
17154,0.0
17155,0.0
17156,0.0
17157,0.0
17158,0.0
17159,0.0
17160,0.0
17161,0.0
17162,0.0
17163,0.0
17164,0.0
17165,0.0
17166,0.0
17167,0.0
17168,0.0
17169,0.0
17170,0.0
17171,0.0
17172,0.0
17173,0.0
17174,0.0
17175,0.0
17176,0.0
17177,0.0
17178,0.0
17179,0.0
17180,0.0
17181,0.0
17182,0.0
17183,0.0
17184,0.0
17185,0.0
17186,0.0
17187,0.0
17188,0.0
17189,0.0
17190,0.0
17191,0.0
17192,0.0
17193,0.0
17194,0.0
17195,0.0
17196,0.0
17197,0.0
17198,0.0
17199,0.0
17200,0.0
17201,0.0
17202,0.0
17203,0.0
17204,0.0
17205,0.0
17206,0.0
17207,0.0
17208,0.0
17209,0.0
17210,0.0
17211,0.0
17212,0.0
17213,0.0
17214,0.0
17215,0.0
17216,0.0
17217,0.0
17218,0.0
17219,0.0
17220,0.0
17221,0.0
17222,0.0
17223,0.0
17224,0.0
17225,0.0
17226,0.0
17227,0.0
17228,0.0
17229,0.0
17230,0.0
17231,0.0
17232,0.0
17233,0.0
17234,0.0
17235,0.0
17236,0.0
17237,0.0
17238,0.0
17239,0.0
17240,0.0
17241,0.0
17242,0.0
17243,0.0
17244,0.0
17245,0.0
17246,0.0
17247,0.0
17248,0.0
17249,0.0
17250,0.0
17251,0.0
17252,0.0
17253,0.0
17254,0.0
17255,0.0
17256,0.0
17257,0.0
17258,0.0
17259,0.0
17260,0.0
17261,0.0
17262,0.0
17263,0.0
17264,0.0
17265,0.0
17266,0.0
17267,0.0
17268,0.0
17269,0.0
17270,0.0
17271,0.0
17272,0.0
17273,0.0
17274,0.0
17275,0.0
17276,0.0
17277,0.0
17278,0.0
17279,0.0
17280,0.0
17281,0.0
17282,0.0
17283,0.0
17284,0.0
17285,0.0
17286,0.0
17287,0.0
17288,0.0
17289,0.0
17290,0.0
17291,0.0
17292,0.0
17293,0.0
17294,0.0
17295,0.0
17296,0.0
17297,0.0
17298,0.0
17299,0.0
17300,0.0
17301,0.0
17302,0.0
17303,0.0
17304,0.0
17305,0.0
17306,0.0
17307,0.0
17308,0.0
17309,0.0
17310,0.0
17311,0.0
17312,0.0
17313,0.0
17314,0.0
17315,0.0
17316,0.0
17317,0.0
17318,0.0
17319,0.0
17320,0.0
17321,0.0
17322,0.0
17323,0.0
17324,0.0
17325,0.0
17326,0.0
17327,0.0
17328,0.0
17329,0.0
17330,0.0
17331,0.0
17332,0.0
17333,0.0
17334,0.0
17335,0.0
17336,0.0
17337,0.0
17338,0.0
17339,0.0
17340,0.0
17341,0.0
17342,0.0
17343,0.0
17344,0.0
17345,0.0
17346,0.0
17347,0.0
17348,0.0
17349,0.0
17350,0.0
17351,0.0
17352,0.0
17353,0.0
17354,0.0
17355,0.0
17356,0.0
17357,0.0
17358,0.0
17359,0.0
17360,0.0
17361,0.0
17362,0.0
17363,0.0
17364,0.0
17365,0.0
17366,0.0
17367,0.0
17368,0.0
17369,0.0
17370,0.0
17371,0.0
17372,0.0
17373,0.0
17374,0.0
17375,0.0
17376,0.0
17377,0.0
17378,0.0
17379,0.0
17380,0.0
17381,0.0
17382,0.0
17383,0.0
17384,0.0
17385,0.0
17386,0.0
17387,0.0
17388,0.0
17389,0.0
17390,0.0
17391,0.0
17392,0.0
17393,0.0
17394,0.0
17395,0.0
17396,0.0
17397,0.0
17398,0.0
17399,0.0
17400,0.0
17401,0.0
17402,0.0
17403,0.0
17404,0.0
17405,0.0
17406,0.0
17407,0.0
17408,0.0
17409,0.0
17410,0.0
17411,0.0
17412,0.0
17413,0.0
17414,0.0
17415,0.0
17416,0.0
17417,0.0
17418,0.0
17419,0.0
17420,0.0
17421,0.0
17422,0.0
17423,0.0
17424,0.0
17425,0.0
17426,0.0
17427,0.0
17428,0.0
17429,0.0
17430,0.0
17431,0.0
17432,0.0
17433,0.0
17434,0.0
17435,0.0
17436,0.0
17437,0.0
17438,0.0
17439,0.0
17440,0.0
17441,0.0
17442,0.0
17443,0.0
17444,0.0
17445,0.0
17446,0.0
17447,0.0
17448,0.0
17449,0.0
17450,0.0
17451,0.0
17452,0.0
17453,0.0
17454,0.0
17455,0.0
17456,0.0
17457,0.0
17458,0.0
17459,0.0
17460,0.0
17461,0.0
17462,0.0
17463,0.0
17464,0.0
17465,0.0
17466,0.0
17467,0.0
17468,0.0
17469,0.0
17470,0.0
17471,0.0
17472,0.0
17473,0.0
17474,0.0
17475,0.0
17476,0.0
17477,0.0
17478,0.0
17479,0.0
17480,0.0
17481,0.0
17482,0.0
17483,0.0
17484,0.0
17485,0.0
17486,0.0
17487,0.0
17488,0.0
17489,0.0
17490,0.0
17491,0.0
17492,0.0
17493,0.0
17494,0.0
17495,0.0
17496,0.0
17497,0.0
17498,0.0
17499,0.0
17500,0.0
17501,0.0
17502,0.0
17503,0.0
17504,0.0
17505,0.0
17506,0.0
17507,0.0
17508,0.0
17509,0.0
17510,0.0
17511,0.0
17512,0.0
17513,0.0
17514,0.0
17515,0.0
17516,0.0
17517,0.0
17518,0.0
17519,0.0
17520,0.0
17521,0.0
17522,0.0
17523,0.0
17524,0.0
17525,0.0
17526,0.0
17527,0.0
17528,0.0
17529,0.0
17530,0.0
17531,0.0
17532,0.0
17533,0.0
17534,0.0
17535,0.0
17536,0.0
17537,0.0
17538,0.0
17539,0.0
17540,0.0
17541,0.0
17542,0.0
17543,0.0
17544,0.0
17545,0.0
17546,0.0
17547,0.0
17548,0.0
17549,0.0
17550,0.0
17551,0.0
17552,0.0
17553,0.0
17554,0.0
17555,0.0
17556,0.0
17557,0.0
17558,0.0
17559,0.0
17560,0.0
17561,0.0
17562,0.0
17563,0.0
17564,0.0
17565,0.0
17566,0.0
17567,0.0
17568,0.0
17569,0.0
17570,0.0
17571,0.0
17572,0.0
17573,0.0
17574,0.0
17575,0.0
17576,0.0
17577,0.0
17578,0.0
17579,0.0
17580,0.0
17581,0.0
17582,0.0
17583,0.0
17584,0.0
17585,0.0
17586,0.0
17587,0.0
17588,0.0
17589,0.0
17590,0.0
17591,0.0
17592,0.0
17593,0.0
17594,0.0
17595,0.0
17596,0.0
17597,0.0
17598,0.0
17599,0.0
17600,0.0
17601,0.0
17602,0.0
17603,0.0
17604,0.0
17605,0.0
17606,0.0
17607,0.0
17608,0.0
17609,0.0
17610,0.0
17611,0.0
17612,0.0
17613,0.0
17614,0.0
17615,0.0
17616,0.0
17617,0.0
17618,0.0
17619,0.0
17620,0.0
17621,0.0
17622,0.0
17623,0.0
17624,0.0
17625,0.0
17626,0.0
17627,0.0
17628,0.0
17629,0.0
17630,0.0
17631,0.0
17632,0.0
17633,0.0
17634,0.0
17635,0.0
17636,0.0
17637,0.0
17638,0.0
17639,0.0
17640,0.0
17641,0.0
17642,0.0
17643,0.0
17644,0.0
17645,0.0
17646,0.0
17647,0.0
17648,0.0
17649,0.0
17650,0.0
17651,0.0
17652,0.0
17653,0.0
17654,0.0
17655,0.0
17656,0.0
17657,0.0
17658,0.0
17659,0.0
17660,0.0
17661,0.0
17662,0.0
17663,0.0
17664,0.0
17665,0.0
17666,0.0
17667,0.0
17668,0.0
17669,0.0
17670,0.0
17671,0.0
17672,0.0
17673,0.0
17674,0.0
17675,0.0
17676,0.0
17677,0.0
17678,0.0
17679,0.0
17680,0.0
17681,0.0
17682,0.0
17683,0.0
17684,0.0
17685,0.0
17686,0.0
17687,0.0
17688,0.0
17689,0.0
17690,0.0
17691,0.0
17692,0.0
17693,0.0
17694,0.0
17695,0.0
17696,0.0
17697,0.0
17698,0.0
17699,0.0
17700,0.0
17701,0.0
17702,0.0
17703,0.0
17704,0.0
17705,0.0
17706,0.0
17707,0.0
17708,0.0
17709,0.0
17710,0.0
17711,0.0
17712,0.0
17713,0.0
17714,0.0
17715,0.0
17716,0.0
17717,0.0
17718,0.0
17719,0.0
17720,0.0
17721,0.0
17722,0.0
17723,0.0
17724,0.0
17725,0.0
17726,0.0
17727,0.0
17728,0.0
17729,0.0
17730,0.0
17731,0.0
17732,0.0
17733,0.0
17734,0.0
17735,0.0
17736,0.0
17737,0.0
17738,0.0
17739,0.0
17740,0.0
17741,0.0
17742,0.0
17743,0.0
17744,0.0
17745,0.0
17746,0.0
17747,0.0
17748,0.0
17749,0.0
17750,0.0
17751,0.0
17752,0.0
17753,0.0
17754,0.0
17755,0.0
17756,0.0
17757,0.0
17758,0.0
17759,0.0
17760,0.0
17761,0.0
17762,0.0
17763,0.0
17764,0.0
17765,0.0
17766,0.0
17767,0.0
17768,0.0
17769,0.0
17770,0.0
17771,0.0
17772,0.0
17773,0.0
17774,0.0
17775,0.0
17776,0.0
17777,0.0
17778,0.0
17779,0.0
17780,0.0
17781,0.0
17782,0.0
17783,0.0
17784,0.0
17785,0.0
17786,0.0
17787,0.0
17788,0.0
17789,0.0
17790,0.0
17791,0.0
17792,0.0
17793,0.0
17794,0.0
17795,0.0
17796,0.0
17797,0.0
17798,0.0
17799,0.0
17800,0.0
17801,0.0
17802,0.0
17803,0.0
17804,0.0
17805,0.0
17806,0.0
17807,0.0
17808,0.0
17809,0.0
17810,0.0
17811,0.0
17812,0.0
17813,0.0
17814,0.0
17815,0.0
17816,0.0
17817,0.0
17818,0.0
17819,0.0
17820,0.0
17821,0.0
17822,0.0
17823,0.0
17824,0.0
17825,0.0
17826,0.0
17827,0.0
17828,0.0
17829,0.0
17830,0.0
17831,0.0
17832,0.0
17833,0.0
17834,0.0
17835,0.0
17836,0.0
17837,0.0
17838,0.0
17839,0.0
17840,0.0
17841,0.0
17842,0.0
17843,0.0
17844,0.0
17845,0.0
17846,0.0
17847,0.0
17848,0.0
17849,0.0
17850,0.0
17851,0.0
17852,0.0
17853,0.0
17854,0.0
17855,0.0
17856,0.0
17857,0.0
17858,0.0
17859,0.0
17860,0.0
17861,0.0
17862,0.0
17863,0.0
17864,0.0
17865,0.0
17866,0.0
17867,0.0
17868,0.0
17869,0.0
17870,0.0
17871,0.0
17872,0.0
17873,0.0
17874,0.0
17875,0.0
17876,0.0
17877,0.0
17878,0.0
17879,0.0
17880,0.0
17881,0.0
17882,0.0
17883,0.0
17884,0.0
17885,0.0
17886,0.0
17887,0.0
17888,0.0
17889,0.0
17890,0.0
17891,0.0
17892,0.0
17893,0.0
17894,0.0
17895,0.0
17896,0.0
17897,0.0
17898,0.0
17899,0.0
17900,0.0
17901,0.0
17902,0.0
17903,0.0
17904,0.0
17905,0.0
17906,0.0
17907,0.0
17908,0.0
17909,0.0
17910,0.0
17911,0.0
17912,0.0
17913,0.0
17914,0.0
17915,0.0
17916,0.0
17917,0.0
17918,0.0
17919,0.0
17920,0.0
17921,0.0
17922,0.0
17923,0.0
17924,0.0
17925,0.0
17926,0.0
17927,0.0
17928,0.0
17929,0.0
17930,0.0
17931,0.0
17932,0.0
17933,0.0
17934,0.0
17935,0.0
17936,0.0
17937,0.0
17938,0.0
17939,0.0
17940,0.0
17941,0.0
17942,0.0
17943,0.0
17944,0.0
17945,0.0
17946,0.0
17947,0.0
17948,0.0
17949,0.0
17950,0.0
17951,0.0
17952,0.0
17953,0.0
17954,0.0
17955,0.0
17956,0.0
17957,0.0
17958,0.0
17959,0.0
17960,0.0
17961,0.0
17962,0.0
17963,0.0
17964,0.0
17965,0.0
17966,0.0
17967,0.0
17968,0.0
17969,0.0
17970,0.0
17971,0.0
17972,0.0
17973,0.0
17974,0.0
17975,0.0
17976,0.0
17977,0.0
17978,0.0
17979,0.0
17980,0.0
17981,0.0
17982,0.0
17983,0.0
17984,0.0
17985,0.0
17986,0.0
17987,0.0
17988,0.0
17989,0.0
17990,0.0
17991,0.0
17992,0.0
17993,0.0
17994,0.0
17995,0.0
17996,0.0
17997,0.0
17998,0.0
17999,0.0
18000,0.0
18001,0.0
18002,0.0
18003,0.0
18004,0.0
18005,0.0
18006,0.0
18007,0.0
18008,0.0
18009,0.0
18010,0.0
18011,0.0
18012,0.0
18013,0.0
18014,0.0
18015,0.0
18016,0.0
18017,0.0
18018,0.0
18019,0.0
18020,0.0
18021,0.0
18022,0.0
18023,0.0
18024,0.0
18025,0.0
18026,0.0
18027,0.0
18028,0.0
18029,0.0
18030,0.0
18031,0.0
18032,0.0
18033,0.0
18034,0.0
18035,0.0
18036,0.0
18037,0.0
18038,0.0
18039,0.0
18040,0.0
18041,0.0
18042,0.0
18043,0.0
18044,0.0
18045,0.0
18046,0.0
18047,0.0
18048,0.0
18049,0.0
18050,0.0
18051,0.0
18052,0.0
18053,0.0
18054,0.0
18055,0.0
18056,0.0
18057,0.0
18058,0.0
18059,0.0
18060,0.0
18061,0.0
18062,0.0
18063,0.0
18064,0.0
18065,0.0
18066,0.0
18067,0.0
18068,0.0
18069,0.0
18070,0.0
18071,0.0
18072,0.0
18073,0.0
18074,0.0
18075,0.0
18076,0.0
18077,0.0
18078,0.0
18079,0.0
18080,0.0
18081,0.0
18082,0.0
18083,0.0
18084,0.0
18085,0.0
18086,0.0
18087,0.0
18088,0.0
18089,0.0
18090,0.0
18091,0.0
18092,0.0
18093,0.0
18094,0.0
18095,0.0
18096,0.0
18097,0.0
18098,0.0
18099,0.0
18100,0.0
18101,0.0
18102,0.0
18103,0.0
18104,0.0
18105,0.0
18106,0.0
18107,0.0
18108,0.0
18109,0.0
18110,0.0
18111,0.0
18112,0.0
18113,0.0
18114,0.0
18115,0.0
18116,0.0
18117,0.0
18118,0.0
18119,0.0
18120,0.0
18121,0.0
18122,0.0
18123,0.0
18124,0.0
18125,0.0
18126,0.0
18127,0.0
18128,0.0
18129,0.0
18130,0.0
18131,0.0
18132,0.0
18133,0.0
18134,0.0
18135,0.0
18136,0.0
18137,0.0
18138,0.0
18139,0.0
18140,0.0
18141,0.0
18142,0.0
18143,0.0
18144,0.0
18145,0.0
18146,0.0
18147,0.0
18148,0.0
18149,0.0
18150,0.0
18151,0.0
18152,0.0
18153,0.0
18154,0.0
18155,0.0
18156,0.0
18157,0.0
18158,0.0
18159,0.0
18160,0.0
18161,0.0
18162,0.0
18163,0.0
18164,0.0
18165,0.0
18166,0.0
18167,0.0
18168,0.0
18169,0.0
18170,0.0
18171,0.0
18172,0.0
18173,0.0
18174,0.0
18175,0.0
18176,0.0
18177,0.0
18178,0.0
18179,0.0
18180,0.0
18181,0.0
18182,0.0
18183,0.0
18184,0.0
18185,0.0
18186,0.0
18187,0.0
18188,0.0
18189,0.0
18190,0.0
18191,0.0
18192,0.0
18193,0.0
18194,0.0
18195,0.0
18196,0.0
18197,0.0
18198,0.0
18199,0.0
18200,0.0
18201,0.0
18202,0.0
18203,0.0
18204,0.0
18205,0.0
18206,0.0
18207,0.0
18208,0.0
18209,0.0
18210,0.0
18211,0.0
18212,0.0
18213,0.0
18214,0.0
18215,0.0
18216,0.0
18217,0.0
18218,0.0
18219,0.0
18220,0.0
18221,0.0
18222,0.0
18223,0.0
18224,0.0
18225,0.0
18226,0.0
18227,0.0
18228,0.0
18229,0.0
18230,0.0
18231,0.0
18232,0.0
18233,0.0
18234,0.0
18235,0.0
18236,0.0
18237,0.0
18238,0.0
18239,0.0
18240,0.0
18241,0.0
18242,0.0
18243,0.0
18244,0.0
18245,0.0
18246,0.0
18247,0.0
18248,0.0
18249,0.0
18250,0.0
18251,0.0
18252,0.0
18253,0.0
18254,0.0
18255,0.0
18256,0.0
18257,0.0
18258,0.0
18259,0.0
18260,0.0
18261,0.0
18262,0.0
18263,0.0
18264,0.0
18265,0.0
18266,0.0
18267,0.0
18268,0.0
18269,0.0
18270,0.0
18271,0.0
18272,0.0
18273,0.0
18274,0.0
18275,0.0
18276,0.0
18277,0.0
18278,0.0
18279,0.0
18280,0.0
18281,0.0
18282,0.0
18283,0.0
18284,0.0
18285,0.0
18286,0.0
18287,0.0
18288,0.0
18289,0.0
18290,0.0
18291,0.0
18292,0.0
18293,0.0
18294,0.0
18295,0.0
18296,0.0
18297,0.0
18298,0.0
18299,0.0
18300,0.0
18301,0.0
18302,0.0
18303,0.0
18304,0.0
18305,0.0
18306,0.0
18307,0.0
18308,0.0
18309,0.0
18310,0.0
18311,0.0
18312,0.0
18313,0.0
18314,0.0
18315,0.0
18316,0.0
18317,0.0
18318,0.0
18319,0.0
18320,0.0
18321,0.0
18322,0.0
18323,0.0
18324,0.0
18325,0.0
18326,0.0
18327,0.0
18328,0.0
18329,0.0
18330,0.0
18331,0.0
18332,0.0
18333,0.0
18334,0.0
18335,0.0
18336,0.0
18337,0.0
18338,0.0
18339,0.0
18340,0.0
18341,0.0
18342,0.0
18343,0.0
18344,0.0
18345,0.0
18346,0.0
18347,0.0
18348,0.0
18349,0.0
18350,0.0
18351,0.0
18352,0.0
18353,0.0
18354,0.0
18355,0.0
18356,0.0
18357,0.0
18358,0.0
18359,0.0
18360,0.0
18361,0.0
18362,0.0
18363,0.0
18364,0.0
18365,0.0
18366,0.0
18367,0.0
18368,0.0
18369,0.0
18370,0.0
18371,0.0
18372,0.0
18373,0.0
18374,0.0
18375,0.0
18376,0.0
18377,0.0
18378,0.0
18379,0.0
18380,0.0
18381,0.0
18382,0.0
18383,0.0
18384,0.0
18385,0.0
18386,0.0
18387,0.0
18388,0.0
18389,0.0
18390,0.0
18391,0.0
18392,0.0
18393,0.0
18394,0.0
18395,0.0
18396,0.0
18397,0.0
18398,0.0
18399,0.0
18400,0.0
18401,0.0
18402,0.0
18403,0.0
18404,0.0
18405,0.0
18406,0.0
18407,0.0
18408,0.0
18409,0.0
18410,0.0
18411,0.0
18412,0.0
18413,0.0
18414,0.0
18415,0.0
18416,0.0
18417,0.0
18418,0.0
18419,0.0
18420,0.0
18421,0.0
18422,0.0
18423,0.0
18424,0.0
18425,0.0
18426,0.0
18427,0.0
18428,0.0
18429,0.0
18430,0.0
18431,0.0
18432,0.0
18433,0.0
18434,0.0
18435,0.0
18436,0.0
18437,0.0
18438,0.0
18439,0.0
18440,0.0
18441,0.0
18442,0.0
18443,0.0
18444,0.0
18445,0.0
18446,0.0
18447,0.0
18448,0.0
18449,0.0
18450,0.0
18451,0.0
18452,0.0
18453,0.0
18454,0.0
18455,0.0
18456,0.0
18457,0.0
18458,0.0
18459,0.0
18460,0.0
18461,0.0
18462,0.0
18463,0.0
18464,0.0
18465,0.0
18466,0.0
18467,0.0
18468,0.0
18469,0.0
18470,0.0
18471,0.0
18472,0.0
18473,0.0
18474,0.0
18475,0.0
18476,0.0
18477,0.0
18478,0.0
18479,0.0
18480,0.0
18481,0.0
18482,0.0
18483,0.0
18484,0.0
18485,0.0
18486,0.0
18487,0.0
18488,0.0
18489,0.0
18490,0.0
18491,0.0
18492,0.0
18493,0.0
18494,0.0
18495,0.0
18496,0.0
18497,0.0
18498,0.0
18499,0.0
18500,0.0
18501,0.0
18502,0.0
18503,0.0
18504,0.0
18505,0.0
18506,0.0
18507,0.0
18508,0.0
18509,0.0
18510,0.0
18511,0.0
18512,0.0
18513,0.0
18514,0.0
18515,0.0
18516,0.0
18517,0.0
18518,0.0
18519,0.0
18520,0.0
18521,0.0
18522,0.0
18523,0.0
18524,0.0
18525,0.0
18526,0.0
18527,0.0
18528,0.0
18529,0.0
18530,0.0
18531,0.0
18532,0.0
18533,0.0
18534,0.0
18535,0.0
18536,0.0
18537,0.0
18538,0.0
18539,0.0
18540,0.0
18541,0.0
18542,0.0
18543,0.0
18544,0.0
18545,0.0
18546,0.0
18547,0.0
18548,0.0
18549,0.0
18550,0.0
18551,0.0
18552,0.0
18553,0.0
18554,0.0
18555,0.0
18556,0.0
18557,0.0
18558,0.0
18559,0.0
18560,0.0
18561,0.0
18562,0.0
18563,0.0
18564,0.0
18565,0.0
18566,0.0
18567,0.0
18568,0.0
18569,0.0
18570,0.0
18571,0.0
18572,0.0
18573,0.0
18574,0.0
18575,0.0
18576,0.0
18577,0.0
18578,0.0
18579,0.0
18580,0.0
18581,0.0
18582,0.0
18583,0.0
18584,0.0
18585,0.0
18586,0.0
18587,0.0
18588,0.0
18589,0.0
18590,0.0
18591,0.0
18592,0.0
18593,0.0
18594,0.0
18595,0.0
18596,0.0
18597,0.0
18598,0.0
18599,0.0
18600,0.0
18601,0.0
18602,0.0
18603,0.0
18604,0.0
18605,0.0
18606,0.0
18607,0.0
18608,0.0
18609,0.0
18610,0.0
18611,0.0
18612,0.0
18613,0.0
18614,0.0
18615,0.0
18616,0.0
18617,0.0
18618,0.0
18619,0.0
18620,0.0
18621,0.0
18622,0.0
18623,0.0
18624,0.0
18625,0.0
18626,0.0
18627,0.0
18628,0.0
18629,0.0
18630,0.0
18631,0.0
18632,0.0
18633,0.0
18634,0.0
18635,0.0
18636,0.0
18637,0.0
18638,0.0
18639,0.0
18640,0.0
18641,0.0
18642,0.0
18643,0.0
18644,0.0
18645,0.0
18646,0.0
18647,0.0
18648,0.0
18649,0.0
18650,0.0
18651,0.0
18652,0.0
18653,0.0
18654,0.0
18655,0.0
18656,0.0
18657,0.0
18658,0.0
18659,0.0
18660,0.0
18661,0.0
18662,0.0
18663,0.0
18664,0.0
18665,0.0
18666,0.0
18667,0.0
18668,0.0
18669,0.0
18670,0.0
18671,0.0
18672,0.0
18673,0.0
18674,0.0
18675,0.0
18676,0.0
18677,0.0
18678,0.0
18679,0.0
18680,0.0
18681,0.0
18682,0.0
18683,0.0
18684,0.0
18685,0.0
18686,0.0
18687,0.0
18688,0.0
18689,0.0
18690,0.0
18691,0.0
18692,0.0
18693,0.0
18694,0.0
18695,0.0
18696,0.0
18697,0.0
18698,0.0
18699,0.0
18700,0.0
18701,0.0
18702,0.0
18703,0.0
18704,0.0
18705,0.0
18706,0.0
18707,0.0
18708,0.0
18709,0.0
18710,0.0
18711,0.0
18712,0.0
18713,0.0
18714,0.0
18715,0.0
18716,0.0
18717,0.0
18718,0.0
18719,0.0
18720,0.0
18721,0.0
18722,0.0
18723,0.0
18724,0.0
18725,0.0
18726,0.0
18727,0.0
18728,0.0
18729,0.0
18730,0.0
18731,0.0
18732,0.0
18733,0.0
18734,0.0
18735,0.0
18736,0.0
18737,0.0
18738,0.0
18739,0.0
18740,0.0
18741,0.0
18742,0.0
18743,0.0
18744,0.0
18745,0.0
18746,0.0
18747,0.0
18748,0.0
18749,0.0
18750,0.0
18751,0.0
18752,0.0
18753,0.0
18754,0.0
18755,0.0
18756,0.0
18757,0.0
18758,0.0
18759,0.0
18760,0.0
18761,0.0
18762,0.0
18763,0.0
18764,0.0
18765,0.0
18766,0.0
18767,0.0
18768,0.0
18769,0.0
18770,0.0
18771,0.0
18772,0.0
18773,0.0
18774,0.0
18775,0.0
18776,0.0
18777,0.0
18778,0.0
18779,0.0
18780,0.0
18781,0.0
18782,0.0
18783,0.0
18784,0.0
18785,0.0
18786,0.0
18787,0.0
18788,0.0
18789,0.0
18790,0.0
18791,0.0
18792,0.0
18793,0.0
18794,0.0
18795,0.0
18796,0.0
18797,0.0
18798,0.0
18799,0.0
18800,0.0
18801,0.0
18802,0.0
18803,0.0
18804,0.0
18805,0.0
18806,0.0
18807,0.0
18808,0.0
18809,0.0
18810,0.0
18811,0.0
18812,0.0
18813,0.0
18814,0.0
18815,0.0
18816,0.0
18817,0.0
18818,0.0
18819,0.0
18820,0.0
18821,0.0
18822,0.0
18823,0.0
18824,0.0
18825,0.0
18826,0.0
18827,0.0
18828,0.0
18829,0.0
18830,0.0
18831,0.0
18832,0.0
18833,0.0
18834,0.0
18835,0.0
18836,0.0
18837,0.0
18838,0.0
18839,0.0
18840,0.0
18841,0.0
18842,0.0
18843,0.0
18844,0.0
18845,0.0
18846,0.0
18847,0.0
18848,0.0
18849,0.0
18850,0.0
18851,0.0
18852,0.0
18853,0.0
18854,0.0
18855,0.0
18856,0.0
18857,0.0
18858,0.0
18859,0.0
18860,0.0
18861,0.0
18862,0.0
18863,0.0
18864,0.0
18865,0.0
18866,0.0
18867,0.0
18868,0.0
18869,0.0
18870,0.0
18871,0.0
18872,0.0
18873,0.0
18874,0.0
18875,0.0
18876,0.0
18877,0.0
18878,0.0
18879,0.0
18880,0.0
18881,0.0
18882,0.0
18883,0.0
18884,0.0
18885,0.0
18886,0.0
18887,0.0
18888,0.0
18889,0.0
18890,0.0
18891,0.0
18892,0.0
18893,0.0
18894,0.0
18895,0.0
18896,0.0
18897,0.0
18898,0.0
18899,0.0
18900,0.0
18901,0.0
18902,0.0
18903,0.0
18904,0.0
18905,0.0
18906,0.0
18907,0.0
18908,0.0
18909,0.0
18910,0.0
18911,0.0
18912,0.0
18913,0.0
18914,0.0
18915,0.0
18916,0.0
18917,0.0
18918,0.0
18919,0.0
18920,0.0
18921,0.0
18922,0.0
18923,0.0
18924,0.0
18925,0.0
18926,0.0
18927,0.0
18928,0.0
18929,0.0
18930,0.0
18931,0.0
18932,0.0
18933,0.0
18934,0.0
18935,0.0
18936,0.0
18937,0.0
18938,0.0
18939,0.0
18940,0.0
18941,0.0
18942,0.0
18943,0.0
18944,0.0
18945,0.0
18946,0.0
18947,0.0
18948,0.0
18949,0.0
18950,0.0
18951,0.0
18952,0.0
18953,0.0
18954,0.0
18955,0.0
18956,0.0
18957,0.0
18958,0.0
18959,0.0
18960,0.0
18961,0.0
18962,0.0
18963,0.0
18964,0.0
18965,0.0
18966,0.0
18967,0.0
18968,0.0
18969,0.0
18970,0.0
18971,0.0
18972,0.0
18973,0.0
18974,0.0
18975,0.0
18976,0.0
18977,0.0
18978,0.0
18979,0.0
18980,0.0
18981,0.0
18982,0.0
18983,0.0
18984,0.0
18985,0.0
18986,0.0
18987,0.0
18988,0.0
18989,0.0
18990,0.0
18991,0.0
18992,0.0
18993,0.0
18994,0.0
18995,0.0
18996,0.0
18997,0.0
18998,0.0
18999,0.0
19000,0.0
19001,0.0
19002,0.0
19003,0.0
19004,0.0
19005,0.0
19006,0.0
19007,0.0
19008,0.0
19009,0.0
19010,0.0
19011,0.0
19012,0.0
19013,0.0
19014,0.0
19015,0.0
19016,0.0
19017,0.0
19018,0.0
19019,0.0
19020,0.0
19021,0.0
19022,0.0
19023,0.0
19024,0.0
19025,0.0
19026,0.0
19027,0.0
19028,0.0
19029,0.0
19030,0.0
19031,0.0
19032,0.0
19033,0.0
19034,0.0
19035,0.0
19036,0.0
19037,0.0
19038,0.0
19039,0.0
19040,0.0
19041,0.0
19042,0.0
19043,0.0
19044,0.0
19045,0.0
19046,0.0
19047,0.0
19048,0.0
19049,0.0
19050,0.0
19051,0.0
19052,0.0
19053,0.0
19054,0.0
19055,0.0
19056,0.0
19057,0.0
19058,0.0
19059,0.0
19060,0.0
19061,0.0
19062,0.0
19063,0.0
19064,0.0
19065,0.0
19066,0.0
19067,0.0
19068,0.0
19069,0.0
19070,0.0
19071,0.0
19072,0.0
19073,0.0
19074,0.0
19075,0.0
19076,0.0
19077,0.0
19078,0.0
19079,0.0
19080,0.0
19081,0.0
19082,0.0
19083,0.0
19084,0.0
19085,0.0
19086,0.0
19087,0.0
19088,0.0
19089,0.0
19090,0.0
19091,0.0
19092,0.0
19093,0.0
19094,0.0
19095,0.0
19096,0.0
19097,0.0
19098,0.0
19099,0.0
19100,0.0
19101,0.0
19102,0.0
19103,0.0
19104,0.0
19105,0.0
19106,0.0
19107,0.0
19108,0.0
19109,0.0
19110,0.0
19111,0.0
19112,0.0
19113,0.0
19114,0.0
19115,0.0
19116,0.0
19117,0.0
19118,0.0
19119,0.0
19120,0.0
19121,0.0
19122,0.0
19123,0.0
19124,0.0
19125,0.0
19126,0.0
19127,0.0
19128,0.0
19129,0.0
19130,0.0
19131,0.0
19132,0.0
19133,0.0
19134,0.0
19135,0.0
19136,0.0
19137,0.0
19138,0.0
19139,0.0
19140,0.0
19141,0.0
19142,0.0
19143,0.0
19144,0.0
19145,0.0
19146,0.0
19147,0.0
19148,0.0
19149,0.0
19150,0.0
19151,0.0
19152,0.0
19153,0.0
19154,0.0
19155,0.0
19156,0.0
19157,0.0
19158,0.0
19159,0.0
19160,0.0
19161,0.0
19162,0.0
19163,0.0
19164,0.0
19165,0.0
19166,0.0
19167,0.0
19168,0.0
19169,0.0
19170,0.0
19171,0.0
19172,0.0
19173,0.0
19174,0.0
19175,0.0
19176,0.0
19177,0.0
19178,0.0
19179,0.0
19180,0.0
19181,0.0
19182,0.0
19183,0.0
19184,0.0
19185,0.0
19186,0.0
19187,0.0
19188,0.0
19189,0.0
19190,0.0
19191,0.0
19192,0.0
19193,0.0
19194,0.0
19195,0.0
19196,0.0
19197,0.0
19198,0.0
19199,0.0
19200,0.0
19201,0.0
19202,0.0
19203,0.0
19204,0.0
19205,0.0
19206,0.0
19207,0.0
19208,0.0
19209,0.0
19210,0.0
19211,0.0
19212,0.0
19213,0.0
19214,0.0
19215,0.0
19216,0.0
19217,0.0
19218,0.0
19219,0.0
19220,0.0
19221,0.0
19222,0.0
19223,0.0
19224,0.0
19225,0.0
19226,0.0
19227,0.0
19228,0.0
19229,0.0
19230,0.0
19231,0.0
19232,0.0
19233,0.0
19234,0.0
19235,0.0
19236,0.0
19237,0.0
19238,0.0
19239,0.0
19240,0.0
19241,0.0
19242,0.0
19243,0.0
19244,0.0
19245,0.0
19246,0.0
19247,0.0
19248,0.0
19249,0.0
19250,0.0
19251,0.0
19252,0.0
19253,0.0
19254,0.0
19255,0.0
19256,0.0
19257,0.0
19258,0.0
19259,0.0
19260,0.0
19261,0.0
19262,0.0
19263,0.0
19264,0.0
19265,0.0
19266,0.0
19267,0.0
19268,0.0
19269,0.0
19270,0.0
19271,0.0
19272,0.0
19273,0.0
19274,0.0
19275,0.0
19276,0.0
19277,0.0
19278,0.0
19279,0.0
19280,0.0
19281,0.0
19282,0.0
19283,0.0
19284,0.0
19285,0.0
19286,0.0
19287,0.0
19288,0.0
19289,0.0
19290,0.0
19291,0.0
19292,0.0
19293,0.0
19294,0.0
19295,0.0
19296,0.0
19297,0.0
19298,0.0
19299,0.0
19300,0.0
19301,0.0
19302,0.0
19303,0.0
19304,0.0
19305,0.0
19306,0.0
19307,0.0
19308,0.0
19309,0.0
19310,0.0
19311,0.0
19312,0.0
19313,0.0
19314,0.0
19315,0.0
19316,0.0
19317,0.0
19318,0.0
19319,0.0
19320,0.0
19321,0.0
19322,0.0
19323,0.0
19324,0.0
19325,0.0
19326,0.0
19327,0.0
19328,0.0
19329,0.0
19330,0.0
19331,0.0
19332,0.0
19333,0.0
19334,0.0
19335,0.0
19336,0.0
19337,0.0
19338,0.0
19339,0.0
19340,0.0
19341,0.0
19342,0.0
19343,0.0
19344,0.0
19345,0.0
19346,0.0
19347,0.0
19348,0.0
19349,0.0
19350,0.0
19351,0.0
19352,0.0
19353,0.0
19354,0.0
19355,0.0
19356,0.0
19357,0.0
19358,0.0
19359,0.0
19360,0.0
19361,0.0
19362,0.0
19363,0.0
19364,0.0
19365,0.0
19366,0.0
19367,0.0
19368,0.0
19369,0.0
19370,0.0
19371,0.0
19372,0.0
19373,0.0
19374,0.0
19375,0.0
19376,0.0
19377,0.0
19378,0.0
19379,0.0
19380,0.0
19381,0.0
19382,0.0
19383,0.0
19384,0.0
19385,0.0
19386,0.0
19387,0.0
19388,0.0
19389,0.0
19390,0.0
19391,0.0
19392,0.0
19393,0.0
19394,0.0
19395,0.0
19396,0.0
19397,0.0
19398,0.0
19399,0.0
19400,0.0
19401,0.0
19402,0.0
19403,0.0
19404,0.0
19405,0.0
19406,0.0
19407,0.0
19408,0.0
19409,0.0
19410,0.0
19411,0.0
19412,0.0
19413,0.0
19414,0.0
19415,0.0
19416,0.0
19417,0.0
19418,0.0
19419,0.0
19420,0.0
19421,0.0
19422,0.0
19423,0.0
19424,0.0
19425,0.0
19426,0.0
19427,0.0
19428,0.0
19429,0.0
19430,0.0
19431,0.0
19432,0.0
19433,0.0
19434,0.0
19435,0.0
19436,0.0
19437,0.0
19438,0.0
19439,0.0
19440,0.0
19441,0.0
19442,0.0
19443,0.0
19444,0.0
19445,0.0
19446,0.0
19447,0.0
19448,0.0
19449,0.0
19450,0.0
19451,0.0
19452,0.0
19453,0.0
19454,0.0
19455,0.0
19456,0.0
19457,0.0
19458,0.0
19459,0.0
19460,0.0
19461,0.0
19462,0.0
19463,0.0
19464,0.0
19465,0.0
19466,0.0
19467,0.0
19468,0.0
19469,0.0
19470,0.0
19471,0.0
19472,0.0
19473,0.0
19474,0.0
19475,0.0
19476,0.0
19477,0.0
19478,0.0
19479,0.0
19480,0.0
19481,0.0
19482,0.0
19483,0.0
19484,0.0
19485,0.0
19486,0.0
19487,0.0
19488,0.0
19489,0.0
19490,0.0
19491,0.0
19492,0.0
19493,0.0
19494,0.0
19495,0.0
19496,0.0
19497,0.0
19498,0.0
19499,0.0
19500,0.0
19501,0.0
19502,0.0
19503,0.0
19504,0.0
19505,0.0
19506,0.0
19507,0.0
19508,0.0
19509,0.0
19510,0.0
19511,0.0
19512,0.0
19513,0.0
19514,0.0
19515,0.0
19516,0.0
19517,0.0
19518,0.0
19519,0.0
19520,0.0
19521,0.0
19522,0.0
19523,0.0
19524,0.0
19525,0.0
19526,0.0
19527,0.0
19528,0.0
19529,0.0
19530,0.0
19531,0.0
19532,0.0
19533,0.0
19534,0.0
19535,0.0
19536,0.0
19537,0.0
19538,0.0
19539,0.0
19540,0.0
19541,0.0
19542,0.0
19543,0.0
19544,0.0
19545,0.0
19546,0.0
19547,0.0
19548,0.0
19549,0.0
19550,0.0
19551,0.0
19552,0.0
19553,0.0
19554,0.0
19555,0.0
19556,0.0
19557,0.0
19558,0.0
19559,0.0
19560,0.0
19561,0.0
19562,0.0
19563,0.0
19564,0.0
19565,0.0
19566,0.0
19567,0.0
19568,0.0
19569,0.0
19570,0.0
19571,0.0
19572,0.0
19573,0.0
19574,0.0
19575,0.0
19576,0.0
19577,0.0
19578,0.0
19579,0.0
19580,0.0
19581,0.0
19582,0.0
19583,0.0
19584,0.0
19585,0.0
19586,0.0
19587,0.0
19588,0.0
19589,0.0
19590,0.0
19591,0.0
19592,0.0
19593,0.0
19594,0.0
19595,0.0
19596,0.0
19597,0.0
19598,0.0
19599,0.0
19600,0.0
19601,0.0
19602,0.0
19603,0.0
19604,0.0
19605,0.0
19606,0.0
19607,0.0
19608,0.0
19609,0.0
19610,0.0
19611,0.0
19612,0.0
19613,0.0
19614,0.0
19615,0.0
19616,0.0
19617,0.0
19618,0.0
19619,0.0
19620,0.0
19621,0.0
19622,0.0
19623,0.0
19624,0.0
19625,0.0
19626,0.0
19627,0.0
19628,0.0
19629,0.0
19630,0.0
19631,0.0
19632,0.0
19633,0.0
19634,0.0
19635,0.0
19636,0.0
19637,0.0
19638,0.0
19639,0.0
19640,0.0
19641,0.0
19642,0.0
19643,0.0
19644,0.0
19645,0.0
19646,0.0
19647,0.0
19648,0.0
19649,0.0
19650,0.0
19651,0.0
19652,0.0
19653,0.0
19654,0.0
19655,0.0
19656,0.0
19657,0.0
19658,0.0
19659,0.0
19660,0.0
19661,0.0
19662,0.0
19663,0.0
19664,0.0
19665,0.0
19666,0.0
19667,0.0
19668,0.0
19669,0.0
19670,0.0
19671,0.0
19672,0.0
19673,0.0
19674,0.0
19675,0.0
19676,0.0
19677,0.0
19678,0.0
19679,0.0
19680,0.0
19681,0.0
19682,0.0
19683,0.0
19684,0.0
19685,0.0
19686,0.0
19687,0.0
19688,0.0
19689,0.0
19690,0.0
19691,0.0
19692,0.0
19693,0.0
19694,0.0
19695,0.0
19696,0.0
19697,0.0
19698,0.0
19699,0.0
19700,0.0
19701,0.0
19702,0.0
19703,0.0
19704,0.0
19705,0.0
19706,0.0
19707,0.0
19708,0.0
19709,0.0
19710,0.0
19711,0.0
19712,0.0
19713,0.0
19714,0.0
19715,0.0
19716,0.0
19717,0.0
19718,0.0
19719,0.0
19720,0.0
19721,0.0
19722,0.0
19723,0.0
19724,0.0
19725,0.0
19726,0.0
19727,0.0
19728,0.0
19729,0.0
19730,0.0
19731,0.0
19732,0.0
19733,0.0
19734,0.0
19735,0.0
19736,0.0
19737,0.0
19738,0.0
19739,0.0
19740,0.0
19741,0.0
19742,0.0
19743,0.0
19744,0.0
19745,0.0
19746,0.0
19747,0.0
19748,0.0
19749,0.0
19750,0.0
19751,0.0
19752,0.0
19753,0.0
19754,0.0
19755,0.0
19756,0.0
19757,0.0
19758,0.0
19759,0.0
19760,0.0
19761,0.0
19762,0.0
19763,0.0
19764,0.0
19765,0.0
19766,0.0
19767,0.0
19768,0.0
19769,0.0
19770,0.0
19771,0.0
19772,0.0
19773,0.0
19774,0.0
19775,0.0
19776,0.0
19777,0.0
19778,0.0
19779,0.0
19780,0.0
19781,0.0
19782,0.0
19783,0.0
19784,0.0
19785,0.0
19786,0.0
19787,0.0
19788,0.0
19789,0.0
19790,0.0
19791,0.0
19792,0.0
19793,0.0
19794,0.0
19795,0.0
19796,0.0
19797,0.0
19798,0.0
19799,0.0
19800,0.0
19801,0.0
19802,0.0
19803,0.0
19804,0.0
19805,0.0
19806,0.0
19807,0.0
19808,0.0
19809,0.0
19810,0.0
19811,0.0
19812,0.0
19813,0.0
19814,0.0
19815,0.0
19816,0.0
19817,0.0
19818,0.0
19819,0.0
19820,0.0
19821,0.0
19822,0.0
19823,0.0
19824,0.0
19825,0.0
19826,0.0
19827,0.0
19828,0.0
19829,0.0
19830,0.0
19831,0.0
19832,0.0
19833,0.0
19834,0.0
19835,0.0
19836,0.0
19837,0.0
19838,0.0
19839,0.0
19840,0.0
19841,0.0
19842,0.0
19843,0.0
19844,0.0
19845,0.0
19846,0.0
19847,0.0
19848,0.0
19849,0.0
19850,0.0
19851,0.0
19852,0.0
19853,0.0
19854,0.0
19855,0.0
19856,0.0
19857,0.0
19858,0.0
19859,0.0
19860,0.0
19861,0.0
19862,0.0
19863,0.0
19864,0.0
19865,0.0
19866,0.0
19867,0.0
19868,0.0
19869,0.0
19870,0.0
19871,0.0
19872,0.0
19873,0.0
19874,0.0
19875,0.0
19876,0.0
19877,0.0
19878,0.0
19879,0.0
19880,0.0
19881,0.0
19882,0.0
19883,0.0
19884,0.0
19885,0.0
19886,0.0
19887,0.0
19888,0.0
19889,0.0
19890,0.0
19891,0.0
19892,0.0
19893,0.0
19894,0.0
19895,0.0
19896,0.0
19897,0.0
19898,0.0
19899,0.0
19900,0.0
19901,0.0
19902,0.0
19903,0.0
19904,0.0
19905,0.0
19906,0.0
19907,0.0
19908,0.0
19909,0.0
19910,0.0
19911,0.0
19912,0.0
19913,0.0
19914,0.0
19915,0.0
19916,0.0
19917,0.0
19918,0.0
19919,0.0
19920,0.0
19921,0.0
19922,0.0
19923,0.0
19924,0.0
19925,0.0
19926,0.0
19927,0.0
19928,0.0
19929,0.0
19930,0.0
19931,0.0
19932,0.0
19933,0.0
19934,0.0
19935,0.0
19936,0.0
19937,0.0
19938,0.0
19939,0.0
19940,0.0
19941,0.0
19942,0.0
19943,0.0
19944,0.0
19945,0.0
19946,0.0
19947,0.0
19948,0.0
19949,0.0
19950,0.0
19951,0.0
19952,0.0
19953,0.0
19954,0.0
19955,0.0
19956,0.0
19957,0.0
19958,0.0
19959,0.0
19960,0.0
19961,0.0
19962,0.0
19963,0.0
19964,0.0
19965,0.0
19966,0.0
19967,0.0
19968,0.0
19969,0.0
19970,0.0
19971,0.0
19972,0.0
19973,0.0
19974,0.0
19975,0.0
19976,0.0
19977,0.0
19978,0.0
19979,0.0
19980,0.0
19981,0.0
19982,0.0
19983,0.0
19984,0.0
19985,0.0
19986,0.0
19987,0.0
19988,0.0
19989,0.0
19990,0.0
19991,0.0
19992,0.0
19993,0.0
19994,0.0
19995,0.0
19996,0.0
19997,0.0
19998,0.0
19999,0.0
20000,0.0
20001,0.0
20002,0.0
20003,0.0
20004,0.0
20005,0.0
20006,0.0
20007,0.0
20008,0.0
20009,0.0
20010,0.0
20011,0.0
20012,0.0
20013,0.0
20014,0.0
20015,0.0
20016,0.0
20017,0.0
20018,0.0
20019,0.0
20020,0.0
20021,0.0
20022,0.0
20023,0.0
20024,0.0
20025,0.0
20026,0.0
20027,0.0
20028,0.0
20029,0.0
20030,0.0
20031,0.0
20032,0.0
20033,0.0
20034,0.0
20035,0.0
20036,0.0
20037,0.0
20038,0.0
20039,0.0
20040,0.0
20041,0.0
20042,0.0
20043,0.0
20044,0.0
20045,0.0
20046,0.0
20047,0.0
20048,0.0
20049,0.0
20050,0.0
20051,0.0
20052,0.0
20053,0.0
20054,0.0
20055,0.0
20056,0.0
20057,0.0
20058,0.0
20059,0.0
20060,0.0
20061,0.0
20062,0.0
20063,0.0
20064,0.0
20065,0.0
20066,0.0
20067,0.0
20068,0.0
20069,0.0
20070,0.0
20071,0.0
20072,0.0
20073,0.0
20074,0.0
20075,0.0
20076,0.0
20077,0.0
20078,0.0
20079,0.0
20080,0.0
20081,0.0
20082,0.0
20083,0.0
20084,0.0
20085,0.0
20086,0.0
20087,0.0
20088,0.0
20089,0.0
20090,0.0
20091,0.0
20092,0.0
20093,0.0
20094,0.0
20095,0.0
20096,0.0
20097,0.0
20098,0.0
20099,0.0
20100,0.0
20101,0.0
20102,0.0
20103,0.0
20104,0.0
20105,0.0
20106,0.0
20107,0.0
20108,0.0
20109,0.0
20110,0.0
20111,0.0
20112,0.0
20113,0.0
20114,0.0
20115,0.0
20116,0.0
20117,0.0
20118,0.0
20119,0.0
20120,0.0
20121,0.0
20122,0.0
20123,0.0
20124,0.0
20125,0.0
20126,0.0
20127,0.0
20128,0.0
20129,0.0
20130,0.0
20131,0.0
20132,0.0
20133,0.0
20134,0.0
20135,0.0
20136,0.0
20137,0.0
20138,0.0
20139,0.0
20140,0.0
20141,0.0
20142,0.0
20143,0.0
20144,0.0
20145,0.0
20146,0.0
20147,0.0
20148,0.0
20149,0.0
20150,0.0
20151,0.0
20152,0.0
20153,0.0
20154,0.0
20155,0.0
20156,0.0
20157,0.0
20158,0.0
20159,0.0
20160,0.0
20161,0.0
20162,0.0
20163,0.0
20164,0.0
20165,0.0
20166,0.0
20167,0.0
20168,0.0
20169,0.0
20170,0.0
20171,0.0
20172,0.0
20173,0.0
20174,0.0
20175,0.0
20176,0.0
20177,0.0
20178,0.0
20179,0.0
20180,0.0
20181,0.0
20182,0.0
20183,0.0
20184,0.0
20185,0.0
20186,0.0
20187,0.0
20188,0.0
20189,0.0
20190,0.0
20191,0.0
20192,0.0
20193,0.0
20194,0.0
20195,0.0
20196,0.0
20197,0.0
20198,0.0
20199,0.0
20200,0.0
20201,0.0
20202,0.0
20203,0.0
20204,0.0
20205,0.0
20206,0.0
20207,0.0
20208,0.0
20209,0.0
20210,0.0
20211,0.0
20212,0.0
20213,0.0
20214,0.0
20215,0.0
20216,0.0
20217,0.0
20218,0.0
20219,0.0
20220,0.0
20221,0.0
20222,0.0
20223,0.0
20224,0.0
20225,0.0
20226,0.0
20227,0.0
20228,0.0
20229,0.0
20230,0.0
20231,0.0
20232,0.0
20233,0.0
20234,0.0
20235,0.0
20236,0.0
20237,0.0
20238,0.0
20239,0.0
20240,0.0
20241,0.0
20242,0.0
20243,0.0
20244,0.0
20245,0.0
20246,0.0
20247,0.0
20248,0.0
20249,0.0
20250,0.0
20251,0.0
20252,0.0
20253,0.0
20254,0.0
20255,0.0
20256,0.0
20257,0.0
20258,0.0
20259,0.0
20260,0.0
20261,0.0
20262,0.0
20263,0.0
20264,0.0
20265,0.0
20266,0.0
20267,0.0
20268,0.0
20269,0.0
20270,0.0
20271,0.0
20272,0.0
20273,0.0
20274,0.0
20275,0.0
20276,0.0
20277,0.0
20278,0.0
20279,0.0
20280,0.0
20281,0.0
20282,0.0
20283,0.0
20284,0.0
20285,0.0
20286,0.0
20287,0.0
20288,0.0
20289,0.0
20290,0.0
20291,0.0
20292,0.0
20293,0.0
20294,0.0
20295,0.0
20296,0.0
20297,0.0
20298,0.0
20299,0.0
20300,0.0
20301,0.0
20302,0.0
20303,0.0
20304,0.0
20305,0.0
20306,0.0
20307,0.0
20308,0.0
20309,0.0
20310,0.0
20311,0.0
20312,0.0
20313,0.0
20314,0.0
20315,0.0
20316,0.0
20317,0.0
20318,0.0
20319,0.0
20320,0.0
20321,0.0
20322,0.0
20323,0.0
20324,0.0
20325,0.0
20326,0.0
20327,0.0
20328,0.0
20329,0.0
20330,0.0
20331,0.0
20332,0.0
20333,0.0
20334,0.0
20335,0.0
20336,0.0
20337,0.0
20338,0.0
20339,0.0
20340,0.0
20341,0.0
20342,0.0
20343,0.0
20344,0.0
20345,0.0
20346,0.0
20347,0.0
20348,0.0
20349,0.0
20350,0.0
20351,0.0
20352,0.0
20353,0.0
20354,0.0
20355,0.0
20356,0.0
20357,0.0
20358,0.0
20359,0.0
20360,0.0
20361,0.0
20362,0.0
20363,0.0
20364,0.0
20365,0.0
20366,0.0
20367,0.0
20368,0.0
20369,0.0
20370,0.0
20371,0.0
20372,0.0
20373,0.0
20374,0.0
20375,0.0
20376,0.0
20377,0.0
20378,0.0
20379,0.0
20380,0.0
20381,0.0
20382,0.0
20383,0.0
20384,0.0
20385,0.0
20386,0.0
20387,0.0
20388,0.0
20389,0.0
20390,0.0
20391,0.0
20392,0.0
20393,0.0
20394,0.0
20395,0.0
20396,0.0
20397,0.0
20398,0.0
20399,0.0
20400,0.0
20401,119172.24077433946
20402,119172.24077433946
20403,119172.24077433946
20404,119172.24077433946
20405,119172.24077433946
20406,119172.24077433946
20407,119172.24077433946
20408,119172.24077433946
20409,119172.24077433946
20410,119172.24077433946
20411,119172.24077433946
20412,119172.24077433946
20413,119172.24077433946
20414,119172.24077433946
20415,119172.24077433946
20416,119172.24077433946
20417,119172.24077433946
20418,119172.24077433946
20419,119172.24077433946
20420,119172.24077433946
20421,119172.24077433946
20422,119172.24077433946
20423,119172.24077433946
20424,119172.24077433946
20425,119172.24077433946
20426,119172.24077433946
20427,119172.24077433946
20428,119172.24077433946
20429,119172.24077433946
20430,119172.24077433946
20431,119172.24077433946
20432,119172.24077433946
20433,119172.24077433946
20434,119172.24077433946
20435,119172.24077433946
20436,119172.24077433946
20437,119172.24077433946
20438,119172.24077433946
20439,119172.24077433946
20440,119172.24077433946
20441,119172.24077433946
20442,119172.24077433946
20443,119172.24077433946
20444,119172.24077433946
20445,119172.24077433946
20446,119172.24077433946
20447,119172.24077433946
20448,119172.24077433946
20449,119172.24077433946
20450,119172.24077433946
20451,119172.24077433946
20452,119172.24077433946
20453,119172.24077433946
20454,119172.24077433946
20455,119172.24077433946
20456,119172.24077433946
20457,119172.24077433946
20458,119172.24077433946
20459,119172.24077433946
20460,119172.24077433946
20461,119172.24077433946
20462,119172.24077433946
20463,119172.24077433946
20464,119172.24077433946
20465,119172.24077433946
20466,119172.24077433946
20467,119172.24077433946
20468,119172.24077433946
20469,119172.24077433946
20470,119172.24077433946
20471,119172.24077433946
20472,119172.24077433946
20473,119172.24077433946
20474,119172.24077433946
20475,119172.24077433946
20476,119172.24077433946
20477,119172.24077433946
20478,119172.24077433946
20479,119172.24077433946
20480,119172.24077433946
20481,119172.24077433946
20482,119172.24077433946
20483,119172.24077433946
20484,119172.24077433946
20485,119172.24077433946
20486,119172.24077433946
20487,119172.24077433946
20488,119172.24077433946
20489,119172.24077433946
20490,119172.24077433946
20491,119172.24077433946
20492,119172.24077433946
20493,119172.24077433946
20494,119172.24077433946
20495,119172.24077433946
20496,119172.24077433946
20497,119172.24077433946
20498,119172.24077433946
20499,119172.24077433946
20500,119172.24077433946
20501,119172.24077433946
20502,119172.24077433946
20503,119172.24077433946
20504,119172.24077433946
20505,119172.24077433946
20506,119172.24077433946
20507,119172.24077433946
20508,119172.24077433946
20509,119172.24077433946
20510,119172.24077433946
20511,119172.24077433946
20512,119172.24077433946
20513,119172.24077433946
20514,119172.24077433946
20515,119172.24077433946
20516,119172.24077433946
20517,119172.24077433946
20518,119172.24077433946
20519,119172.24077433946
20520,119172.24077433946
20521,119172.24077433946
20522,119172.24077433946
20523,119172.24077433946
20524,119172.24077433946
20525,119172.24077433946
20526,119172.24077433946
20527,119172.24077433946
20528,119172.24077433946
20529,119172.24077433946
20530,119172.24077433946
20531,119172.24077433946
20532,119172.24077433946
20533,119172.24077433946
20534,119172.24077433946
20535,119172.24077433946
20536,119172.24077433946
20537,119172.24077433946
20538,119172.24077433946
20539,119172.24077433946
20540,119172.24077433946
20541,119172.24077433946
20542,119172.24077433946
20543,119172.24077433946
20544,119172.24077433946
20545,119172.24077433946
20546,119172.24077433946
20547,119172.24077433946
20548,119172.24077433946
20549,119172.24077433946
20550,119172.24077433946
20551,0.0
20552,0.0
20553,0.0
20554,0.0
20555,0.0
20556,0.0
20557,0.0
20558,0.0
20559,0.0
20560,0.0
20561,0.0
20562,0.0
20563,0.0
20564,0.0
20565,0.0
20566,0.0
20567,0.0
20568,0.0
20569,0.0
20570,0.0
20571,0.0
20572,0.0
20573,0.0
20574,0.0
20575,0.0
20576,0.0
20577,0.0
20578,0.0
20579,0.0
20580,0.0
20581,0.0
20582,0.0
20583,0.0
20584,0.0
20585,0.0
20586,0.0
20587,0.0
20588,0.0
20589,0.0
20590,0.0
20591,0.0
20592,0.0
20593,0.0
20594,0.0
20595,0.0
20596,0.0
20597,0.0
20598,0.0
20599,0.0
20600,0.0
20601,0.0
20602,0.0
20603,0.0
20604,0.0
20605,0.0
20606,0.0
20607,0.0
20608,0.0
20609,0.0
20610,0.0
20611,0.0
20612,0.0
20613,0.0
20614,0.0
20615,0.0
20616,0.0
20617,0.0
20618,0.0
20619,0.0
20620,0.0
20621,0.0
20622,0.0
20623,0.0
20624,0.0
20625,0.0
20626,0.0
20627,0.0
20628,0.0
20629,0.0
20630,0.0
20631,0.0
20632,0.0
20633,0.0
20634,0.0
20635,0.0
20636,0.0
20637,0.0
20638,0.0
20639,0.0
20640,0.0
20641,0.0
20642,0.0
20643,0.0
20644,0.0
20645,0.0
20646,0.0
20647,0.0
20648,0.0
20649,0.0
20650,0.0
20651,0.0
20652,0.0
20653,0.0
20654,0.0
20655,0.0
20656,0.0
20657,0.0
20658,0.0
20659,0.0
20660,0.0
20661,0.0
20662,0.0
20663,0.0
20664,0.0
20665,0.0
20666,0.0
20667,0.0
20668,0.0
20669,0.0
20670,0.0
20671,0.0
20672,0.0
20673,0.0
20674,0.0
20675,0.0
20676,0.0
20677,0.0
20678,0.0
20679,0.0
20680,0.0
20681,0.0
20682,0.0
20683,0.0
20684,0.0
20685,0.0
20686,0.0
20687,0.0
20688,0.0
20689,0.0
20690,0.0
20691,0.0
20692,0.0
20693,0.0
20694,0.0
20695,0.0
20696,0.0
20697,0.0
20698,0.0
20699,0.0
20700,0.0
20701,0.0
20702,0.0
20703,0.0
20704,0.0
20705,0.0
20706,0.0
20707,0.0
20708,0.0
20709,0.0
20710,0.0
20711,0.0
20712,0.0
20713,0.0
20714,0.0
20715,0.0
20716,0.0
20717,0.0
20718,0.0
20719,0.0
20720,0.0
20721,0.0
20722,0.0
20723,0.0
20724,0.0
20725,0.0
20726,0.0
20727,0.0
20728,0.0
20729,0.0
20730,0.0
20731,0.0
20732,0.0
20733,0.0
20734,0.0
20735,0.0
20736,0.0
20737,0.0
20738,0.0
20739,0.0
20740,0.0
20741,0.0
20742,0.0
20743,0.0
20744,0.0
20745,0.0
20746,0.0
20747,0.0
20748,0.0
20749,0.0
20750,0.0
20751,0.0
20752,0.0
20753,0.0
20754,0.0
20755,0.0
20756,0.0
20757,0.0
20758,0.0
20759,0.0
20760,0.0
20761,0.0
20762,0.0
20763,0.0
20764,0.0
20765,0.0
20766,0.0
20767,0.0
20768,0.0
20769,0.0
20770,0.0
20771,0.0
20772,0.0
20773,0.0
20774,0.0
20775,0.0
20776,0.0
20777,0.0
20778,0.0
20779,0.0
20780,0.0
20781,0.0
20782,0.0
20783,0.0
20784,0.0
20785,0.0
20786,0.0
20787,0.0
20788,0.0
20789,0.0
20790,0.0
20791,0.0
20792,0.0
20793,0.0
20794,0.0
20795,0.0
20796,0.0
20797,0.0
20798,0.0
20799,0.0
20800,0.0
20801,0.0
20802,0.0
20803,0.0
20804,0.0
20805,0.0
20806,0.0
20807,0.0
20808,0.0
20809,0.0
20810,0.0
20811,0.0
20812,0.0
20813,0.0
20814,0.0
20815,0.0
20816,0.0
20817,0.0
20818,0.0
20819,0.0
20820,0.0
20821,0.0
20822,0.0
20823,0.0
20824,0.0
20825,0.0
20826,0.0
20827,0.0
20828,0.0
20829,0.0
20830,0.0
20831,0.0
20832,0.0
20833,0.0
20834,0.0
20835,0.0
20836,0.0
20837,0.0
20838,0.0
20839,0.0
20840,0.0
20841,0.0
20842,0.0
20843,0.0
20844,0.0
20845,0.0
20846,0.0
20847,0.0
20848,0.0
20849,0.0
20850,0.0
20851,0.0
20852,0.0
20853,0.0
20854,0.0
20855,0.0
20856,0.0
20857,0.0
20858,0.0
20859,0.0
20860,0.0
20861,0.0
20862,0.0
20863,0.0
20864,0.0
20865,0.0
20866,0.0
20867,0.0
20868,0.0
20869,0.0
20870,0.0
20871,0.0
20872,0.0
20873,0.0
20874,0.0
20875,0.0
20876,0.0
20877,0.0
20878,0.0
20879,0.0
20880,0.0
20881,0.0
20882,0.0
20883,0.0
20884,0.0
20885,0.0
20886,0.0
20887,0.0
20888,0.0
20889,0.0
20890,0.0
20891,0.0
20892,0.0
20893,0.0
20894,0.0
20895,0.0
20896,0.0
20897,0.0
20898,0.0
20899,0.0
20900,0.0
20901,0.0
20902,0.0
20903,0.0
20904,0.0
20905,0.0
20906,0.0
20907,0.0
20908,0.0
20909,0.0
20910,0.0
20911,0.0
20912,0.0
20913,0.0
20914,0.0
20915,0.0
20916,0.0
20917,0.0
20918,0.0
20919,0.0
20920,0.0
20921,0.0
20922,0.0
20923,0.0
20924,0.0
20925,0.0
20926,0.0
20927,0.0
20928,0.0
20929,0.0
20930,0.0
20931,0.0
20932,0.0
20933,0.0
20934,0.0
20935,0.0
20936,0.0
20937,0.0
20938,0.0
20939,0.0
20940,0.0
20941,0.0
20942,0.0
20943,0.0
20944,0.0
20945,0.0
20946,0.0
20947,0.0
20948,0.0
20949,0.0
20950,0.0
20951,0.0
20952,0.0
20953,0.0
20954,0.0
20955,0.0
20956,0.0
20957,0.0
20958,0.0
20959,0.0
20960,0.0
20961,0.0
20962,0.0
20963,0.0
20964,0.0
20965,0.0
20966,0.0
20967,0.0
20968,0.0
20969,0.0
20970,0.0
20971,0.0
20972,0.0
20973,0.0
20974,0.0
20975,0.0
20976,0.0
20977,0.0
20978,0.0
20979,0.0
20980,0.0
20981,0.0
20982,0.0
20983,0.0
20984,0.0
20985,0.0
20986,0.0
20987,0.0
20988,0.0
20989,0.0
20990,0.0
20991,0.0
20992,0.0
20993,0.0
20994,0.0
20995,0.0
20996,0.0
20997,0.0
20998,0.0
20999,0.0
21000,0.0
21001,0.0
21002,0.0
21003,0.0
21004,0.0
21005,0.0
21006,0.0
21007,0.0
21008,0.0
21009,0.0
21010,0.0
21011,0.0
21012,0.0
21013,0.0
21014,0.0
21015,0.0
21016,0.0
21017,0.0
21018,0.0
21019,0.0
21020,0.0
21021,0.0
21022,0.0
21023,0.0
21024,0.0
21025,0.0
21026,0.0
21027,0.0
21028,0.0
21029,0.0
21030,0.0
21031,0.0
21032,0.0
21033,0.0
21034,0.0
21035,0.0
21036,0.0
21037,0.0
21038,0.0
21039,0.0
21040,0.0
21041,0.0
21042,0.0
21043,0.0
21044,0.0
21045,0.0
21046,0.0
21047,0.0
21048,0.0
21049,0.0
21050,0.0
21051,0.0
21052,0.0
21053,0.0
21054,0.0
21055,0.0
21056,0.0
21057,0.0
21058,0.0
21059,0.0
21060,0.0
21061,0.0
21062,0.0
21063,0.0
21064,0.0
21065,0.0
21066,0.0
21067,0.0
21068,0.0
21069,0.0
21070,0.0
21071,0.0
21072,0.0
21073,0.0
21074,0.0
21075,0.0
21076,0.0
21077,0.0
21078,0.0
21079,0.0
21080,0.0
21081,0.0
21082,0.0
21083,0.0
21084,0.0
21085,0.0
21086,0.0
21087,0.0
21088,0.0
21089,0.0
21090,0.0
21091,0.0
21092,0.0
21093,0.0
21094,0.0
21095,0.0
21096,0.0
21097,0.0
21098,0.0
21099,0.0
21100,0.0
21101,0.0
21102,0.0
21103,0.0
21104,0.0
21105,0.0
21106,0.0
21107,0.0
21108,0.0
21109,0.0
21110,0.0
21111,0.0
21112,0.0
21113,0.0
21114,0.0
21115,0.0
21116,0.0
21117,0.0
21118,0.0
21119,0.0
21120,0.0
21121,0.0
21122,0.0
21123,0.0
21124,0.0
21125,0.0
21126,0.0
21127,0.0
21128,0.0
21129,0.0
21130,0.0
21131,0.0
21132,0.0
21133,0.0
21134,0.0
21135,0.0
21136,0.0
21137,0.0
21138,0.0
21139,0.0
21140,0.0
21141,0.0
21142,0.0
21143,0.0
21144,0.0
21145,0.0
21146,0.0
21147,0.0
21148,0.0
21149,0.0
21150,0.0
21151,0.0
21152,0.0
21153,0.0
21154,0.0
21155,0.0
21156,0.0
21157,0.0
21158,0.0
21159,0.0
21160,0.0
21161,0.0
21162,0.0
21163,0.0
21164,0.0
21165,0.0
21166,0.0
21167,0.0
21168,0.0
21169,0.0
21170,0.0
21171,0.0
21172,0.0
21173,0.0
21174,0.0
21175,0.0
21176,0.0
21177,0.0
21178,0.0
21179,0.0
21180,0.0
21181,0.0
21182,0.0
21183,0.0
21184,0.0
21185,0.0
21186,0.0
21187,0.0
21188,0.0
21189,0.0
21190,0.0
21191,0.0
21192,0.0
21193,0.0
21194,0.0
21195,0.0
21196,0.0
21197,0.0
21198,0.0
21199,0.0
21200,0.0
21201,0.0
21202,0.0
21203,0.0
21204,0.0
21205,0.0
21206,0.0
21207,0.0
21208,0.0
21209,0.0
21210,0.0
21211,0.0
21212,0.0
21213,0.0
21214,0.0
21215,0.0
21216,0.0
21217,0.0
21218,0.0
21219,0.0
21220,0.0
21221,0.0
21222,0.0
21223,0.0
21224,0.0
21225,0.0
21226,0.0
21227,0.0
21228,0.0
21229,0.0
21230,0.0
21231,0.0
21232,0.0
21233,0.0
21234,0.0
21235,0.0
21236,0.0
21237,0.0
21238,0.0
21239,0.0
21240,0.0
21241,0.0
21242,0.0
21243,0.0
21244,0.0
21245,0.0
21246,0.0
21247,0.0
21248,0.0
21249,0.0
21250,0.0
21251,0.0
21252,0.0
21253,0.0
21254,0.0
21255,0.0
21256,0.0
21257,0.0
21258,0.0
21259,0.0
21260,0.0
21261,0.0
21262,0.0
21263,0.0
21264,0.0
21265,0.0
21266,0.0
21267,0.0
21268,0.0
21269,0.0
21270,0.0
21271,0.0
21272,0.0
21273,0.0
21274,0.0
21275,0.0
21276,0.0
21277,0.0
21278,0.0
21279,0.0
21280,0.0
21281,0.0
21282,0.0
21283,0.0
21284,0.0
21285,0.0
21286,0.0
21287,0.0
21288,0.0
21289,0.0
21290,0.0
21291,0.0
21292,0.0
21293,0.0
21294,0.0
21295,0.0
21296,0.0
21297,0.0
21298,0.0
21299,0.0
21300,0.0
21301,16925.51620360205
21302,16925.51620360205
21303,16925.51620360205
21304,16925.51620360205
21305,16925.51620360205
21306,16925.51620360205
21307,16925.51620360205
21308,16925.51620360205
21309,16925.51620360205
21310,16925.51620360205
21311,16925.51620360205
21312,16925.51620360205
21313,16925.51620360205
21314,16925.51620360205
21315,16925.51620360205
21316,16925.51620360205
21317,16925.51620360205
21318,16925.51620360205
21319,16925.51620360205
21320,16925.51620360205
21321,16925.51620360205
21322,16925.51620360205
21323,16925.51620360205
21324,16925.51620360205
21325,16925.51620360205
21326,16925.51620360205
21327,16925.51620360205
21328,16925.51620360205
21329,16925.51620360205
21330,16925.51620360205
21331,16925.51620360205
21332,16925.51620360205
21333,16925.51620360205
21334,16925.51620360205
21335,16925.51620360205
21336,16925.51620360205
21337,16925.51620360205
21338,16925.51620360205
21339,16925.51620360205
21340,16925.51620360205
21341,16925.51620360205
21342,16925.51620360205
21343,16925.51620360205
21344,16925.51620360205
21345,16925.51620360205
21346,16925.51620360205
21347,16925.51620360205
21348,16925.51620360205
21349,16925.51620360205
21350,16925.51620360205
21351,16925.51620360205
21352,16925.51620360205
21353,16925.51620360205
21354,16925.51620360205
21355,16925.51620360205
21356,16925.51620360205
21357,16925.51620360205
21358,16925.51620360205
21359,16925.51620360205
21360,16925.51620360205
21361,16925.51620360205
21362,16925.51620360205
21363,16925.51620360205
21364,16925.51620360205
21365,16925.51620360205
21366,16925.51620360205
21367,16925.51620360205
21368,16925.51620360205
21369,16925.51620360205
21370,16925.51620360205
21371,16925.51620360205
21372,16925.51620360205
21373,16925.51620360205
21374,16925.51620360205
21375,16925.51620360205
21376,16925.51620360205
21377,16925.51620360205
21378,16925.51620360205
21379,16925.51620360205
21380,16925.51620360205
21381,16925.51620360205
21382,16925.51620360205
21383,16925.51620360205
21384,16925.51620360205
21385,16925.51620360205
21386,16925.51620360205
21387,16925.51620360205
21388,16925.51620360205
21389,16925.51620360205
21390,16925.51620360205
21391,16925.51620360205
21392,16925.51620360205
21393,16925.51620360205
21394,16925.51620360205
21395,16925.51620360205
21396,16925.51620360205
21397,16925.51620360205
21398,16925.51620360205
21399,16925.51620360205
21400,16925.51620360205
21401,16925.51620360205
21402,16925.51620360205
21403,16925.51620360205
21404,16925.51620360205
21405,16925.51620360205
21406,16925.51620360205
21407,16925.51620360205
21408,16925.51620360205
21409,16925.51620360205
21410,16925.51620360205
21411,16925.51620360205
21412,16925.51620360205
21413,16925.51620360205
21414,16925.51620360205
21415,16925.51620360205
21416,16925.51620360205
21417,16925.51620360205
21418,16925.51620360205
21419,16925.51620360205
21420,16925.51620360205
21421,16925.51620360205
21422,16925.51620360205
21423,16925.51620360205
21424,16925.51620360205
21425,16925.51620360205
21426,16925.51620360205
21427,16925.51620360205
21428,16925.51620360205
21429,16925.51620360205
21430,16925.51620360205
21431,16925.51620360205
21432,16925.51620360205
21433,16925.51620360205
21434,16925.51620360205
21435,16925.51620360205
21436,16925.51620360205
21437,16925.51620360205
21438,16925.51620360205
21439,16925.51620360205
21440,16925.51620360205
21441,16925.51620360205
21442,16925.51620360205
21443,16925.51620360205
21444,16925.51620360205
21445,16925.51620360205
21446,16925.51620360205
21447,16925.51620360205
21448,16925.51620360205
21449,16925.51620360205
21450,16925.51620360205
21451,0.0
21452,0.0
21453,0.0
21454,0.0
21455,0.0
21456,0.0
21457,0.0
21458,0.0
21459,0.0
21460,0.0
21461,0.0
21462,0.0
21463,0.0
21464,0.0
21465,0.0
21466,0.0
21467,0.0
21468,0.0
21469,0.0
21470,0.0
21471,0.0
21472,0.0
21473,0.0
21474,0.0
21475,0.0
21476,0.0
21477,0.0
21478,0.0
21479,0.0
21480,0.0
21481,0.0
21482,0.0
21483,0.0
21484,0.0
21485,0.0
21486,0.0
21487,0.0
21488,0.0
21489,0.0
21490,0.0
21491,0.0
21492,0.0
21493,0.0
21494,0.0
21495,0.0
21496,0.0
21497,0.0
21498,0.0
21499,0.0
21500,0.0
21501,0.0
21502,0.0
21503,0.0
21504,0.0
21505,0.0
21506,0.0
21507,0.0
21508,0.0
21509,0.0
21510,0.0
21511,0.0
21512,0.0
21513,0.0
21514,0.0
21515,0.0
21516,0.0
21517,0.0
21518,0.0
21519,0.0
21520,0.0
21521,0.0
21522,0.0
21523,0.0
21524,0.0
21525,0.0
21526,0.0
21527,0.0
21528,0.0
21529,0.0
21530,0.0
21531,0.0
21532,0.0
21533,0.0
21534,0.0
21535,0.0
21536,0.0
21537,0.0
21538,0.0
21539,0.0
21540,0.0
21541,0.0
21542,0.0
21543,0.0
21544,0.0
21545,0.0
21546,0.0
21547,0.0
21548,0.0
21549,0.0
21550,0.0
21551,0.0
21552,0.0
21553,0.0
21554,0.0
21555,0.0
21556,0.0
21557,0.0
21558,0.0
21559,0.0
21560,0.0
21561,0.0
21562,0.0
21563,0.0
21564,0.0
21565,0.0
21566,0.0
21567,0.0
21568,0.0
21569,0.0
21570,0.0
21571,0.0
21572,0.0
21573,0.0
21574,0.0
21575,0.0
21576,0.0
21577,0.0
21578,0.0
21579,0.0
21580,0.0
21581,0.0
21582,0.0
21583,0.0
21584,0.0
21585,0.0
21586,0.0
21587,0.0
21588,0.0
21589,0.0
21590,0.0
21591,0.0
21592,0.0
21593,0.0
21594,0.0
21595,0.0
21596,0.0
21597,0.0
21598,0.0
21599,0.0
21600,0.0
21601,0.0
21602,0.0
21603,0.0
21604,0.0
21605,0.0
21606,0.0
21607,0.0
21608,0.0
21609,0.0
21610,0.0
21611,0.0
21612,0.0
21613,0.0
21614,0.0
21615,0.0
21616,0.0
21617,0.0
21618,0.0
21619,0.0
21620,0.0
21621,0.0
21622,0.0
21623,0.0
21624,0.0
21625,0.0
21626,0.0
21627,0.0
21628,0.0
21629,0.0
21630,0.0
21631,0.0
21632,0.0
21633,0.0
21634,0.0
21635,0.0
21636,0.0
21637,0.0
21638,0.0
21639,0.0
21640,0.0
21641,0.0
21642,0.0
21643,0.0
21644,0.0
21645,0.0
21646,0.0
21647,0.0
21648,0.0
21649,0.0
21650,0.0
21651,0.0
21652,0.0
21653,0.0
21654,0.0
21655,0.0
21656,0.0
21657,0.0
21658,0.0
21659,0.0
21660,0.0
21661,0.0
21662,0.0
21663,0.0
21664,0.0
21665,0.0
21666,0.0
21667,0.0
21668,0.0
21669,0.0
21670,0.0
21671,0.0
21672,0.0
21673,0.0
21674,0.0
21675,0.0
21676,0.0
21677,0.0
21678,0.0
21679,0.0
21680,0.0
21681,0.0
21682,0.0
21683,0.0
21684,0.0
21685,0.0
21686,0.0
21687,0.0
21688,0.0
21689,0.0
21690,0.0
21691,0.0
21692,0.0
21693,0.0
21694,0.0
21695,0.0
21696,0.0
21697,0.0
21698,0.0
21699,0.0
21700,0.0
21701,0.0
21702,0.0
21703,0.0
21704,0.0
21705,0.0
21706,0.0
21707,0.0
21708,0.0
21709,0.0
21710,0.0
21711,0.0
21712,0.0
21713,0.0
21714,0.0
21715,0.0
21716,0.0
21717,0.0
21718,0.0
21719,0.0
21720,0.0
21721,0.0
21722,0.0
21723,0.0
21724,0.0
21725,0.0
21726,0.0
21727,0.0
21728,0.0
21729,0.0
21730,0.0
21731,0.0
21732,0.0
21733,0.0
21734,0.0
21735,0.0
21736,0.0
21737,0.0
21738,0.0
21739,0.0
21740,0.0
21741,0.0
21742,0.0
21743,0.0
21744,0.0
21745,0.0
21746,0.0
21747,0.0
21748,0.0
21749,0.0
21750,0.0
21751,0.0
21752,0.0
21753,0.0
21754,0.0
21755,0.0
21756,0.0
21757,0.0
21758,0.0
21759,0.0
21760,0.0
21761,0.0
21762,0.0
21763,0.0
21764,0.0
21765,0.0
21766,0.0
21767,0.0
21768,0.0
21769,0.0
21770,0.0
21771,0.0
21772,0.0
21773,0.0
21774,0.0
21775,0.0
21776,0.0
21777,0.0
21778,0.0
21779,0.0
21780,0.0
21781,0.0
21782,0.0
21783,0.0
21784,0.0
21785,0.0
21786,0.0
21787,0.0
21788,0.0
21789,0.0
21790,0.0
21791,0.0
21792,0.0
21793,0.0
21794,0.0
21795,0.0
21796,0.0
21797,0.0
21798,0.0
21799,0.0
21800,0.0
21801,0.0
21802,0.0
21803,0.0
21804,0.0
21805,0.0
21806,0.0
21807,0.0
21808,0.0
21809,0.0
21810,0.0
21811,0.0
21812,0.0
21813,0.0
21814,0.0
21815,0.0
21816,0.0
21817,0.0
21818,0.0
21819,0.0
21820,0.0
21821,0.0
21822,0.0
21823,0.0
21824,0.0
21825,0.0
21826,0.0
21827,0.0
21828,0.0
21829,0.0
21830,0.0
21831,0.0
21832,0.0
21833,0.0
21834,0.0
21835,0.0
21836,0.0
21837,0.0
21838,0.0
21839,0.0
21840,0.0
21841,0.0
21842,0.0
21843,0.0
21844,0.0
21845,0.0
21846,0.0
21847,0.0
21848,0.0
21849,0.0
21850,0.0
21851,0.0
21852,0.0
21853,0.0
21854,0.0
21855,0.0
21856,0.0
21857,0.0
21858,0.0
21859,0.0
21860,0.0
21861,0.0
21862,0.0
21863,0.0
21864,0.0
21865,0.0
21866,0.0
21867,0.0
21868,0.0
21869,0.0
21870,0.0
21871,0.0
21872,0.0
21873,0.0
21874,0.0
21875,0.0
21876,0.0
21877,0.0
21878,0.0
21879,0.0
21880,0.0
21881,0.0
21882,0.0
21883,0.0
21884,0.0
21885,0.0
21886,0.0
21887,0.0
21888,0.0
21889,0.0
21890,0.0
21891,0.0
21892,0.0
21893,0.0
21894,0.0
21895,0.0
21896,0.0
21897,0.0
21898,0.0
21899,0.0
21900,0.0
21901,1284374.2038662673
21902,1284374.2038662673
21903,1284374.2038662673
21904,1284374.2038662673
21905,1284374.2038662673
21906,1284374.2038662673
21907,1284374.2038662673
21908,1284374.2038662673
21909,1284374.2038662673
21910,1284374.2038662673
21911,1284374.2038662673
21912,1284374.2038662673
21913,1284374.2038662673
21914,1284374.2038662673
21915,1284374.2038662673
21916,1284374.2038662673
21917,1284374.2038662673
21918,1284374.2038662673
21919,1284374.2038662673
21920,1284374.2038662673
21921,1284374.2038662673
21922,1284374.2038662673
21923,1284374.2038662673
21924,1284374.2038662673
21925,1284374.2038662673
21926,1284374.2038662673
21927,1284374.2038662673
21928,1284374.2038662673
21929,1284374.2038662673
21930,1284374.2038662673
21931,1284374.2038662673
21932,1284374.2038662673
21933,1284374.2038662673
21934,1284374.2038662673
21935,1284374.2038662673
21936,1284374.2038662673
21937,1284374.2038662673
21938,1284374.2038662673
21939,1284374.2038662673
21940,1284374.2038662673
21941,1284374.2038662673
21942,1284374.2038662673
21943,1284374.2038662673
21944,1284374.2038662673
21945,1284374.2038662673
21946,1284374.2038662673
21947,1284374.2038662673
21948,1284374.2038662673
21949,1284374.2038662673
21950,1284374.2038662673
21951,1284374.2038662673
21952,1284374.2038662673
21953,1284374.2038662673
21954,1284374.2038662673
21955,1284374.2038662673
21956,1284374.2038662673
21957,1284374.2038662673
21958,1284374.2038662673
21959,1284374.2038662673
21960,1284374.2038662673
21961,1284374.2038662673
21962,1284374.2038662673
21963,1284374.2038662673
21964,1284374.2038662673
21965,1284374.2038662673
21966,1284374.2038662673
21967,1284374.2038662673
21968,1284374.2038662673
21969,1284374.2038662673
21970,1284374.2038662673
21971,1284374.2038662673
21972,1284374.2038662673
21973,1284374.2038662673
21974,1284374.2038662673
21975,1284374.2038662673
21976,1284374.2038662673
21977,1284374.2038662673
21978,1284374.2038662673
21979,1284374.2038662673
21980,1284374.2038662673
21981,1284374.2038662673
21982,1284374.2038662673
21983,1284374.2038662673
21984,1284374.2038662673
21985,1284374.2038662673
21986,1284374.2038662673
21987,1284374.2038662673
21988,1284374.2038662673
21989,1284374.2038662673
21990,1284374.2038662673
21991,1284374.2038662673
21992,1284374.2038662673
21993,1284374.2038662673
21994,1284374.2038662673
21995,1284374.2038662673
21996,1284374.2038662673
21997,1284374.2038662673
21998,1284374.2038662673
21999,1284374.2038662673
22000,1284374.2038662673
22001,1284374.2038662673
22002,1284374.2038662673
22003,1284374.2038662673
22004,1284374.2038662673
22005,1284374.2038662673
22006,1284374.2038662673
22007,1284374.2038662673
22008,1284374.2038662673
22009,1284374.2038662673
22010,1284374.2038662673
22011,1284374.2038662673
22012,1284374.2038662673
22013,1284374.2038662673
22014,1284374.2038662673
22015,1284374.2038662673
22016,1284374.2038662673
22017,1284374.2038662673
22018,1284374.2038662673
22019,1284374.2038662673
22020,1284374.2038662673
22021,1284374.2038662673
22022,1284374.2038662673
22023,1284374.2038662673
22024,1284374.2038662673
22025,1284374.2038662673
22026,1284374.2038662673
22027,1284374.2038662673
22028,1284374.2038662673
22029,1284374.2038662673
22030,1284374.2038662673
22031,1284374.2038662673
22032,1284374.2038662673
22033,1284374.2038662673
22034,1284374.2038662673
22035,1284374.2038662673
22036,1284374.2038662673
22037,1284374.2038662673
22038,1284374.2038662673
22039,1284374.2038662673
22040,1284374.2038662673
22041,1284374.2038662673
22042,1284374.2038662673
22043,1284374.2038662673
22044,1284374.2038662673
22045,1284374.2038662673
22046,1284374.2038662673
22047,1284374.2038662673
22048,1284374.2038662673
22049,1284374.2038662673
22050,1284374.2038662673
22051,1571385.095088934
22052,1571385.095088934
22053,1571385.095088934
22054,1571385.095088934
22055,1571385.095088934
22056,1571385.095088934
22057,1571385.095088934
22058,1571385.095088934
22059,1571385.095088934
22060,1571385.095088934
22061,1571385.095088934
22062,1571385.095088934
22063,1571385.095088934
22064,1571385.095088934
22065,1571385.095088934
22066,1571385.095088934
22067,1571385.095088934
22068,1571385.095088934
22069,1571385.095088934
22070,1571385.095088934
22071,1571385.095088934
22072,1571385.095088934
22073,1571385.095088934
22074,1571385.095088934
22075,1571385.095088934
22076,1571385.095088934
22077,1571385.095088934
22078,1571385.095088934
22079,1571385.095088934
22080,1571385.095088934
22081,1571385.095088934
22082,1571385.095088934
22083,1571385.095088934
22084,1571385.095088934
22085,1571385.095088934
22086,1571385.095088934
22087,1571385.095088934
22088,1571385.095088934
22089,1571385.095088934
22090,1571385.095088934
22091,1571385.095088934
22092,1571385.095088934
22093,1571385.095088934
22094,1571385.095088934
22095,1571385.095088934
22096,1571385.095088934
22097,1571385.095088934
22098,1571385.095088934
22099,1571385.095088934
22100,1571385.095088934
22101,1571385.095088934
22102,1571385.095088934
22103,1571385.095088934
22104,1571385.095088934
22105,1571385.095088934
22106,1571385.095088934
22107,1571385.095088934
22108,1571385.095088934
22109,1571385.095088934
22110,1571385.095088934
22111,1571385.095088934
22112,1571385.095088934
22113,1571385.095088934
22114,1571385.095088934
22115,1571385.095088934
22116,1571385.095088934
22117,1571385.095088934
22118,1571385.095088934
22119,1571385.095088934
22120,1571385.095088934
22121,1571385.095088934
22122,1571385.095088934
22123,1571385.095088934
22124,1571385.095088934
22125,1571385.095088934
22126,1571385.095088934
22127,1571385.095088934
22128,1571385.095088934
22129,1571385.095088934
22130,1571385.095088934
22131,1571385.095088934
22132,1571385.095088934
22133,1571385.095088934
22134,1571385.095088934
22135,1571385.095088934
22136,1571385.095088934
22137,1571385.095088934
22138,1571385.095088934
22139,1571385.095088934
22140,1571385.095088934
22141,1571385.095088934
22142,1571385.095088934
22143,1571385.095088934
22144,1571385.095088934
22145,1571385.095088934
22146,1571385.095088934
22147,1571385.095088934
22148,1571385.095088934
22149,1571385.095088934
22150,1571385.095088934
22151,1571385.095088934
22152,1571385.095088934
22153,1571385.095088934
22154,1571385.095088934
22155,1571385.095088934
22156,1571385.095088934
22157,1571385.095088934
22158,1571385.095088934
22159,1571385.095088934
22160,1571385.095088934
22161,1571385.095088934
22162,1571385.095088934
22163,1571385.095088934
22164,1571385.095088934
22165,1571385.095088934
22166,1571385.095088934
22167,1571385.095088934
22168,1571385.095088934
22169,1571385.095088934
22170,1571385.095088934
22171,1571385.095088934
22172,1571385.095088934
22173,1571385.095088934
22174,1571385.095088934
22175,1571385.095088934
22176,1571385.095088934
22177,1571385.095088934
22178,1571385.095088934
22179,1571385.095088934
22180,1571385.095088934
22181,1571385.095088934
22182,1571385.095088934
22183,1571385.095088934
22184,1571385.095088934
22185,1571385.095088934
22186,1571385.095088934
22187,1571385.095088934
22188,1571385.095088934
22189,1571385.095088934
22190,1571385.095088934
22191,1571385.095088934
22192,1571385.095088934
22193,1571385.095088934
22194,1571385.095088934
22195,1571385.095088934
22196,1571385.095088934
22197,1571385.095088934
22198,1571385.095088934
22199,1571385.095088934
22200,1571385.095088934
22201,1697769.6507423073
22202,1697769.6507423073
22203,1697769.6507423073
22204,1697769.6507423073
22205,1697769.6507423073
22206,1697769.6507423073
22207,1697769.6507423073
22208,1697769.6507423073
22209,1697769.6507423073
22210,1697769.6507423073
22211,1697769.6507423073
22212,1697769.6507423073
22213,1697769.6507423073
22214,1697769.6507423073
22215,1697769.6507423073
22216,1697769.6507423073
22217,1697769.6507423073
22218,1697769.6507423073
22219,1697769.6507423073
22220,1697769.6507423073
22221,1697769.6507423073
22222,1697769.6507423073
22223,1697769.6507423073
22224,1697769.6507423073
22225,1697769.6507423073
22226,1697769.6507423073
22227,1697769.6507423073
22228,1697769.6507423073
22229,1697769.6507423073
22230,1697769.6507423073
22231,1697769.6507423073
22232,1697769.6507423073
22233,1697769.6507423073
22234,1697769.6507423073
22235,1697769.6507423073
22236,1697769.6507423073
22237,1697769.6507423073
22238,1697769.6507423073
22239,1697769.6507423073
22240,1697769.6507423073
22241,1697769.6507423073
22242,1697769.6507423073
22243,1697769.6507423073
22244,1697769.6507423073
22245,1697769.6507423073
22246,1697769.6507423073
22247,1697769.6507423073
22248,1697769.6507423073
22249,1697769.6507423073
22250,1697769.6507423073
22251,1697769.6507423073
22252,1697769.6507423073
22253,1697769.6507423073
22254,1697769.6507423073
22255,1697769.6507423073
22256,1697769.6507423073
22257,1697769.6507423073
22258,1697769.6507423073
22259,1697769.6507423073
22260,1697769.6507423073
22261,1697769.6507423073
22262,1697769.6507423073
22263,1697769.6507423073
22264,1697769.6507423073
22265,1697769.6507423073
22266,1697769.6507423073
22267,1697769.6507423073
22268,1697769.6507423073
22269,1697769.6507423073
22270,1697769.6507423073
22271,1697769.6507423073
22272,1697769.6507423073
22273,1697769.6507423073
22274,1697769.6507423073
22275,1697769.6507423073
22276,1697769.6507423073
22277,1697769.6507423073
22278,1697769.6507423073
22279,1697769.6507423073
22280,1697769.6507423073
22281,1697769.6507423073
22282,1697769.6507423073
22283,1697769.6507423073
22284,1697769.6507423073
22285,1697769.6507423073
22286,1697769.6507423073
22287,1697769.6507423073
22288,1697769.6507423073
22289,1697769.6507423073
22290,1697769.6507423073
22291,1697769.6507423073
22292,1697769.6507423073
22293,1697769.6507423073
22294,1697769.6507423073
22295,1697769.6507423073
22296,1697769.6507423073
22297,1697769.6507423073
22298,1697769.6507423073
22299,1697769.6507423073
22300,1697769.6507423073
22301,1697769.6507423073
22302,1697769.6507423073
22303,1697769.6507423073
22304,1697769.6507423073
22305,1697769.6507423073
22306,1697769.6507423073
22307,1697769.6507423073
22308,1697769.6507423073
22309,1697769.6507423073
22310,1697769.6507423073
22311,1697769.6507423073
22312,1697769.6507423073
22313,1697769.6507423073
22314,1697769.6507423073
22315,1697769.6507423073
22316,1697769.6507423073
22317,1697769.6507423073
22318,1697769.6507423073
22319,1697769.6507423073
22320,1697769.6507423073
22321,1697769.6507423073
22322,1697769.6507423073
22323,1697769.6507423073
22324,1697769.6507423073
22325,1697769.6507423073
22326,1697769.6507423073
22327,1697769.6507423073
22328,1697769.6507423073
22329,1697769.6507423073
22330,1697769.6507423073
22331,1697769.6507423073
22332,1697769.6507423073
22333,1697769.6507423073
22334,1697769.6507423073
22335,1697769.6507423073
22336,1697769.6507423073
22337,1697769.6507423073
22338,1697769.6507423073
22339,1697769.6507423073
22340,1697769.6507423073
22341,1697769.6507423073
22342,1697769.6507423073
22343,1697769.6507423073
22344,1697769.6507423073
22345,1697769.6507423073
22346,1697769.6507423073
22347,1697769.6507423073
22348,1697769.6507423073
22349,1697769.6507423073
22350,1697769.6507423073
22351,1707073.4347751124
22352,1707073.4347751124
22353,1707073.4347751124
22354,1707073.4347751124
22355,1707073.4347751124
22356,1707073.4347751124
22357,1707073.4347751124
22358,1707073.4347751124
22359,1707073.4347751124
22360,1707073.4347751124
22361,1707073.4347751124
22362,1707073.4347751124
22363,1707073.4347751124
22364,1707073.4347751124
22365,1707073.4347751124
22366,1707073.4347751124
22367,1707073.4347751124
22368,1707073.4347751124
22369,1707073.4347751124
22370,1707073.4347751124
22371,1707073.4347751124
22372,1707073.4347751124
22373,1707073.4347751124
22374,1707073.4347751124
22375,1707073.4347751124
22376,1707073.4347751124
22377,1707073.4347751124
22378,1707073.4347751124
22379,1707073.4347751124
22380,1707073.4347751124
22381,1707073.4347751124
22382,1707073.4347751124
22383,1707073.4347751124
22384,1707073.4347751124
22385,1707073.4347751124
22386,1707073.4347751124
22387,1707073.4347751124
22388,1707073.4347751124
22389,1707073.4347751124
22390,1707073.4347751124
22391,1707073.4347751124
22392,1707073.4347751124
22393,1707073.4347751124
22394,1707073.4347751124
22395,1707073.4347751124
22396,1707073.4347751124
22397,1707073.4347751124
22398,1707073.4347751124
22399,1707073.4347751124
22400,1707073.4347751124
22401,1707073.4347751124
22402,1707073.4347751124
22403,1707073.4347751124
22404,1707073.4347751124
22405,1707073.4347751124
22406,1707073.4347751124
22407,1707073.4347751124
22408,1707073.4347751124
22409,1707073.4347751124
22410,1707073.4347751124
22411,1707073.4347751124
22412,1707073.4347751124
22413,1707073.4347751124
22414,1707073.4347751124
22415,1707073.4347751124
22416,1707073.4347751124
22417,1707073.4347751124
22418,1707073.4347751124
22419,1707073.4347751124
22420,1707073.4347751124
22421,1707073.4347751124
22422,1707073.4347751124
22423,1707073.4347751124
22424,1707073.4347751124
22425,1707073.4347751124
22426,1707073.4347751124
22427,1707073.4347751124
22428,1707073.4347751124
22429,1707073.4347751124
22430,1707073.4347751124
22431,1707073.4347751124
22432,1707073.4347751124
22433,1707073.4347751124
22434,1707073.4347751124
22435,1707073.4347751124
22436,1707073.4347751124
22437,1707073.4347751124
22438,1707073.4347751124
22439,1707073.4347751124
22440,1707073.4347751124
22441,1707073.4347751124
22442,1707073.4347751124
22443,1707073.4347751124
22444,1707073.4347751124
22445,1707073.4347751124
22446,1707073.4347751124
22447,1707073.4347751124
22448,1707073.4347751124
22449,1707073.4347751124
22450,1707073.4347751124
22451,1707073.4347751124
22452,1707073.4347751124
22453,1707073.4347751124
22454,1707073.4347751124
22455,1707073.4347751124
22456,1707073.4347751124
22457,1707073.4347751124
22458,1707073.4347751124
22459,1707073.4347751124
22460,1707073.4347751124
22461,1707073.4347751124
22462,1707073.4347751124
22463,1707073.4347751124
22464,1707073.4347751124
22465,1707073.4347751124
22466,1707073.4347751124
22467,1707073.4347751124
22468,1707073.4347751124
22469,1707073.4347751124
22470,1707073.4347751124
22471,1707073.4347751124
22472,1707073.4347751124
22473,1707073.4347751124
22474,1707073.4347751124
22475,1707073.4347751124
22476,1707073.4347751124
22477,1707073.4347751124
22478,1707073.4347751124
22479,1707073.4347751124
22480,1707073.4347751124
22481,1707073.4347751124
22482,1707073.4347751124
22483,1707073.4347751124
22484,1707073.4347751124
22485,1707073.4347751124
22486,1707073.4347751124
22487,1707073.4347751124
22488,1707073.4347751124
22489,1707073.4347751124
22490,1707073.4347751124
22491,1707073.4347751124
22492,1707073.4347751124
22493,1707073.4347751124
22494,1707073.4347751124
22495,1707073.4347751124
22496,1707073.4347751124
22497,1707073.4347751124
22498,1707073.4347751124
22499,1707073.4347751124
22500,1707073.4347751124
22501,105718.39448315835
22502,105718.39448315835
22503,105718.39448315835
22504,105718.39448315835
22505,105718.39448315835
22506,105718.39448315835
22507,105718.39448315835
22508,105718.39448315835
22509,105718.39448315835
22510,105718.39448315835
22511,105718.39448315835
22512,105718.39448315835
22513,105718.39448315835
22514,105718.39448315835
22515,105718.39448315835
22516,105718.39448315835
22517,105718.39448315835
22518,105718.39448315835
22519,105718.39448315835
22520,105718.39448315835
22521,105718.39448315835
22522,105718.39448315835
22523,105718.39448315835
22524,105718.39448315835
22525,105718.39448315835
22526,105718.39448315835
22527,105718.39448315835
22528,105718.39448315835
22529,105718.39448315835
22530,105718.39448315835
22531,105718.39448315835
22532,105718.39448315835
22533,105718.39448315835
22534,105718.39448315835
22535,105718.39448315835
22536,105718.39448315835
22537,105718.39448315835
22538,105718.39448315835
22539,105718.39448315835
22540,105718.39448315835
22541,105718.39448315835
22542,105718.39448315835
22543,105718.39448315835
22544,105718.39448315835
22545,105718.39448315835
22546,105718.39448315835
22547,105718.39448315835
22548,105718.39448315835
22549,105718.39448315835
22550,105718.39448315835
22551,105718.39448315835
22552,105718.39448315835
22553,105718.39448315835
22554,105718.39448315835
22555,105718.39448315835
22556,105718.39448315835
22557,105718.39448315835
22558,105718.39448315835
22559,105718.39448315835
22560,105718.39448315835
22561,105718.39448315835
22562,105718.39448315835
22563,105718.39448315835
22564,105718.39448315835
22565,105718.39448315835
22566,105718.39448315835
22567,105718.39448315835
22568,105718.39448315835
22569,105718.39448315835
22570,105718.39448315835
22571,105718.39448315835
22572,105718.39448315835
22573,105718.39448315835
22574,105718.39448315835
22575,105718.39448315835
22576,105718.39448315835
22577,105718.39448315835
22578,105718.39448315835
22579,105718.39448315835
22580,105718.39448315835
22581,105718.39448315835
22582,105718.39448315835
22583,105718.39448315835
22584,105718.39448315835
22585,105718.39448315835
22586,105718.39448315835
22587,105718.39448315835
22588,105718.39448315835
22589,105718.39448315835
22590,105718.39448315835
22591,105718.39448315835
22592,105718.39448315835
22593,105718.39448315835
22594,105718.39448315835
22595,105718.39448315835
22596,105718.39448315835
22597,105718.39448315835
22598,105718.39448315835
22599,105718.39448315835
22600,105718.39448315835
22601,105718.39448315835
22602,105718.39448315835
22603,105718.39448315835
22604,105718.39448315835
22605,105718.39448315835
22606,105718.39448315835
22607,105718.39448315835
22608,105718.39448315835
22609,105718.39448315835
22610,105718.39448315835
22611,105718.39448315835
22612,105718.39448315835
22613,105718.39448315835
22614,105718.39448315835
22615,105718.39448315835
22616,105718.39448315835
22617,105718.39448315835
22618,105718.39448315835
22619,105718.39448315835
22620,105718.39448315835
22621,105718.39448315835
22622,105718.39448315835
22623,105718.39448315835
22624,105718.39448315835
22625,105718.39448315835
22626,105718.39448315835
22627,105718.39448315835
22628,105718.39448315835
22629,105718.39448315835
22630,105718.39448315835
22631,105718.39448315835
22632,105718.39448315835
22633,105718.39448315835
22634,105718.39448315835
22635,105718.39448315835
22636,105718.39448315835
22637,105718.39448315835
22638,105718.39448315835
22639,105718.39448315835
22640,105718.39448315835
22641,105718.39448315835
22642,105718.39448315835
22643,105718.39448315835
22644,105718.39448315835
22645,105718.39448315835
22646,105718.39448315835
22647,105718.39448315835
22648,105718.39448315835
22649,105718.39448315835
22650,105718.39448315835
22651,0.0
22652,0.0
22653,0.0
22654,0.0
22655,0.0
22656,0.0
22657,0.0
22658,0.0
22659,0.0
22660,0.0
22661,0.0
22662,0.0
22663,0.0
22664,0.0
22665,0.0
22666,0.0
22667,0.0
22668,0.0
22669,0.0
22670,0.0
22671,0.0
22672,0.0
22673,0.0
22674,0.0
22675,0.0
22676,0.0
22677,0.0
22678,0.0
22679,0.0
22680,0.0
22681,0.0
22682,0.0
22683,0.0
22684,0.0
22685,0.0
22686,0.0
22687,0.0
22688,0.0
22689,0.0
22690,0.0
22691,0.0
22692,0.0
22693,0.0
22694,0.0
22695,0.0
22696,0.0
22697,0.0
22698,0.0
22699,0.0
22700,0.0
22701,0.0
22702,0.0
22703,0.0
22704,0.0
22705,0.0
22706,0.0
22707,0.0
22708,0.0
22709,0.0
22710,0.0
22711,0.0
22712,0.0
22713,0.0
22714,0.0
22715,0.0
22716,0.0
22717,0.0
22718,0.0
22719,0.0
22720,0.0
22721,0.0
22722,0.0
22723,0.0
22724,0.0
22725,0.0
22726,0.0
22727,0.0
22728,0.0
22729,0.0
22730,0.0
22731,0.0
22732,0.0
22733,0.0
22734,0.0
22735,0.0
22736,0.0
22737,0.0
22738,0.0
22739,0.0
22740,0.0
22741,0.0
22742,0.0
22743,0.0
22744,0.0
22745,0.0
22746,0.0
22747,0.0
22748,0.0
22749,0.0
22750,0.0
22751,0.0
22752,0.0
22753,0.0
22754,0.0
22755,0.0
22756,0.0
22757,0.0
22758,0.0
22759,0.0
22760,0.0
22761,0.0
22762,0.0
22763,0.0
22764,0.0
22765,0.0
22766,0.0
22767,0.0
22768,0.0
22769,0.0
22770,0.0
22771,0.0
22772,0.0
22773,0.0
22774,0.0
22775,0.0
22776,0.0
22777,0.0
22778,0.0
22779,0.0
22780,0.0
22781,0.0
22782,0.0
22783,0.0
22784,0.0
22785,0.0
22786,0.0
22787,0.0
22788,0.0
22789,0.0
22790,0.0
22791,0.0
22792,0.0
22793,0.0
22794,0.0
22795,0.0
22796,0.0
22797,0.0
22798,0.0
22799,0.0
22800,0.0
22801,55044.73560940931
22802,55044.73560940931
22803,55044.73560940931
22804,55044.73560940931
22805,55044.73560940931
22806,55044.73560940931
22807,55044.73560940931
22808,55044.73560940931
22809,55044.73560940931
22810,55044.73560940931
22811,55044.73560940931
22812,55044.73560940931
22813,55044.73560940931
22814,55044.73560940931
22815,55044.73560940931
22816,55044.73560940931
22817,55044.73560940931
22818,55044.73560940931
22819,55044.73560940931
22820,55044.73560940931
22821,55044.73560940931
22822,55044.73560940931
22823,55044.73560940931
22824,55044.73560940931
22825,55044.73560940931
22826,55044.73560940931
22827,55044.73560940931
22828,55044.73560940931
22829,55044.73560940931
22830,55044.73560940931
22831,55044.73560940931
22832,55044.73560940931
22833,55044.73560940931
22834,55044.73560940931
22835,55044.73560940931
22836,55044.73560940931
22837,55044.73560940931
22838,55044.73560940931
22839,55044.73560940931
22840,55044.73560940931
22841,55044.73560940931
22842,55044.73560940931
22843,55044.73560940931
22844,55044.73560940931
22845,55044.73560940931
22846,55044.73560940931
22847,55044.73560940931
22848,55044.73560940931
22849,55044.73560940931
22850,55044.73560940931
22851,55044.73560940931
22852,55044.73560940931
22853,55044.73560940931
22854,55044.73560940931
22855,55044.73560940931
22856,55044.73560940931
22857,55044.73560940931
22858,55044.73560940931
22859,55044.73560940931
22860,55044.73560940931
22861,55044.73560940931
22862,55044.73560940931
22863,55044.73560940931
22864,55044.73560940931
22865,55044.73560940931
22866,55044.73560940931
22867,55044.73560940931
22868,55044.73560940931
22869,55044.73560940931
22870,55044.73560940931
22871,55044.73560940931
22872,55044.73560940931
22873,55044.73560940931
22874,55044.73560940931
22875,55044.73560940931
22876,55044.73560940931
22877,55044.73560940931
22878,55044.73560940931
22879,55044.73560940931
22880,55044.73560940931
22881,55044.73560940931
22882,55044.73560940931
22883,55044.73560940931
22884,55044.73560940931
22885,55044.73560940931
22886,55044.73560940931
22887,55044.73560940931
22888,55044.73560940931
22889,55044.73560940931
22890,55044.73560940931
22891,55044.73560940931
22892,55044.73560940931
22893,55044.73560940931
22894,55044.73560940931
22895,55044.73560940931
22896,55044.73560940931
22897,55044.73560940931
22898,55044.73560940931
22899,55044.73560940931
22900,55044.73560940931
22901,55044.73560940931
22902,55044.73560940931
22903,55044.73560940931
22904,55044.73560940931
22905,55044.73560940931
22906,55044.73560940931
22907,55044.73560940931
22908,55044.73560940931
22909,55044.73560940931
22910,55044.73560940931
22911,55044.73560940931
22912,55044.73560940931
22913,55044.73560940931
22914,55044.73560940931
22915,55044.73560940931
22916,55044.73560940931
22917,55044.73560940931
22918,55044.73560940931
22919,55044.73560940931
22920,55044.73560940931
22921,55044.73560940931
22922,55044.73560940931
22923,55044.73560940931
22924,55044.73560940931
22925,55044.73560940931
22926,55044.73560940931
22927,55044.73560940931
22928,55044.73560940931
22929,55044.73560940931
22930,55044.73560940931
22931,55044.73560940931
22932,55044.73560940931
22933,55044.73560940931
22934,55044.73560940931
22935,55044.73560940931
22936,55044.73560940931
22937,55044.73560940931
22938,55044.73560940931
22939,55044.73560940931
22940,55044.73560940931
22941,55044.73560940931
22942,55044.73560940931
22943,55044.73560940931
22944,55044.73560940931
22945,55044.73560940931
22946,55044.73560940931
22947,55044.73560940931
22948,55044.73560940931
22949,55044.73560940931
22950,55044.73560940931
22951,2018299.159943749
22952,2018299.159943749
22953,2018299.159943749
22954,2018299.159943749
22955,2018299.159943749
22956,2018299.159943749
22957,2018299.159943749
22958,2018299.159943749
22959,2018299.159943749
22960,2018299.159943749
22961,2018299.159943749
22962,2018299.159943749
22963,2018299.159943749
22964,2018299.159943749
22965,2018299.159943749
22966,2018299.159943749
22967,2018299.159943749
22968,2018299.159943749
22969,2018299.159943749
22970,2018299.159943749
22971,2018299.159943749
22972,2018299.159943749
22973,2018299.159943749
22974,2018299.159943749
22975,2018299.159943749
22976,2018299.159943749
22977,2018299.159943749
22978,2018299.159943749
22979,2018299.159943749
22980,2018299.159943749
22981,2018299.159943749
22982,2018299.159943749
22983,2018299.159943749
22984,2018299.159943749
22985,2018299.159943749
22986,2018299.159943749
22987,2018299.159943749
22988,2018299.159943749
22989,2018299.159943749
22990,2018299.159943749
22991,2018299.159943749
22992,2018299.159943749
22993,2018299.159943749
22994,2018299.159943749
22995,2018299.159943749
22996,2018299.159943749
22997,2018299.159943749
22998,2018299.159943749
22999,2018299.159943749
23000,2018299.159943749
23001,2018299.159943749
23002,2018299.159943749
23003,2018299.159943749
23004,2018299.159943749
23005,2018299.159943749
23006,2018299.159943749
23007,2018299.159943749
23008,2018299.159943749
23009,2018299.159943749
23010,2018299.159943749
23011,2018299.159943749
23012,2018299.159943749
23013,2018299.159943749
23014,2018299.159943749
23015,2018299.159943749
23016,2018299.159943749
23017,2018299.159943749
23018,2018299.159943749
23019,2018299.159943749
23020,2018299.159943749
23021,2018299.159943749
23022,2018299.159943749
23023,2018299.159943749
23024,2018299.159943749
23025,2018299.159943749
23026,2018299.159943749
23027,2018299.159943749
23028,2018299.159943749
23029,2018299.159943749
23030,2018299.159943749
23031,2018299.159943749
23032,2018299.159943749
23033,2018299.159943749
23034,2018299.159943749
23035,2018299.159943749
23036,2018299.159943749
23037,2018299.159943749
23038,2018299.159943749
23039,2018299.159943749
23040,2018299.159943749
23041,2018299.159943749
23042,2018299.159943749
23043,2018299.159943749
23044,2018299.159943749
23045,2018299.159943749
23046,2018299.159943749
23047,2018299.159943749
23048,2018299.159943749
23049,2018299.159943749
23050,2018299.159943749
23051,2018299.159943749
23052,2018299.159943749
23053,2018299.159943749
23054,2018299.159943749
23055,2018299.159943749
23056,2018299.159943749
23057,2018299.159943749
23058,2018299.159943749
23059,2018299.159943749
23060,2018299.159943749
23061,2018299.159943749
23062,2018299.159943749
23063,2018299.159943749
23064,2018299.159943749
23065,2018299.159943749
23066,2018299.159943749
23067,2018299.159943749
23068,2018299.159943749
23069,2018299.159943749
23070,2018299.159943749
23071,2018299.159943749
23072,2018299.159943749
23073,2018299.159943749
23074,2018299.159943749
23075,2018299.159943749
23076,2018299.159943749
23077,2018299.159943749
23078,2018299.159943749
23079,2018299.159943749
23080,2018299.159943749
23081,2018299.159943749
23082,2018299.159943749
23083,2018299.159943749
23084,2018299.159943749
23085,2018299.159943749
23086,2018299.159943749
23087,2018299.159943749
23088,2018299.159943749
23089,2018299.159943749
23090,2018299.159943749
23091,2018299.159943749
23092,2018299.159943749
23093,2018299.159943749
23094,2018299.159943749
23095,2018299.159943749
23096,2018299.159943749
23097,2018299.159943749
23098,2018299.159943749
23099,2018299.159943749
23100,2018299.159943749
23101,0.0
23102,0.0
23103,0.0
23104,0.0
23105,0.0
23106,0.0
23107,0.0
23108,0.0
23109,0.0
23110,0.0
23111,0.0
23112,0.0
23113,0.0
23114,0.0
23115,0.0
23116,0.0
23117,0.0
23118,0.0
23119,0.0
23120,0.0
23121,0.0
23122,0.0
23123,0.0
23124,0.0
23125,0.0
23126,0.0
23127,0.0
23128,0.0
23129,0.0
23130,0.0
23131,0.0
23132,0.0
23133,0.0
23134,0.0
23135,0.0
23136,0.0
23137,0.0
23138,0.0
23139,0.0
23140,0.0
23141,0.0
23142,0.0
23143,0.0
23144,0.0
23145,0.0
23146,0.0
23147,0.0
23148,0.0
23149,0.0
23150,0.0
23151,0.0
23152,0.0
23153,0.0
23154,0.0
23155,0.0
23156,0.0
23157,0.0
23158,0.0
23159,0.0
23160,0.0
23161,0.0
23162,0.0
23163,0.0
23164,0.0
23165,0.0
23166,0.0
23167,0.0
23168,0.0
23169,0.0
23170,0.0
23171,0.0
23172,0.0
23173,0.0
23174,0.0
23175,0.0
23176,0.0
23177,0.0
23178,0.0
23179,0.0
23180,0.0
23181,0.0
23182,0.0
23183,0.0
23184,0.0
23185,0.0
23186,0.0
23187,0.0
23188,0.0
23189,0.0
23190,0.0
23191,0.0
23192,0.0
23193,0.0
23194,0.0
23195,0.0
23196,0.0
23197,0.0
23198,0.0
23199,0.0
23200,0.0
23201,0.0
23202,0.0
23203,0.0
23204,0.0
23205,0.0
23206,0.0
23207,0.0
23208,0.0
23209,0.0
23210,0.0
23211,0.0
23212,0.0
23213,0.0
23214,0.0
23215,0.0
23216,0.0
23217,0.0
23218,0.0
23219,0.0
23220,0.0
23221,0.0
23222,0.0
23223,0.0
23224,0.0
23225,0.0
23226,0.0
23227,0.0
23228,0.0
23229,0.0
23230,0.0
23231,0.0
23232,0.0
23233,0.0
23234,0.0
23235,0.0
23236,0.0
23237,0.0
23238,0.0
23239,0.0
23240,0.0
23241,0.0
23242,0.0
23243,0.0
23244,0.0
23245,0.0
23246,0.0
23247,0.0
23248,0.0
23249,0.0
23250,0.0
23251,0.0
23252,0.0
23253,0.0
23254,0.0
23255,0.0
23256,0.0
23257,0.0
23258,0.0
23259,0.0
23260,0.0
23261,0.0
23262,0.0
23263,0.0
23264,0.0
23265,0.0
23266,0.0
23267,0.0
23268,0.0
23269,0.0
23270,0.0
23271,0.0
23272,0.0
23273,0.0
23274,0.0
23275,0.0
23276,0.0
23277,0.0
23278,0.0
23279,0.0
23280,0.0
23281,0.0
23282,0.0
23283,0.0
23284,0.0
23285,0.0
23286,0.0
23287,0.0
23288,0.0
23289,0.0
23290,0.0
23291,0.0
23292,0.0
23293,0.0
23294,0.0
23295,0.0
23296,0.0
23297,0.0
23298,0.0
23299,0.0
23300,0.0
23301,0.0
23302,0.0
23303,0.0
23304,0.0
23305,0.0
23306,0.0
23307,0.0
23308,0.0
23309,0.0
23310,0.0
23311,0.0
23312,0.0
23313,0.0
23314,0.0
23315,0.0
23316,0.0
23317,0.0
23318,0.0
23319,0.0
23320,0.0
23321,0.0
23322,0.0
23323,0.0
23324,0.0
23325,0.0
23326,0.0
23327,0.0
23328,0.0
23329,0.0
23330,0.0
23331,0.0
23332,0.0
23333,0.0
23334,0.0
23335,0.0
23336,0.0
23337,0.0
23338,0.0
23339,0.0
23340,0.0
23341,0.0
23342,0.0
23343,0.0
23344,0.0
23345,0.0
23346,0.0
23347,0.0
23348,0.0
23349,0.0
23350,0.0
23351,0.0
23352,0.0
23353,0.0
23354,0.0
23355,0.0
23356,0.0
23357,0.0
23358,0.0
23359,0.0
23360,0.0
23361,0.0
23362,0.0
23363,0.0
23364,0.0
23365,0.0
23366,0.0
23367,0.0
23368,0.0
23369,0.0
23370,0.0
23371,0.0
23372,0.0
23373,0.0
23374,0.0
23375,0.0
23376,0.0
23377,0.0
23378,0.0
23379,0.0
23380,0.0
23381,0.0
23382,0.0
23383,0.0
23384,0.0
23385,0.0
23386,0.0
23387,0.0
23388,0.0
23389,0.0
23390,0.0
23391,0.0
23392,0.0
23393,0.0
23394,0.0
23395,0.0
23396,0.0
23397,0.0
23398,0.0
23399,0.0
23400,0.0
23401,0.0
23402,0.0
23403,0.0
23404,0.0
23405,0.0
23406,0.0
23407,0.0
23408,0.0
23409,0.0
23410,0.0
23411,0.0
23412,0.0
23413,0.0
23414,0.0
23415,0.0
23416,0.0
23417,0.0
23418,0.0
23419,0.0
23420,0.0
23421,0.0
23422,0.0
23423,0.0
23424,0.0
23425,0.0
23426,0.0
23427,0.0
23428,0.0
23429,0.0
23430,0.0
23431,0.0
23432,0.0
23433,0.0
23434,0.0
23435,0.0
23436,0.0
23437,0.0
23438,0.0
23439,0.0
23440,0.0
23441,0.0
23442,0.0
23443,0.0
23444,0.0
23445,0.0
23446,0.0
23447,0.0
23448,0.0
23449,0.0
23450,0.0
23451,0.0
23452,0.0
23453,0.0
23454,0.0
23455,0.0
23456,0.0
23457,0.0
23458,0.0
23459,0.0
23460,0.0
23461,0.0
23462,0.0
23463,0.0
23464,0.0
23465,0.0
23466,0.0
23467,0.0
23468,0.0
23469,0.0
23470,0.0
23471,0.0
23472,0.0
23473,0.0
23474,0.0
23475,0.0
23476,0.0
23477,0.0
23478,0.0
23479,0.0
23480,0.0
23481,0.0
23482,0.0
23483,0.0
23484,0.0
23485,0.0
23486,0.0
23487,0.0
23488,0.0
23489,0.0
23490,0.0
23491,0.0
23492,0.0
23493,0.0
23494,0.0
23495,0.0
23496,0.0
23497,0.0
23498,0.0
23499,0.0
23500,0.0
23501,0.0
23502,0.0
23503,0.0
23504,0.0
23505,0.0
23506,0.0
23507,0.0
23508,0.0
23509,0.0
23510,0.0
23511,0.0
23512,0.0
23513,0.0
23514,0.0
23515,0.0
23516,0.0
23517,0.0
23518,0.0
23519,0.0
23520,0.0
23521,0.0
23522,0.0
23523,0.0
23524,0.0
23525,0.0
23526,0.0
23527,0.0
23528,0.0
23529,0.0
23530,0.0
23531,0.0
23532,0.0
23533,0.0
23534,0.0
23535,0.0
23536,0.0
23537,0.0
23538,0.0
23539,0.0
23540,0.0
23541,0.0
23542,0.0
23543,0.0
23544,0.0
23545,0.0
23546,0.0
23547,0.0
23548,0.0
23549,0.0
23550,0.0
23551,36560.74852948301
23552,36560.74852948301
23553,36560.74852948301
23554,36560.74852948301
23555,36560.74852948301
23556,36560.74852948301
23557,36560.74852948301
23558,36560.74852948301
23559,36560.74852948301
23560,36560.74852948301
23561,36560.74852948301
23562,36560.74852948301
23563,36560.74852948301
23564,36560.74852948301
23565,36560.74852948301
23566,36560.74852948301
23567,36560.74852948301
23568,36560.74852948301
23569,36560.74852948301
23570,36560.74852948301
23571,36560.74852948301
23572,36560.74852948301
23573,36560.74852948301
23574,36560.74852948301
23575,36560.74852948301
23576,36560.74852948301
23577,36560.74852948301
23578,36560.74852948301
23579,36560.74852948301
23580,36560.74852948301
23581,36560.74852948301
23582,36560.74852948301
23583,36560.74852948301
23584,36560.74852948301
23585,36560.74852948301
23586,36560.74852948301
23587,36560.74852948301
23588,36560.74852948301
23589,36560.74852948301
23590,36560.74852948301
23591,36560.74852948301
23592,36560.74852948301
23593,36560.74852948301
23594,36560.74852948301
23595,36560.74852948301
23596,36560.74852948301
23597,36560.74852948301
23598,36560.74852948301
23599,36560.74852948301
23600,36560.74852948301
23601,36560.74852948301
23602,36560.74852948301
23603,36560.74852948301
23604,36560.74852948301
23605,36560.74852948301
23606,36560.74852948301
23607,36560.74852948301
23608,36560.74852948301
23609,36560.74852948301
23610,36560.74852948301
23611,36560.74852948301
23612,36560.74852948301
23613,36560.74852948301
23614,36560.74852948301
23615,36560.74852948301
23616,36560.74852948301
23617,36560.74852948301
23618,36560.74852948301
23619,36560.74852948301
23620,36560.74852948301
23621,36560.74852948301
23622,36560.74852948301
23623,36560.74852948301
23624,36560.74852948301
23625,36560.74852948301
23626,36560.74852948301
23627,36560.74852948301
23628,36560.74852948301
23629,36560.74852948301
23630,36560.74852948301
23631,36560.74852948301
23632,36560.74852948301
23633,36560.74852948301
23634,36560.74852948301
23635,36560.74852948301
23636,36560.74852948301
23637,36560.74852948301
23638,36560.74852948301
23639,36560.74852948301
23640,36560.74852948301
23641,36560.74852948301
23642,36560.74852948301
23643,36560.74852948301
23644,36560.74852948301
23645,36560.74852948301
23646,36560.74852948301
23647,36560.74852948301
23648,36560.74852948301
23649,36560.74852948301
23650,36560.74852948301
23651,36560.74852948301
23652,36560.74852948301
23653,36560.74852948301
23654,36560.74852948301
23655,36560.74852948301
23656,36560.74852948301
23657,36560.74852948301
23658,36560.74852948301
23659,36560.74852948301
23660,36560.74852948301
23661,36560.74852948301
23662,36560.74852948301
23663,36560.74852948301
23664,36560.74852948301
23665,36560.74852948301
23666,36560.74852948301
23667,36560.74852948301
23668,36560.74852948301
23669,36560.74852948301
23670,36560.74852948301
23671,36560.74852948301
23672,36560.74852948301
23673,36560.74852948301
23674,36560.74852948301
23675,36560.74852948301
23676,36560.74852948301
23677,36560.74852948301
23678,36560.74852948301
23679,36560.74852948301
23680,36560.74852948301
23681,36560.74852948301
23682,36560.74852948301
23683,36560.74852948301
23684,36560.74852948301
23685,36560.74852948301
23686,36560.74852948301
23687,36560.74852948301
23688,36560.74852948301
23689,36560.74852948301
23690,36560.74852948301
23691,36560.74852948301
23692,36560.74852948301
23693,36560.74852948301
23694,36560.74852948301
23695,36560.74852948301
23696,36560.74852948301
23697,36560.74852948301
23698,36560.74852948301
23699,36560.74852948301
23700,36560.74852948301
23701,0.0
23702,0.0
23703,0.0
23704,0.0
23705,0.0
23706,0.0
23707,0.0
23708,0.0
23709,0.0
23710,0.0
23711,0.0
23712,0.0
23713,0.0
23714,0.0
23715,0.0
23716,0.0
23717,0.0
23718,0.0
23719,0.0
23720,0.0
23721,0.0
23722,0.0
23723,0.0
23724,0.0
23725,0.0
23726,0.0
23727,0.0
23728,0.0
23729,0.0
23730,0.0
23731,0.0
23732,0.0
23733,0.0
23734,0.0
23735,0.0
23736,0.0
23737,0.0
23738,0.0
23739,0.0
23740,0.0
23741,0.0
23742,0.0
23743,0.0
23744,0.0
23745,0.0
23746,0.0
23747,0.0
23748,0.0
23749,0.0
23750,0.0
23751,0.0
23752,0.0
23753,0.0
23754,0.0
23755,0.0
23756,0.0
23757,0.0
23758,0.0
23759,0.0
23760,0.0
23761,0.0
23762,0.0
23763,0.0
23764,0.0
23765,0.0
23766,0.0
23767,0.0
23768,0.0
23769,0.0
23770,0.0
23771,0.0
23772,0.0
23773,0.0
23774,0.0
23775,0.0
23776,0.0
23777,0.0
23778,0.0
23779,0.0
23780,0.0
23781,0.0
23782,0.0
23783,0.0
23784,0.0
23785,0.0
23786,0.0
23787,0.0
23788,0.0
23789,0.0
23790,0.0
23791,0.0
23792,0.0
23793,0.0
23794,0.0
23795,0.0
23796,0.0
23797,0.0
23798,0.0
23799,0.0
23800,0.0
23801,0.0
23802,0.0
23803,0.0
23804,0.0
23805,0.0
23806,0.0
23807,0.0
23808,0.0
23809,0.0
23810,0.0
23811,0.0
23812,0.0
23813,0.0
23814,0.0
23815,0.0
23816,0.0
23817,0.0
23818,0.0
23819,0.0
23820,0.0
23821,0.0
23822,0.0
23823,0.0
23824,0.0
23825,0.0
23826,0.0
23827,0.0
23828,0.0
23829,0.0
23830,0.0
23831,0.0
23832,0.0
23833,0.0
23834,0.0
23835,0.0
23836,0.0
23837,0.0
23838,0.0
23839,0.0
23840,0.0
23841,0.0
23842,0.0
23843,0.0
23844,0.0
23845,0.0
23846,0.0
23847,0.0
23848,0.0
23849,0.0
23850,0.0
23851,220485.43598480397
23852,220485.43598480397
23853,220485.43598480397
23854,220485.43598480397
23855,220485.43598480397
23856,220485.43598480397
23857,220485.43598480397
23858,220485.43598480397
23859,220485.43598480397
23860,220485.43598480397
23861,220485.43598480397
23862,220485.43598480397
23863,220485.43598480397
23864,220485.43598480397
23865,220485.43598480397
23866,220485.43598480397
23867,220485.43598480397
23868,220485.43598480397
23869,220485.43598480397
23870,220485.43598480397
23871,220485.43598480397
23872,220485.43598480397
23873,220485.43598480397
23874,220485.43598480397
23875,220485.43598480397
23876,220485.43598480397
23877,220485.43598480397
23878,220485.43598480397
23879,220485.43598480397
23880,220485.43598480397
23881,220485.43598480397
23882,220485.43598480397
23883,220485.43598480397
23884,220485.43598480397
23885,220485.43598480397
23886,220485.43598480397
23887,220485.43598480397
23888,220485.43598480397
23889,220485.43598480397
23890,220485.43598480397
23891,220485.43598480397
23892,220485.43598480397
23893,220485.43598480397
23894,220485.43598480397
23895,220485.43598480397
23896,220485.43598480397
23897,220485.43598480397
23898,220485.43598480397
23899,220485.43598480397
23900,220485.43598480397
23901,220485.43598480397
23902,220485.43598480397
23903,220485.43598480397
23904,220485.43598480397
23905,220485.43598480397
23906,220485.43598480397
23907,220485.43598480397
23908,220485.43598480397
23909,220485.43598480397
23910,220485.43598480397
23911,220485.43598480397
23912,220485.43598480397
23913,220485.43598480397
23914,220485.43598480397
23915,220485.43598480397
23916,220485.43598480397
23917,220485.43598480397
23918,220485.43598480397
23919,220485.43598480397
23920,220485.43598480397
23921,220485.43598480397
23922,220485.43598480397
23923,220485.43598480397
23924,220485.43598480397
23925,220485.43598480397
23926,220485.43598480397
23927,220485.43598480397
23928,220485.43598480397
23929,220485.43598480397
23930,220485.43598480397
23931,220485.43598480397
23932,220485.43598480397
23933,220485.43598480397
23934,220485.43598480397
23935,220485.43598480397
23936,220485.43598480397
23937,220485.43598480397
23938,220485.43598480397
23939,220485.43598480397
23940,220485.43598480397
23941,220485.43598480397
23942,220485.43598480397
23943,220485.43598480397
23944,220485.43598480397
23945,220485.43598480397
23946,220485.43598480397
23947,220485.43598480397
23948,220485.43598480397
23949,220485.43598480397
23950,220485.43598480397
23951,220485.43598480397
23952,220485.43598480397
23953,220485.43598480397
23954,220485.43598480397
23955,220485.43598480397
23956,220485.43598480397
23957,220485.43598480397
23958,220485.43598480397
23959,220485.43598480397
23960,220485.43598480397
23961,220485.43598480397
23962,220485.43598480397
23963,220485.43598480397
23964,220485.43598480397
23965,220485.43598480397
23966,220485.43598480397
23967,220485.43598480397
23968,220485.43598480397
23969,220485.43598480397
23970,220485.43598480397
23971,220485.43598480397
23972,220485.43598480397
23973,220485.43598480397
23974,220485.43598480397
23975,220485.43598480397
23976,220485.43598480397
23977,220485.43598480397
23978,220485.43598480397
23979,220485.43598480397
23980,220485.43598480397
23981,220485.43598480397
23982,220485.43598480397
23983,220485.43598480397
23984,220485.43598480397
23985,220485.43598480397
23986,220485.43598480397
23987,220485.43598480397
23988,220485.43598480397
23989,220485.43598480397
23990,220485.43598480397
23991,220485.43598480397
23992,220485.43598480397
23993,220485.43598480397
23994,220485.43598480397
23995,220485.43598480397
23996,220485.43598480397
23997,220485.43598480397
23998,220485.43598480397
23999,220485.43598480397
24000,220485.43598480397
24001,1283380.1492228678
24002,1283380.1492228678
24003,1283380.1492228678
24004,1283380.1492228678
24005,1283380.1492228678
24006,1283380.1492228678
24007,1283380.1492228678
24008,1283380.1492228678
24009,1283380.1492228678
24010,1283380.1492228678
24011,1283380.1492228678
24012,1283380.1492228678
24013,1283380.1492228678
24014,1283380.1492228678
24015,1283380.1492228678
24016,1283380.1492228678
24017,1283380.1492228678
24018,1283380.1492228678
24019,1283380.1492228678
24020,1283380.1492228678
24021,1283380.1492228678
24022,1283380.1492228678
24023,1283380.1492228678
24024,1283380.1492228678
24025,1283380.1492228678
24026,1283380.1492228678
24027,1283380.1492228678
24028,1283380.1492228678
24029,1283380.1492228678
24030,1283380.1492228678
24031,1283380.1492228678
24032,1283380.1492228678
24033,1283380.1492228678
24034,1283380.1492228678
24035,1283380.1492228678
24036,1283380.1492228678
24037,1283380.1492228678
24038,1283380.1492228678
24039,1283380.1492228678
24040,1283380.1492228678
24041,1283380.1492228678
24042,1283380.1492228678
24043,1283380.1492228678
24044,1283380.1492228678
24045,1283380.1492228678
24046,1283380.1492228678
24047,1283380.1492228678
24048,1283380.1492228678
24049,1283380.1492228678
24050,1283380.1492228678
24051,1283380.1492228678
24052,1283380.1492228678
24053,1283380.1492228678
24054,1283380.1492228678
24055,1283380.1492228678
24056,1283380.1492228678
24057,1283380.1492228678
24058,1283380.1492228678
24059,1283380.1492228678
24060,1283380.1492228678
24061,1283380.1492228678
24062,1283380.1492228678
24063,1283380.1492228678
24064,1283380.1492228678
24065,1283380.1492228678
24066,1283380.1492228678
24067,1283380.1492228678
24068,1283380.1492228678
24069,1283380.1492228678
24070,1283380.1492228678
24071,1283380.1492228678
24072,1283380.1492228678
24073,1283380.1492228678
24074,1283380.1492228678
24075,1283380.1492228678
24076,1283380.1492228678
24077,1283380.1492228678
24078,1283380.1492228678
24079,1283380.1492228678
24080,1283380.1492228678
24081,1283380.1492228678
24082,1283380.1492228678
24083,1283380.1492228678
24084,1283380.1492228678
24085,1283380.1492228678
24086,1283380.1492228678
24087,1283380.1492228678
24088,1283380.1492228678
24089,1283380.1492228678
24090,1283380.1492228678
24091,1283380.1492228678
24092,1283380.1492228678
24093,1283380.1492228678
24094,1283380.1492228678
24095,1283380.1492228678
24096,1283380.1492228678
24097,1283380.1492228678
24098,1283380.1492228678
24099,1283380.1492228678
24100,1283380.1492228678
24101,1283380.1492228678
24102,1283380.1492228678
24103,1283380.1492228678
24104,1283380.1492228678
24105,1283380.1492228678
24106,1283380.1492228678
24107,1283380.1492228678
24108,1283380.1492228678
24109,1283380.1492228678
24110,1283380.1492228678
24111,1283380.1492228678
24112,1283380.1492228678
24113,1283380.1492228678
24114,1283380.1492228678
24115,1283380.1492228678
24116,1283380.1492228678
24117,1283380.1492228678
24118,1283380.1492228678
24119,1283380.1492228678
24120,1283380.1492228678
24121,1283380.1492228678
24122,1283380.1492228678
24123,1283380.1492228678
24124,1283380.1492228678
24125,1283380.1492228678
24126,1283380.1492228678
24127,1283380.1492228678
24128,1283380.1492228678
24129,1283380.1492228678
24130,1283380.1492228678
24131,1283380.1492228678
24132,1283380.1492228678
24133,1283380.1492228678
24134,1283380.1492228678
24135,1283380.1492228678
24136,1283380.1492228678
24137,1283380.1492228678
24138,1283380.1492228678
24139,1283380.1492228678
24140,1283380.1492228678
24141,1283380.1492228678
24142,1283380.1492228678
24143,1283380.1492228678
24144,1283380.1492228678
24145,1283380.1492228678
24146,1283380.1492228678
24147,1283380.1492228678
24148,1283380.1492228678
24149,1283380.1492228678
24150,1283380.1492228678
24151,290095.79871350783
24152,290095.79871350783
24153,290095.79871350783
24154,290095.79871350783
24155,290095.79871350783
24156,290095.79871350783
24157,290095.79871350783
24158,290095.79871350783
24159,290095.79871350783
24160,290095.79871350783
24161,290095.79871350783
24162,290095.79871350783
24163,290095.79871350783
24164,290095.79871350783
24165,290095.79871350783
24166,290095.79871350783
24167,290095.79871350783
24168,290095.79871350783
24169,290095.79871350783
24170,290095.79871350783
24171,290095.79871350783
24172,290095.79871350783
24173,290095.79871350783
24174,290095.79871350783
24175,290095.79871350783
24176,290095.79871350783
24177,290095.79871350783
24178,290095.79871350783
24179,290095.79871350783
24180,290095.79871350783
24181,290095.79871350783
24182,290095.79871350783
24183,290095.79871350783
24184,290095.79871350783
24185,290095.79871350783
24186,290095.79871350783
24187,290095.79871350783
24188,290095.79871350783
24189,290095.79871350783
24190,290095.79871350783
24191,290095.79871350783
24192,290095.79871350783
24193,290095.79871350783
24194,290095.79871350783
24195,290095.79871350783
24196,290095.79871350783
24197,290095.79871350783
24198,290095.79871350783
24199,290095.79871350783
24200,290095.79871350783
24201,290095.79871350783
24202,290095.79871350783
24203,290095.79871350783
24204,290095.79871350783
24205,290095.79871350783
24206,290095.79871350783
24207,290095.79871350783
24208,290095.79871350783
24209,290095.79871350783
24210,290095.79871350783
24211,290095.79871350783
24212,290095.79871350783
24213,290095.79871350783
24214,290095.79871350783
24215,290095.79871350783
24216,290095.79871350783
24217,290095.79871350783
24218,290095.79871350783
24219,290095.79871350783
24220,290095.79871350783
24221,290095.79871350783
24222,290095.79871350783
24223,290095.79871350783
24224,290095.79871350783
24225,290095.79871350783
24226,290095.79871350783
24227,290095.79871350783
24228,290095.79871350783
24229,290095.79871350783
24230,290095.79871350783
24231,290095.79871350783
24232,290095.79871350783
24233,290095.79871350783
24234,290095.79871350783
24235,290095.79871350783
24236,290095.79871350783
24237,290095.79871350783
24238,290095.79871350783
24239,290095.79871350783
24240,290095.79871350783
24241,290095.79871350783
24242,290095.79871350783
24243,290095.79871350783
24244,290095.79871350783
24245,290095.79871350783
24246,290095.79871350783
24247,290095.79871350783
24248,290095.79871350783
24249,290095.79871350783
24250,290095.79871350783
24251,290095.79871350783
24252,290095.79871350783
24253,290095.79871350783
24254,290095.79871350783
24255,290095.79871350783
24256,290095.79871350783
24257,290095.79871350783
24258,290095.79871350783
24259,290095.79871350783
24260,290095.79871350783
24261,290095.79871350783
24262,290095.79871350783
24263,290095.79871350783
24264,290095.79871350783
24265,290095.79871350783
24266,290095.79871350783
24267,290095.79871350783
24268,290095.79871350783
24269,290095.79871350783
24270,290095.79871350783
24271,290095.79871350783
24272,290095.79871350783
24273,290095.79871350783
24274,290095.79871350783
24275,290095.79871350783
24276,290095.79871350783
24277,290095.79871350783
24278,290095.79871350783
24279,290095.79871350783
24280,290095.79871350783
24281,290095.79871350783
24282,290095.79871350783
24283,290095.79871350783
24284,290095.79871350783
24285,290095.79871350783
24286,290095.79871350783
24287,290095.79871350783
24288,290095.79871350783
24289,290095.79871350783
24290,290095.79871350783
24291,290095.79871350783
24292,290095.79871350783
24293,290095.79871350783
24294,290095.79871350783
24295,290095.79871350783
24296,290095.79871350783
24297,290095.79871350783
24298,290095.79871350783
24299,290095.79871350783
24300,290095.79871350783
24301,222081.88582021487
24302,222081.88582021487
24303,222081.88582021487
24304,222081.88582021487
24305,222081.88582021487
24306,222081.88582021487
24307,222081.88582021487
24308,222081.88582021487
24309,222081.88582021487
24310,222081.88582021487
24311,222081.88582021487
24312,222081.88582021487
24313,222081.88582021487
24314,222081.88582021487
24315,222081.88582021487
24316,222081.88582021487
24317,222081.88582021487
24318,222081.88582021487
24319,222081.88582021487
24320,222081.88582021487
24321,222081.88582021487
24322,222081.88582021487
24323,222081.88582021487
24324,222081.88582021487
24325,222081.88582021487
24326,222081.88582021487
24327,222081.88582021487
24328,222081.88582021487
24329,222081.88582021487
24330,222081.88582021487
24331,222081.88582021487
24332,222081.88582021487
24333,222081.88582021487
24334,222081.88582021487
24335,222081.88582021487
24336,222081.88582021487
24337,222081.88582021487
24338,222081.88582021487
24339,222081.88582021487
24340,222081.88582021487
24341,222081.88582021487
24342,222081.88582021487
24343,222081.88582021487
24344,222081.88582021487
24345,222081.88582021487
24346,222081.88582021487
24347,222081.88582021487
24348,222081.88582021487
24349,222081.88582021487
24350,222081.88582021487
24351,222081.88582021487
24352,222081.88582021487
24353,222081.88582021487
24354,222081.88582021487
24355,222081.88582021487
24356,222081.88582021487
24357,222081.88582021487
24358,222081.88582021487
24359,222081.88582021487
24360,222081.88582021487
24361,222081.88582021487
24362,222081.88582021487
24363,222081.88582021487
24364,222081.88582021487
24365,222081.88582021487
24366,222081.88582021487
24367,222081.88582021487
24368,222081.88582021487
24369,222081.88582021487
24370,222081.88582021487
24371,222081.88582021487
24372,222081.88582021487
24373,222081.88582021487
24374,222081.88582021487
24375,222081.88582021487
24376,222081.88582021487
24377,222081.88582021487
24378,222081.88582021487
24379,222081.88582021487
24380,222081.88582021487
24381,222081.88582021487
24382,222081.88582021487
24383,222081.88582021487
24384,222081.88582021487
24385,222081.88582021487
24386,222081.88582021487
24387,222081.88582021487
24388,222081.88582021487
24389,222081.88582021487
24390,222081.88582021487
24391,222081.88582021487
24392,222081.88582021487
24393,222081.88582021487
24394,222081.88582021487
24395,222081.88582021487
24396,222081.88582021487
24397,222081.88582021487
24398,222081.88582021487
24399,222081.88582021487
24400,222081.88582021487
24401,222081.88582021487
24402,222081.88582021487
24403,222081.88582021487
24404,222081.88582021487
24405,222081.88582021487
24406,222081.88582021487
24407,222081.88582021487
24408,222081.88582021487
24409,222081.88582021487
24410,222081.88582021487
24411,222081.88582021487
24412,222081.88582021487
24413,222081.88582021487
24414,222081.88582021487
24415,222081.88582021487
24416,222081.88582021487
24417,222081.88582021487
24418,222081.88582021487
24419,222081.88582021487
24420,222081.88582021487
24421,222081.88582021487
24422,222081.88582021487
24423,222081.88582021487
24424,222081.88582021487
24425,222081.88582021487
24426,222081.88582021487
24427,222081.88582021487
24428,222081.88582021487
24429,222081.88582021487
24430,222081.88582021487
24431,222081.88582021487
24432,222081.88582021487
24433,222081.88582021487
24434,222081.88582021487
24435,222081.88582021487
24436,222081.88582021487
24437,222081.88582021487
24438,222081.88582021487
24439,222081.88582021487
24440,222081.88582021487
24441,222081.88582021487
24442,222081.88582021487
24443,222081.88582021487
24444,222081.88582021487
24445,222081.88582021487
24446,222081.88582021487
24447,222081.88582021487
24448,222081.88582021487
24449,222081.88582021487
24450,222081.88582021487
24451,0.0
24452,0.0
24453,0.0
24454,0.0
24455,0.0
24456,0.0
24457,0.0
24458,0.0
24459,0.0
24460,0.0
24461,0.0
24462,0.0
24463,0.0
24464,0.0
24465,0.0
24466,0.0
24467,0.0
24468,0.0
24469,0.0
24470,0.0
24471,0.0
24472,0.0
24473,0.0
24474,0.0
24475,0.0
24476,0.0
24477,0.0
24478,0.0
24479,0.0
24480,0.0
24481,0.0
24482,0.0
24483,0.0
24484,0.0
24485,0.0
24486,0.0
24487,0.0
24488,0.0
24489,0.0
24490,0.0
24491,0.0
24492,0.0
24493,0.0
24494,0.0
24495,0.0
24496,0.0
24497,0.0
24498,0.0
24499,0.0
24500,0.0
24501,0.0
24502,0.0
24503,0.0
24504,0.0
24505,0.0
24506,0.0
24507,0.0
24508,0.0
24509,0.0
24510,0.0
24511,0.0
24512,0.0
24513,0.0
24514,0.0
24515,0.0
24516,0.0
24517,0.0
24518,0.0
24519,0.0
24520,0.0
24521,0.0
24522,0.0
24523,0.0
24524,0.0
24525,0.0
24526,0.0
24527,0.0
24528,0.0
24529,0.0
24530,0.0
24531,0.0
24532,0.0
24533,0.0
24534,0.0
24535,0.0
24536,0.0
24537,0.0
24538,0.0
24539,0.0
24540,0.0
24541,0.0
24542,0.0
24543,0.0
24544,0.0
24545,0.0
24546,0.0
24547,0.0
24548,0.0
24549,0.0
24550,0.0
24551,0.0
24552,0.0
24553,0.0
24554,0.0
24555,0.0
24556,0.0
24557,0.0
24558,0.0
24559,0.0
24560,0.0
24561,0.0
24562,0.0
24563,0.0
24564,0.0
24565,0.0
24566,0.0
24567,0.0
24568,0.0
24569,0.0
24570,0.0
24571,0.0
24572,0.0
24573,0.0
24574,0.0
24575,0.0
24576,0.0
24577,0.0
24578,0.0
24579,0.0
24580,0.0
24581,0.0
24582,0.0
24583,0.0
24584,0.0
24585,0.0
24586,0.0
24587,0.0
24588,0.0
24589,0.0
24590,0.0
24591,0.0
24592,0.0
24593,0.0
24594,0.0
24595,0.0
24596,0.0
24597,0.0
24598,0.0
24599,0.0
24600,0.0
24601,0.0
24602,0.0
24603,0.0
24604,0.0
24605,0.0
24606,0.0
24607,0.0
24608,0.0
24609,0.0
24610,0.0
24611,0.0
24612,0.0
24613,0.0
24614,0.0
24615,0.0
24616,0.0
24617,0.0
24618,0.0
24619,0.0
24620,0.0
24621,0.0
24622,0.0
24623,0.0
24624,0.0
24625,0.0
24626,0.0
24627,0.0
24628,0.0
24629,0.0
24630,0.0
24631,0.0
24632,0.0
24633,0.0
24634,0.0
24635,0.0
24636,0.0
24637,0.0
24638,0.0
24639,0.0
24640,0.0
24641,0.0
24642,0.0
24643,0.0
24644,0.0
24645,0.0
24646,0.0
24647,0.0
24648,0.0
24649,0.0
24650,0.0
24651,0.0
24652,0.0
24653,0.0
24654,0.0
24655,0.0
24656,0.0
24657,0.0
24658,0.0
24659,0.0
24660,0.0
24661,0.0
24662,0.0
24663,0.0
24664,0.0
24665,0.0
24666,0.0
24667,0.0
24668,0.0
24669,0.0
24670,0.0
24671,0.0
24672,0.0
24673,0.0
24674,0.0
24675,0.0
24676,0.0
24677,0.0
24678,0.0
24679,0.0
24680,0.0
24681,0.0
24682,0.0
24683,0.0
24684,0.0
24685,0.0
24686,0.0
24687,0.0
24688,0.0
24689,0.0
24690,0.0
24691,0.0
24692,0.0
24693,0.0
24694,0.0
24695,0.0
24696,0.0
24697,0.0
24698,0.0
24699,0.0
24700,0.0
24701,0.0
24702,0.0
24703,0.0
24704,0.0
24705,0.0
24706,0.0
24707,0.0
24708,0.0
24709,0.0
24710,0.0
24711,0.0
24712,0.0
24713,0.0
24714,0.0
24715,0.0
24716,0.0
24717,0.0
24718,0.0
24719,0.0
24720,0.0
24721,0.0
24722,0.0
24723,0.0
24724,0.0
24725,0.0
24726,0.0
24727,0.0
24728,0.0
24729,0.0
24730,0.0
24731,0.0
24732,0.0
24733,0.0
24734,0.0
24735,0.0
24736,0.0
24737,0.0
24738,0.0
24739,0.0
24740,0.0
24741,0.0
24742,0.0
24743,0.0
24744,0.0
24745,0.0
24746,0.0
24747,0.0
24748,0.0
24749,0.0
24750,0.0
24751,0.0
24752,0.0
24753,0.0
24754,0.0
24755,0.0
24756,0.0
24757,0.0
24758,0.0
24759,0.0
24760,0.0
24761,0.0
24762,0.0
24763,0.0
24764,0.0
24765,0.0
24766,0.0
24767,0.0
24768,0.0
24769,0.0
24770,0.0
24771,0.0
24772,0.0
24773,0.0
24774,0.0
24775,0.0
24776,0.0
24777,0.0
24778,0.0
24779,0.0
24780,0.0
24781,0.0
24782,0.0
24783,0.0
24784,0.0
24785,0.0
24786,0.0
24787,0.0
24788,0.0
24789,0.0
24790,0.0
24791,0.0
24792,0.0
24793,0.0
24794,0.0
24795,0.0
24796,0.0
24797,0.0
24798,0.0
24799,0.0
24800,0.0
24801,0.0
24802,0.0
24803,0.0
24804,0.0
24805,0.0
24806,0.0
24807,0.0
24808,0.0
24809,0.0
24810,0.0
24811,0.0
24812,0.0
24813,0.0
24814,0.0
24815,0.0
24816,0.0
24817,0.0
24818,0.0
24819,0.0
24820,0.0
24821,0.0
24822,0.0
24823,0.0
24824,0.0
24825,0.0
24826,0.0
24827,0.0
24828,0.0
24829,0.0
24830,0.0
24831,0.0
24832,0.0
24833,0.0
24834,0.0
24835,0.0
24836,0.0
24837,0.0
24838,0.0
24839,0.0
24840,0.0
24841,0.0
24842,0.0
24843,0.0
24844,0.0
24845,0.0
24846,0.0
24847,0.0
24848,0.0
24849,0.0
24850,0.0
24851,0.0
24852,0.0
24853,0.0
24854,0.0
24855,0.0
24856,0.0
24857,0.0
24858,0.0
24859,0.0
24860,0.0
24861,0.0
24862,0.0
24863,0.0
24864,0.0
24865,0.0
24866,0.0
24867,0.0
24868,0.0
24869,0.0
24870,0.0
24871,0.0
24872,0.0
24873,0.0
24874,0.0
24875,0.0
24876,0.0
24877,0.0
24878,0.0
24879,0.0
24880,0.0
24881,0.0
24882,0.0
24883,0.0
24884,0.0
24885,0.0
24886,0.0
24887,0.0
24888,0.0
24889,0.0
24890,0.0
24891,0.0
24892,0.0
24893,0.0
24894,0.0
24895,0.0
24896,0.0
24897,0.0
24898,0.0
24899,0.0
24900,0.0
24901,92113.8269911964
24902,92113.8269911964
24903,92113.8269911964
24904,92113.8269911964
24905,92113.8269911964
24906,92113.8269911964
24907,92113.8269911964
24908,92113.8269911964
24909,92113.8269911964
24910,92113.8269911964
24911,92113.8269911964
24912,92113.8269911964
24913,92113.8269911964
24914,92113.8269911964
24915,92113.8269911964
24916,92113.8269911964
24917,92113.8269911964
24918,92113.8269911964
24919,92113.8269911964
24920,92113.8269911964
24921,92113.8269911964
24922,92113.8269911964
24923,92113.8269911964
24924,92113.8269911964
24925,92113.8269911964
24926,92113.8269911964
24927,92113.8269911964
24928,92113.8269911964
24929,92113.8269911964
24930,92113.8269911964
24931,92113.8269911964
24932,92113.8269911964
24933,92113.8269911964
24934,92113.8269911964
24935,92113.8269911964
24936,92113.8269911964
24937,92113.8269911964
24938,92113.8269911964
24939,92113.8269911964
24940,92113.8269911964
24941,92113.8269911964
24942,92113.8269911964
24943,92113.8269911964
24944,92113.8269911964
24945,92113.8269911964
24946,92113.8269911964
24947,92113.8269911964
24948,92113.8269911964
24949,92113.8269911964
24950,92113.8269911964
24951,92113.8269911964
24952,92113.8269911964
24953,92113.8269911964
24954,92113.8269911964
24955,92113.8269911964
24956,92113.8269911964
24957,92113.8269911964
24958,92113.8269911964
24959,92113.8269911964
24960,92113.8269911964
24961,92113.8269911964
24962,92113.8269911964
24963,92113.8269911964
24964,92113.8269911964
24965,92113.8269911964
24966,92113.8269911964
24967,92113.8269911964
24968,92113.8269911964
24969,92113.8269911964
24970,92113.8269911964
24971,92113.8269911964
24972,92113.8269911964
24973,92113.8269911964
24974,92113.8269911964
24975,92113.8269911964
24976,92113.8269911964
24977,92113.8269911964
24978,92113.8269911964
24979,92113.8269911964
24980,92113.8269911964
24981,92113.8269911964
24982,92113.8269911964
24983,92113.8269911964
24984,92113.8269911964
24985,92113.8269911964
24986,92113.8269911964
24987,92113.8269911964
24988,92113.8269911964
24989,92113.8269911964
24990,92113.8269911964
24991,92113.8269911964
24992,92113.8269911964
24993,92113.8269911964
24994,92113.8269911964
24995,92113.8269911964
24996,92113.8269911964
24997,92113.8269911964
24998,92113.8269911964
24999,92113.8269911964
25000,92113.8269911964
25001,92113.8269911964
25002,92113.8269911964
25003,92113.8269911964
25004,92113.8269911964
25005,92113.8269911964
25006,92113.8269911964
25007,92113.8269911964
25008,92113.8269911964
25009,92113.8269911964
25010,92113.8269911964
25011,92113.8269911964
25012,92113.8269911964
25013,92113.8269911964
25014,92113.8269911964
25015,92113.8269911964
25016,92113.8269911964
25017,92113.8269911964
25018,92113.8269911964
25019,92113.8269911964
25020,92113.8269911964
25021,92113.8269911964
25022,92113.8269911964
25023,92113.8269911964
25024,92113.8269911964
25025,92113.8269911964
25026,92113.8269911964
25027,92113.8269911964
25028,92113.8269911964
25029,92113.8269911964
25030,92113.8269911964
25031,92113.8269911964
25032,92113.8269911964
25033,92113.8269911964
25034,92113.8269911964
25035,92113.8269911964
25036,92113.8269911964
25037,92113.8269911964
25038,92113.8269911964
25039,92113.8269911964
25040,92113.8269911964
25041,92113.8269911964
25042,92113.8269911964
25043,92113.8269911964
25044,92113.8269911964
25045,92113.8269911964
25046,92113.8269911964
25047,92113.8269911964
25048,92113.8269911964
25049,92113.8269911964
25050,92113.8269911964
25051,0.0
25052,0.0
25053,0.0
25054,0.0
25055,0.0
25056,0.0
25057,0.0
25058,0.0
25059,0.0
25060,0.0
25061,0.0
25062,0.0
25063,0.0
25064,0.0
25065,0.0
25066,0.0
25067,0.0
25068,0.0
25069,0.0
25070,0.0
25071,0.0
25072,0.0
25073,0.0
25074,0.0
25075,0.0
25076,0.0
25077,0.0
25078,0.0
25079,0.0
25080,0.0
25081,0.0
25082,0.0
25083,0.0
25084,0.0
25085,0.0
25086,0.0
25087,0.0
25088,0.0
25089,0.0
25090,0.0
25091,0.0
25092,0.0
25093,0.0
25094,0.0
25095,0.0
25096,0.0
25097,0.0
25098,0.0
25099,0.0
25100,0.0
25101,0.0
25102,0.0
25103,0.0
25104,0.0
25105,0.0
25106,0.0
25107,0.0
25108,0.0
25109,0.0
25110,0.0
25111,0.0
25112,0.0
25113,0.0
25114,0.0
25115,0.0
25116,0.0
25117,0.0
25118,0.0
25119,0.0
25120,0.0
25121,0.0
25122,0.0
25123,0.0
25124,0.0
25125,0.0
25126,0.0
25127,0.0
25128,0.0
25129,0.0
25130,0.0
25131,0.0
25132,0.0
25133,0.0
25134,0.0
25135,0.0
25136,0.0
25137,0.0
25138,0.0
25139,0.0
25140,0.0
25141,0.0
25142,0.0
25143,0.0
25144,0.0
25145,0.0
25146,0.0
25147,0.0
25148,0.0
25149,0.0
25150,0.0
25151,0.0
25152,0.0
25153,0.0
25154,0.0
25155,0.0
25156,0.0
25157,0.0
25158,0.0
25159,0.0
25160,0.0
25161,0.0
25162,0.0
25163,0.0
25164,0.0
25165,0.0
25166,0.0
25167,0.0
25168,0.0
25169,0.0
25170,0.0
25171,0.0
25172,0.0
25173,0.0
25174,0.0
25175,0.0
25176,0.0
25177,0.0
25178,0.0
25179,0.0
25180,0.0
25181,0.0
25182,0.0
25183,0.0
25184,0.0
25185,0.0
25186,0.0
25187,0.0
25188,0.0
25189,0.0
25190,0.0
25191,0.0
25192,0.0
25193,0.0
25194,0.0
25195,0.0
25196,0.0
25197,0.0
25198,0.0
25199,0.0
25200,0.0
25201,79519.86299934654
25202,79519.86299934654
25203,79519.86299934654
25204,79519.86299934654
25205,79519.86299934654
25206,79519.86299934654
25207,79519.86299934654
25208,79519.86299934654
25209,79519.86299934654
25210,79519.86299934654
25211,79519.86299934654
25212,79519.86299934654
25213,79519.86299934654
25214,79519.86299934654
25215,79519.86299934654
25216,79519.86299934654
25217,79519.86299934654
25218,79519.86299934654
25219,79519.86299934654
25220,79519.86299934654
25221,79519.86299934654
25222,79519.86299934654
25223,79519.86299934654
25224,79519.86299934654
25225,79519.86299934654
25226,79519.86299934654
25227,79519.86299934654
25228,79519.86299934654
25229,79519.86299934654
25230,79519.86299934654
25231,79519.86299934654
25232,79519.86299934654
25233,79519.86299934654
25234,79519.86299934654
25235,79519.86299934654
25236,79519.86299934654
25237,79519.86299934654
25238,79519.86299934654
25239,79519.86299934654
25240,79519.86299934654
25241,79519.86299934654
25242,79519.86299934654
25243,79519.86299934654
25244,79519.86299934654
25245,79519.86299934654
25246,79519.86299934654
25247,79519.86299934654
25248,79519.86299934654
25249,79519.86299934654
25250,79519.86299934654
25251,79519.86299934654
25252,79519.86299934654
25253,79519.86299934654
25254,79519.86299934654
25255,79519.86299934654
25256,79519.86299934654
25257,79519.86299934654
25258,79519.86299934654
25259,79519.86299934654
25260,79519.86299934654
25261,79519.86299934654
25262,79519.86299934654
25263,79519.86299934654
25264,79519.86299934654
25265,79519.86299934654
25266,79519.86299934654
25267,79519.86299934654
25268,79519.86299934654
25269,79519.86299934654
25270,79519.86299934654
25271,79519.86299934654
25272,79519.86299934654
25273,79519.86299934654
25274,79519.86299934654
25275,79519.86299934654
25276,79519.86299934654
25277,79519.86299934654
25278,79519.86299934654
25279,79519.86299934654
25280,79519.86299934654
25281,79519.86299934654
25282,79519.86299934654
25283,79519.86299934654
25284,79519.86299934654
25285,79519.86299934654
25286,79519.86299934654
25287,79519.86299934654
25288,79519.86299934654
25289,79519.86299934654
25290,79519.86299934654
25291,79519.86299934654
25292,79519.86299934654
25293,79519.86299934654
25294,79519.86299934654
25295,79519.86299934654
25296,79519.86299934654
25297,79519.86299934654
25298,79519.86299934654
25299,79519.86299934654
25300,79519.86299934654
25301,79519.86299934654
25302,79519.86299934654
25303,79519.86299934654
25304,79519.86299934654
25305,79519.86299934654
25306,79519.86299934654
25307,79519.86299934654
25308,79519.86299934654
25309,79519.86299934654
25310,79519.86299934654
25311,79519.86299934654
25312,79519.86299934654
25313,79519.86299934654
25314,79519.86299934654
25315,79519.86299934654
25316,79519.86299934654
25317,79519.86299934654
25318,79519.86299934654
25319,79519.86299934654
25320,79519.86299934654
25321,79519.86299934654
25322,79519.86299934654
25323,79519.86299934654
25324,79519.86299934654
25325,79519.86299934654
25326,79519.86299934654
25327,79519.86299934654
25328,79519.86299934654
25329,79519.86299934654
25330,79519.86299934654
25331,79519.86299934654
25332,79519.86299934654
25333,79519.86299934654
25334,79519.86299934654
25335,79519.86299934654
25336,79519.86299934654
25337,79519.86299934654
25338,79519.86299934654
25339,79519.86299934654
25340,79519.86299934654
25341,79519.86299934654
25342,79519.86299934654
25343,79519.86299934654
25344,79519.86299934654
25345,79519.86299934654
25346,79519.86299934654
25347,79519.86299934654
25348,79519.86299934654
25349,79519.86299934654
25350,79519.86299934654
25351,11873.289534100015
25352,11873.289534100015
25353,11873.289534100015
25354,11873.289534100015
25355,11873.289534100015
25356,11873.289534100015
25357,11873.289534100015
25358,11873.289534100015
25359,11873.289534100015
25360,11873.289534100015
25361,11873.289534100015
25362,11873.289534100015
25363,11873.289534100015
25364,11873.289534100015
25365,11873.289534100015
25366,11873.289534100015
25367,11873.289534100015
25368,11873.289534100015
25369,11873.289534100015
25370,11873.289534100015
25371,11873.289534100015
25372,11873.289534100015
25373,11873.289534100015
25374,11873.289534100015
25375,11873.289534100015
25376,11873.289534100015
25377,11873.289534100015
25378,11873.289534100015
25379,11873.289534100015
25380,11873.289534100015
25381,11873.289534100015
25382,11873.289534100015
25383,11873.289534100015
25384,11873.289534100015
25385,11873.289534100015
25386,11873.289534100015
25387,11873.289534100015
25388,11873.289534100015
25389,11873.289534100015
25390,11873.289534100015
25391,11873.289534100015
25392,11873.289534100015
25393,11873.289534100015
25394,11873.289534100015
25395,11873.289534100015
25396,11873.289534100015
25397,11873.289534100015
25398,11873.289534100015
25399,11873.289534100015
25400,11873.289534100015
25401,11873.289534100015
25402,11873.289534100015
25403,11873.289534100015
25404,11873.289534100015
25405,11873.289534100015
25406,11873.289534100015
25407,11873.289534100015
25408,11873.289534100015
25409,11873.289534100015
25410,11873.289534100015
25411,11873.289534100015
25412,11873.289534100015
25413,11873.289534100015
25414,11873.289534100015
25415,11873.289534100015
25416,11873.289534100015
25417,11873.289534100015
25418,11873.289534100015
25419,11873.289534100015
25420,11873.289534100015
25421,11873.289534100015
25422,11873.289534100015
25423,11873.289534100015
25424,11873.289534100015
25425,11873.289534100015
25426,11873.289534100015
25427,11873.289534100015
25428,11873.289534100015
25429,11873.289534100015
25430,11873.289534100015
25431,11873.289534100015
25432,11873.289534100015
25433,11873.289534100015
25434,11873.289534100015
25435,11873.289534100015
25436,11873.289534100015
25437,11873.289534100015
25438,11873.289534100015
25439,11873.289534100015
25440,11873.289534100015
25441,11873.289534100015
25442,11873.289534100015
25443,11873.289534100015
25444,11873.289534100015
25445,11873.289534100015
25446,11873.289534100015
25447,11873.289534100015
25448,11873.289534100015
25449,11873.289534100015
25450,11873.289534100015
25451,11873.289534100015
25452,11873.289534100015
25453,11873.289534100015
25454,11873.289534100015
25455,11873.289534100015
25456,11873.289534100015
25457,11873.289534100015
25458,11873.289534100015
25459,11873.289534100015
25460,11873.289534100015
25461,11873.289534100015
25462,11873.289534100015
25463,11873.289534100015
25464,11873.289534100015
25465,11873.289534100015
25466,11873.289534100015
25467,11873.289534100015
25468,11873.289534100015
25469,11873.289534100015
25470,11873.289534100015
25471,11873.289534100015
25472,11873.289534100015
25473,11873.289534100015
25474,11873.289534100015
25475,11873.289534100015
25476,11873.289534100015
25477,11873.289534100015
25478,11873.289534100015
25479,11873.289534100015
25480,11873.289534100015
25481,11873.289534100015
25482,11873.289534100015
25483,11873.289534100015
25484,11873.289534100015
25485,11873.289534100015
25486,11873.289534100015
25487,11873.289534100015
25488,11873.289534100015
25489,11873.289534100015
25490,11873.289534100015
25491,11873.289534100015
25492,11873.289534100015
25493,11873.289534100015
25494,11873.289534100015
25495,11873.289534100015
25496,11873.289534100015
25497,11873.289534100015
25498,11873.289534100015
25499,11873.289534100015
25500,11873.289534100015
25501,4613.743573726569
25502,4613.743573726569
25503,4613.743573726569
25504,4613.743573726569
25505,4613.743573726569
25506,4613.743573726569
25507,4613.743573726569
25508,4613.743573726569
25509,4613.743573726569
25510,4613.743573726569
25511,4613.743573726569
25512,4613.743573726569
25513,4613.743573726569
25514,4613.743573726569
25515,4613.743573726569
25516,4613.743573726569
25517,4613.743573726569
25518,4613.743573726569
25519,4613.743573726569
25520,4613.743573726569
25521,4613.743573726569
25522,4613.743573726569
25523,4613.743573726569
25524,4613.743573726569
25525,4613.743573726569
25526,4613.743573726569
25527,4613.743573726569
25528,4613.743573726569
25529,4613.743573726569
25530,4613.743573726569
25531,4613.743573726569
25532,4613.743573726569
25533,4613.743573726569
25534,4613.743573726569
25535,4613.743573726569
25536,4613.743573726569
25537,4613.743573726569
25538,4613.743573726569
25539,4613.743573726569
25540,4613.743573726569
25541,4613.743573726569
25542,4613.743573726569
25543,4613.743573726569
25544,4613.743573726569
25545,4613.743573726569
25546,4613.743573726569
25547,4613.743573726569
25548,4613.743573726569
25549,4613.743573726569
25550,4613.743573726569
25551,4613.743573726569
25552,4613.743573726569
25553,4613.743573726569
25554,4613.743573726569
25555,4613.743573726569
25556,4613.743573726569
25557,4613.743573726569
25558,4613.743573726569
25559,4613.743573726569
25560,4613.743573726569
25561,4613.743573726569
25562,4613.743573726569
25563,4613.743573726569
25564,4613.743573726569
25565,4613.743573726569
25566,4613.743573726569
25567,4613.743573726569
25568,4613.743573726569
25569,4613.743573726569
25570,4613.743573726569
25571,4613.743573726569
25572,4613.743573726569
25573,4613.743573726569
25574,4613.743573726569
25575,4613.743573726569
25576,4613.743573726569
25577,4613.743573726569
25578,4613.743573726569
25579,4613.743573726569
25580,4613.743573726569
25581,4613.743573726569
25582,4613.743573726569
25583,4613.743573726569
25584,4613.743573726569
25585,4613.743573726569
25586,4613.743573726569
25587,4613.743573726569
25588,4613.743573726569
25589,4613.743573726569
25590,4613.743573726569
25591,4613.743573726569
25592,4613.743573726569
25593,4613.743573726569
25594,4613.743573726569
25595,4613.743573726569
25596,4613.743573726569
25597,4613.743573726569
25598,4613.743573726569
25599,4613.743573726569
25600,4613.743573726569
25601,4613.743573726569
25602,4613.743573726569
25603,4613.743573726569
25604,4613.743573726569
25605,4613.743573726569
25606,4613.743573726569
25607,4613.743573726569
25608,4613.743573726569
25609,4613.743573726569
25610,4613.743573726569
25611,4613.743573726569
25612,4613.743573726569
25613,4613.743573726569
25614,4613.743573726569
25615,4613.743573726569
25616,4613.743573726569
25617,4613.743573726569
25618,4613.743573726569
25619,4613.743573726569
25620,4613.743573726569
25621,4613.743573726569
25622,4613.743573726569
25623,4613.743573726569
25624,4613.743573726569
25625,4613.743573726569
25626,4613.743573726569
25627,4613.743573726569
25628,4613.743573726569
25629,4613.743573726569
25630,4613.743573726569
25631,4613.743573726569
25632,4613.743573726569
25633,4613.743573726569
25634,4613.743573726569
25635,4613.743573726569
25636,4613.743573726569
25637,4613.743573726569
25638,4613.743573726569
25639,4613.743573726569
25640,4613.743573726569
25641,4613.743573726569
25642,4613.743573726569
25643,4613.743573726569
25644,4613.743573726569
25645,4613.743573726569
25646,4613.743573726569
25647,4613.743573726569
25648,4613.743573726569
25649,4613.743573726569
25650,4613.743573726569
25651,0.0
25652,0.0
25653,0.0
25654,0.0
25655,0.0
25656,0.0
25657,0.0
25658,0.0
25659,0.0
25660,0.0
25661,0.0
25662,0.0
25663,0.0
25664,0.0
25665,0.0
25666,0.0
25667,0.0
25668,0.0
25669,0.0
25670,0.0
25671,0.0
25672,0.0
25673,0.0
25674,0.0
25675,0.0
25676,0.0
25677,0.0
25678,0.0
25679,0.0
25680,0.0
25681,0.0
25682,0.0
25683,0.0
25684,0.0
25685,0.0
25686,0.0
25687,0.0
25688,0.0
25689,0.0
25690,0.0
25691,0.0
25692,0.0
25693,0.0
25694,0.0
25695,0.0
25696,0.0
25697,0.0
25698,0.0
25699,0.0
25700,0.0
25701,0.0
25702,0.0
25703,0.0
25704,0.0
25705,0.0
25706,0.0
25707,0.0
25708,0.0
25709,0.0
25710,0.0
25711,0.0
25712,0.0
25713,0.0
25714,0.0
25715,0.0
25716,0.0
25717,0.0
25718,0.0
25719,0.0
25720,0.0
25721,0.0
25722,0.0
25723,0.0
25724,0.0
25725,0.0
25726,0.0
25727,0.0
25728,0.0
25729,0.0
25730,0.0
25731,0.0
25732,0.0
25733,0.0
25734,0.0
25735,0.0
25736,0.0
25737,0.0
25738,0.0
25739,0.0
25740,0.0
25741,0.0
25742,0.0
25743,0.0
25744,0.0
25745,0.0
25746,0.0
25747,0.0
25748,0.0
25749,0.0
25750,0.0
25751,0.0
25752,0.0
25753,0.0
25754,0.0
25755,0.0
25756,0.0
25757,0.0
25758,0.0
25759,0.0
25760,0.0
25761,0.0
25762,0.0
25763,0.0
25764,0.0
25765,0.0
25766,0.0
25767,0.0
25768,0.0
25769,0.0
25770,0.0
25771,0.0
25772,0.0
25773,0.0
25774,0.0
25775,0.0
25776,0.0
25777,0.0
25778,0.0
25779,0.0
25780,0.0
25781,0.0
25782,0.0
25783,0.0
25784,0.0
25785,0.0
25786,0.0
25787,0.0
25788,0.0
25789,0.0
25790,0.0
25791,0.0
25792,0.0
25793,0.0
25794,0.0
25795,0.0
25796,0.0
25797,0.0
25798,0.0
25799,0.0
25800,0.0
25801,2949128.9546730127
25802,2949128.9546730127
25803,2949128.9546730127
25804,2949128.9546730127
25805,2949128.9546730127
25806,2949128.9546730127
25807,2949128.9546730127
25808,2949128.9546730127
25809,2949128.9546730127
25810,2949128.9546730127
25811,2949128.9546730127
25812,2949128.9546730127
25813,2949128.9546730127
25814,2949128.9546730127
25815,2949128.9546730127
25816,2949128.9546730127
25817,2949128.9546730127
25818,2949128.9546730127
25819,2949128.9546730127
25820,2949128.9546730127
25821,2949128.9546730127
25822,2949128.9546730127
25823,2949128.9546730127
25824,2949128.9546730127
25825,2949128.9546730127
25826,2949128.9546730127
25827,2949128.9546730127
25828,2949128.9546730127
25829,2949128.9546730127
25830,2949128.9546730127
25831,2949128.9546730127
25832,2949128.9546730127
25833,2949128.9546730127
25834,2949128.9546730127
25835,2949128.9546730127
25836,2949128.9546730127
25837,2949128.9546730127
25838,2949128.9546730127
25839,2949128.9546730127
25840,2949128.9546730127
25841,2949128.9546730127
25842,2949128.9546730127
25843,2949128.9546730127
25844,2949128.9546730127
25845,2949128.9546730127
25846,2949128.9546730127
25847,2949128.9546730127
25848,2949128.9546730127
25849,2949128.9546730127
25850,2949128.9546730127
25851,2949128.9546730127
25852,2949128.9546730127
25853,2949128.9546730127
25854,2949128.9546730127
25855,2949128.9546730127
25856,2949128.9546730127
25857,2949128.9546730127
25858,2949128.9546730127
25859,2949128.9546730127
25860,2949128.9546730127
25861,2949128.9546730127
25862,2949128.9546730127
25863,2949128.9546730127
25864,2949128.9546730127
25865,2949128.9546730127
25866,2949128.9546730127
25867,2949128.9546730127
25868,2949128.9546730127
25869,2949128.9546730127
25870,2949128.9546730127
25871,2949128.9546730127
25872,2949128.9546730127
25873,2949128.9546730127
25874,2949128.9546730127
25875,2949128.9546730127
25876,2949128.9546730127
25877,2949128.9546730127
25878,2949128.9546730127
25879,2949128.9546730127
25880,2949128.9546730127
25881,2949128.9546730127
25882,2949128.9546730127
25883,2949128.9546730127
25884,2949128.9546730127
25885,2949128.9546730127
25886,2949128.9546730127
25887,2949128.9546730127
25888,2949128.9546730127
25889,2949128.9546730127
25890,2949128.9546730127
25891,2949128.9546730127
25892,2949128.9546730127
25893,2949128.9546730127
25894,2949128.9546730127
25895,2949128.9546730127
25896,2949128.9546730127
25897,2949128.9546730127
25898,2949128.9546730127
25899,2949128.9546730127
25900,2949128.9546730127
25901,2949128.9546730127
25902,2949128.9546730127
25903,2949128.9546730127
25904,2949128.9546730127
25905,2949128.9546730127
25906,2949128.9546730127
25907,2949128.9546730127
25908,2949128.9546730127
25909,2949128.9546730127
25910,2949128.9546730127
25911,2949128.9546730127
25912,2949128.9546730127
25913,2949128.9546730127
25914,2949128.9546730127
25915,2949128.9546730127
25916,2949128.9546730127
25917,2949128.9546730127
25918,2949128.9546730127
25919,2949128.9546730127
25920,2949128.9546730127
25921,2949128.9546730127
25922,2949128.9546730127
25923,2949128.9546730127
25924,2949128.9546730127
25925,2949128.9546730127
25926,2949128.9546730127
25927,2949128.9546730127
25928,2949128.9546730127
25929,2949128.9546730127
25930,2949128.9546730127
25931,2949128.9546730127
25932,2949128.9546730127
25933,2949128.9546730127
25934,2949128.9546730127
25935,2949128.9546730127
25936,2949128.9546730127
25937,2949128.9546730127
25938,2949128.9546730127
25939,2949128.9546730127
25940,2949128.9546730127
25941,2949128.9546730127
25942,2949128.9546730127
25943,2949128.9546730127
25944,2949128.9546730127
25945,2949128.9546730127
25946,2949128.9546730127
25947,2949128.9546730127
25948,2949128.9546730127
25949,2949128.9546730127
25950,2949128.9546730127
25951,25535.206352443118
25952,25535.206352443118
25953,25535.206352443118
25954,25535.206352443118
25955,25535.206352443118
25956,25535.206352443118
25957,25535.206352443118
25958,25535.206352443118
25959,25535.206352443118
25960,25535.206352443118
25961,25535.206352443118
25962,25535.206352443118
25963,25535.206352443118
25964,25535.206352443118
25965,25535.206352443118
25966,25535.206352443118
25967,25535.206352443118
25968,25535.206352443118
25969,25535.206352443118
25970,25535.206352443118
25971,25535.206352443118
25972,25535.206352443118
25973,25535.206352443118
25974,25535.206352443118
25975,25535.206352443118
25976,25535.206352443118
25977,25535.206352443118
25978,25535.206352443118
25979,25535.206352443118
25980,25535.206352443118
25981,25535.206352443118
25982,25535.206352443118
25983,25535.206352443118
25984,25535.206352443118
25985,25535.206352443118
25986,25535.206352443118
25987,25535.206352443118
25988,25535.206352443118
25989,25535.206352443118
25990,25535.206352443118
25991,25535.206352443118
25992,25535.206352443118
25993,25535.206352443118
25994,25535.206352443118
25995,25535.206352443118
25996,25535.206352443118
25997,25535.206352443118
25998,25535.206352443118
25999,25535.206352443118
26000,25535.206352443118
26001,25535.206352443118
26002,25535.206352443118
26003,25535.206352443118
26004,25535.206352443118
26005,25535.206352443118
26006,25535.206352443118
26007,25535.206352443118
26008,25535.206352443118
26009,25535.206352443118
26010,25535.206352443118
26011,25535.206352443118
26012,25535.206352443118
26013,25535.206352443118
26014,25535.206352443118
26015,25535.206352443118
26016,25535.206352443118
26017,25535.206352443118
26018,25535.206352443118
26019,25535.206352443118
26020,25535.206352443118
26021,25535.206352443118
26022,25535.206352443118
26023,25535.206352443118
26024,25535.206352443118
26025,25535.206352443118
26026,25535.206352443118
26027,25535.206352443118
26028,25535.206352443118
26029,25535.206352443118
26030,25535.206352443118
26031,25535.206352443118
26032,25535.206352443118
26033,25535.206352443118
26034,25535.206352443118
26035,25535.206352443118
26036,25535.206352443118
26037,25535.206352443118
26038,25535.206352443118
26039,25535.206352443118
26040,25535.206352443118
26041,25535.206352443118
26042,25535.206352443118
26043,25535.206352443118
26044,25535.206352443118
26045,25535.206352443118
26046,25535.206352443118
26047,25535.206352443118
26048,25535.206352443118
26049,25535.206352443118
26050,25535.206352443118
26051,25535.206352443118
26052,25535.206352443118
26053,25535.206352443118
26054,25535.206352443118
26055,25535.206352443118
26056,25535.206352443118
26057,25535.206352443118
26058,25535.206352443118
26059,25535.206352443118
26060,25535.206352443118
26061,25535.206352443118
26062,25535.206352443118
26063,25535.206352443118
26064,25535.206352443118
26065,25535.206352443118
26066,25535.206352443118
26067,25535.206352443118
26068,25535.206352443118
26069,25535.206352443118
26070,25535.206352443118
26071,25535.206352443118
26072,25535.206352443118
26073,25535.206352443118
26074,25535.206352443118
26075,25535.206352443118
26076,25535.206352443118
26077,25535.206352443118
26078,25535.206352443118
26079,25535.206352443118
26080,25535.206352443118
26081,25535.206352443118
26082,25535.206352443118
26083,25535.206352443118
26084,25535.206352443118
26085,25535.206352443118
26086,25535.206352443118
26087,25535.206352443118
26088,25535.206352443118
26089,25535.206352443118
26090,25535.206352443118
26091,25535.206352443118
26092,25535.206352443118
26093,25535.206352443118
26094,25535.206352443118
26095,25535.206352443118
26096,25535.206352443118
26097,25535.206352443118
26098,25535.206352443118
26099,25535.206352443118
26100,25535.206352443118
26101,0.0
26102,0.0
26103,0.0
26104,0.0
26105,0.0
26106,0.0
26107,0.0
26108,0.0
26109,0.0
26110,0.0
26111,0.0
26112,0.0
26113,0.0
26114,0.0
26115,0.0
26116,0.0
26117,0.0
26118,0.0
26119,0.0
26120,0.0
26121,0.0
26122,0.0
26123,0.0
26124,0.0
26125,0.0
26126,0.0
26127,0.0
26128,0.0
26129,0.0
26130,0.0
26131,0.0
26132,0.0
26133,0.0
26134,0.0
26135,0.0
26136,0.0
26137,0.0
26138,0.0
26139,0.0
26140,0.0
26141,0.0
26142,0.0
26143,0.0
26144,0.0
26145,0.0
26146,0.0
26147,0.0
26148,0.0
26149,0.0
26150,0.0
26151,0.0
26152,0.0
26153,0.0
26154,0.0
26155,0.0
26156,0.0
26157,0.0
26158,0.0
26159,0.0
26160,0.0
26161,0.0
26162,0.0
26163,0.0
26164,0.0
26165,0.0
26166,0.0
26167,0.0
26168,0.0
26169,0.0
26170,0.0
26171,0.0
26172,0.0
26173,0.0
26174,0.0
26175,0.0
26176,0.0
26177,0.0
26178,0.0
26179,0.0
26180,0.0
26181,0.0
26182,0.0
26183,0.0
26184,0.0
26185,0.0
26186,0.0
26187,0.0
26188,0.0
26189,0.0
26190,0.0
26191,0.0
26192,0.0
26193,0.0
26194,0.0
26195,0.0
26196,0.0
26197,0.0
26198,0.0
26199,0.0
26200,0.0
26201,0.0
26202,0.0
26203,0.0
26204,0.0
26205,0.0
26206,0.0
26207,0.0
26208,0.0
26209,0.0
26210,0.0
26211,0.0
26212,0.0
26213,0.0
26214,0.0
26215,0.0
26216,0.0
26217,0.0
26218,0.0
26219,0.0
26220,0.0
26221,0.0
26222,0.0
26223,0.0
26224,0.0
26225,0.0
26226,0.0
26227,0.0
26228,0.0
26229,0.0
26230,0.0
26231,0.0
26232,0.0
26233,0.0
26234,0.0
26235,0.0
26236,0.0
26237,0.0
26238,0.0
26239,0.0
26240,0.0
26241,0.0
26242,0.0
26243,0.0
26244,0.0
26245,0.0
26246,0.0
26247,0.0
26248,0.0
26249,0.0
26250,0.0
26251,0.0
26252,0.0
26253,0.0
26254,0.0
26255,0.0
26256,0.0
26257,0.0
26258,0.0
26259,0.0
26260,0.0
26261,0.0
26262,0.0
26263,0.0
26264,0.0
26265,0.0
26266,0.0
26267,0.0
26268,0.0
26269,0.0
26270,0.0
26271,0.0
26272,0.0
26273,0.0
26274,0.0
26275,0.0
26276,0.0
26277,0.0
26278,0.0
26279,0.0
26280,0.0
26281,0.0
26282,0.0
26283,0.0
26284,0.0
26285,0.0
26286,0.0
26287,0.0
26288,0.0
26289,0.0
26290,0.0
26291,0.0
26292,0.0
26293,0.0
26294,0.0
26295,0.0
26296,0.0
26297,0.0
26298,0.0
26299,0.0
26300,0.0
26301,0.0
26302,0.0
26303,0.0
26304,0.0
26305,0.0
26306,0.0
26307,0.0
26308,0.0
26309,0.0
26310,0.0
26311,0.0
26312,0.0
26313,0.0
26314,0.0
26315,0.0
26316,0.0
26317,0.0
26318,0.0
26319,0.0
26320,0.0
26321,0.0
26322,0.0
26323,0.0
26324,0.0
26325,0.0
26326,0.0
26327,0.0
26328,0.0
26329,0.0
26330,0.0
26331,0.0
26332,0.0
26333,0.0
26334,0.0
26335,0.0
26336,0.0
26337,0.0
26338,0.0
26339,0.0
26340,0.0
26341,0.0
26342,0.0
26343,0.0
26344,0.0
26345,0.0
26346,0.0
26347,0.0
26348,0.0
26349,0.0
26350,0.0
26351,0.0
26352,0.0
26353,0.0
26354,0.0
26355,0.0
26356,0.0
26357,0.0
26358,0.0
26359,0.0
26360,0.0
26361,0.0
26362,0.0
26363,0.0
26364,0.0
26365,0.0
26366,0.0
26367,0.0
26368,0.0
26369,0.0
26370,0.0
26371,0.0
26372,0.0
26373,0.0
26374,0.0
26375,0.0
26376,0.0
26377,0.0
26378,0.0
26379,0.0
26380,0.0
26381,0.0
26382,0.0
26383,0.0
26384,0.0
26385,0.0
26386,0.0
26387,0.0
26388,0.0
26389,0.0
26390,0.0
26391,0.0
26392,0.0
26393,0.0
26394,0.0
26395,0.0
26396,0.0
26397,0.0
26398,0.0
26399,0.0
26400,0.0
26401,0.0
26402,0.0
26403,0.0
26404,0.0
26405,0.0
26406,0.0
26407,0.0
26408,0.0
26409,0.0
26410,0.0
26411,0.0
26412,0.0
26413,0.0
26414,0.0
26415,0.0
26416,0.0
26417,0.0
26418,0.0
26419,0.0
26420,0.0
26421,0.0
26422,0.0
26423,0.0
26424,0.0
26425,0.0
26426,0.0
26427,0.0
26428,0.0
26429,0.0
26430,0.0
26431,0.0
26432,0.0
26433,0.0
26434,0.0
26435,0.0
26436,0.0
26437,0.0
26438,0.0
26439,0.0
26440,0.0
26441,0.0
26442,0.0
26443,0.0
26444,0.0
26445,0.0
26446,0.0
26447,0.0
26448,0.0
26449,0.0
26450,0.0
26451,0.0
26452,0.0
26453,0.0
26454,0.0
26455,0.0
26456,0.0
26457,0.0
26458,0.0
26459,0.0
26460,0.0
26461,0.0
26462,0.0
26463,0.0
26464,0.0
26465,0.0
26466,0.0
26467,0.0
26468,0.0
26469,0.0
26470,0.0
26471,0.0
26472,0.0
26473,0.0
26474,0.0
26475,0.0
26476,0.0
26477,0.0
26478,0.0
26479,0.0
26480,0.0
26481,0.0
26482,0.0
26483,0.0
26484,0.0
26485,0.0
26486,0.0
26487,0.0
26488,0.0
26489,0.0
26490,0.0
26491,0.0
26492,0.0
26493,0.0
26494,0.0
26495,0.0
26496,0.0
26497,0.0
26498,0.0
26499,0.0
26500,0.0
26501,0.0
26502,0.0
26503,0.0
26504,0.0
26505,0.0
26506,0.0
26507,0.0
26508,0.0
26509,0.0
26510,0.0
26511,0.0
26512,0.0
26513,0.0
26514,0.0
26515,0.0
26516,0.0
26517,0.0
26518,0.0
26519,0.0
26520,0.0
26521,0.0
26522,0.0
26523,0.0
26524,0.0
26525,0.0
26526,0.0
26527,0.0
26528,0.0
26529,0.0
26530,0.0
26531,0.0
26532,0.0
26533,0.0
26534,0.0
26535,0.0
26536,0.0
26537,0.0
26538,0.0
26539,0.0
26540,0.0
26541,0.0
26542,0.0
26543,0.0
26544,0.0
26545,0.0
26546,0.0
26547,0.0
26548,0.0
26549,0.0
26550,0.0
26551,4295319.111718022
26552,4295319.111718022
26553,4295319.111718022
26554,4295319.111718022
26555,4295319.111718022
26556,4295319.111718022
26557,4295319.111718022
26558,4295319.111718022
26559,4295319.111718022
26560,4295319.111718022
26561,4295319.111718022
26562,4295319.111718022
26563,4295319.111718022
26564,4295319.111718022
26565,4295319.111718022
26566,4295319.111718022
26567,4295319.111718022
26568,4295319.111718022
26569,4295319.111718022
26570,4295319.111718022
26571,4295319.111718022
26572,4295319.111718022
26573,4295319.111718022
26574,4295319.111718022
26575,4295319.111718022
26576,4295319.111718022
26577,4295319.111718022
26578,4295319.111718022
26579,4295319.111718022
26580,4295319.111718022
26581,4295319.111718022
26582,4295319.111718022
26583,4295319.111718022
26584,4295319.111718022
26585,4295319.111718022
26586,4295319.111718022
26587,4295319.111718022
26588,4295319.111718022
26589,4295319.111718022
26590,4295319.111718022
26591,4295319.111718022
26592,4295319.111718022
26593,4295319.111718022
26594,4295319.111718022
26595,4295319.111718022
26596,4295319.111718022
26597,4295319.111718022
26598,4295319.111718022
26599,4295319.111718022
26600,4295319.111718022
26601,4295319.111718022
26602,4295319.111718022
26603,4295319.111718022
26604,4295319.111718022
26605,4295319.111718022
26606,4295319.111718022
26607,4295319.111718022
26608,4295319.111718022
26609,4295319.111718022
26610,4295319.111718022
26611,4295319.111718022
26612,4295319.111718022
26613,4295319.111718022
26614,4295319.111718022
26615,4295319.111718022
26616,4295319.111718022
26617,4295319.111718022
26618,4295319.111718022
26619,4295319.111718022
26620,4295319.111718022
26621,4295319.111718022
26622,4295319.111718022
26623,4295319.111718022
26624,4295319.111718022
26625,4295319.111718022
26626,4295319.111718022
26627,4295319.111718022
26628,4295319.111718022
26629,4295319.111718022
26630,4295319.111718022
26631,4295319.111718022
26632,4295319.111718022
26633,4295319.111718022
26634,4295319.111718022
26635,4295319.111718022
26636,4295319.111718022
26637,4295319.111718022
26638,4295319.111718022
26639,4295319.111718022
26640,4295319.111718022
26641,4295319.111718022
26642,4295319.111718022
26643,4295319.111718022
26644,4295319.111718022
26645,4295319.111718022
26646,4295319.111718022
26647,4295319.111718022
26648,4295319.111718022
26649,4295319.111718022
26650,4295319.111718022
26651,4295319.111718022
26652,4295319.111718022
26653,4295319.111718022
26654,4295319.111718022
26655,4295319.111718022
26656,4295319.111718022
26657,4295319.111718022
26658,4295319.111718022
26659,4295319.111718022
26660,4295319.111718022
26661,4295319.111718022
26662,4295319.111718022
26663,4295319.111718022
26664,4295319.111718022
26665,4295319.111718022
26666,4295319.111718022
26667,4295319.111718022
26668,4295319.111718022
26669,4295319.111718022
26670,4295319.111718022
26671,4295319.111718022
26672,4295319.111718022
26673,4295319.111718022
26674,4295319.111718022
26675,4295319.111718022
26676,4295319.111718022
26677,4295319.111718022
26678,4295319.111718022
26679,4295319.111718022
26680,4295319.111718022
26681,4295319.111718022
26682,4295319.111718022
26683,4295319.111718022
26684,4295319.111718022
26685,4295319.111718022
26686,4295319.111718022
26687,4295319.111718022
26688,4295319.111718022
26689,4295319.111718022
26690,4295319.111718022
26691,4295319.111718022
26692,4295319.111718022
26693,4295319.111718022
26694,4295319.111718022
26695,4295319.111718022
26696,4295319.111718022
26697,4295319.111718022
26698,4295319.111718022
26699,4295319.111718022
26700,4295319.111718022
26701,0.0
26702,0.0
26703,0.0
26704,0.0
26705,0.0
26706,0.0
26707,0.0
26708,0.0
26709,0.0
26710,0.0
26711,0.0
26712,0.0
26713,0.0
26714,0.0
26715,0.0
26716,0.0
26717,0.0
26718,0.0
26719,0.0
26720,0.0
26721,0.0
26722,0.0
26723,0.0
26724,0.0
26725,0.0
26726,0.0
26727,0.0
26728,0.0
26729,0.0
26730,0.0
26731,0.0
26732,0.0
26733,0.0
26734,0.0
26735,0.0
26736,0.0
26737,0.0
26738,0.0
26739,0.0
26740,0.0
26741,0.0
26742,0.0
26743,0.0
26744,0.0
26745,0.0
26746,0.0
26747,0.0
26748,0.0
26749,0.0
26750,0.0
26751,0.0
26752,0.0
26753,0.0
26754,0.0
26755,0.0
26756,0.0
26757,0.0
26758,0.0
26759,0.0
26760,0.0
26761,0.0
26762,0.0
26763,0.0
26764,0.0
26765,0.0
26766,0.0
26767,0.0
26768,0.0
26769,0.0
26770,0.0
26771,0.0
26772,0.0
26773,0.0
26774,0.0
26775,0.0
26776,0.0
26777,0.0
26778,0.0
26779,0.0
26780,0.0
26781,0.0
26782,0.0
26783,0.0
26784,0.0
26785,0.0
26786,0.0
26787,0.0
26788,0.0
26789,0.0
26790,0.0
26791,0.0
26792,0.0
26793,0.0
26794,0.0
26795,0.0
26796,0.0
26797,0.0
26798,0.0
26799,0.0
26800,0.0
26801,0.0
26802,0.0
26803,0.0
26804,0.0
26805,0.0
26806,0.0
26807,0.0
26808,0.0
26809,0.0
26810,0.0
26811,0.0
26812,0.0
26813,0.0
26814,0.0
26815,0.0
26816,0.0
26817,0.0
26818,0.0
26819,0.0
26820,0.0
26821,0.0
26822,0.0
26823,0.0
26824,0.0
26825,0.0
26826,0.0
26827,0.0
26828,0.0
26829,0.0
26830,0.0
26831,0.0
26832,0.0
26833,0.0
26834,0.0
26835,0.0
26836,0.0
26837,0.0
26838,0.0
26839,0.0
26840,0.0
26841,0.0
26842,0.0
26843,0.0
26844,0.0
26845,0.0
26846,0.0
26847,0.0
26848,0.0
26849,0.0
26850,0.0
26851,51952.50200230601
26852,51952.50200230601
26853,51952.50200230601
26854,51952.50200230601
26855,51952.50200230601
26856,51952.50200230601
26857,51952.50200230601
26858,51952.50200230601
26859,51952.50200230601
26860,51952.50200230601
26861,51952.50200230601
26862,51952.50200230601
26863,51952.50200230601
26864,51952.50200230601
26865,51952.50200230601
26866,51952.50200230601
26867,51952.50200230601
26868,51952.50200230601
26869,51952.50200230601
26870,51952.50200230601
26871,51952.50200230601
26872,51952.50200230601
26873,51952.50200230601
26874,51952.50200230601
26875,51952.50200230601
26876,51952.50200230601
26877,51952.50200230601
26878,51952.50200230601
26879,51952.50200230601
26880,51952.50200230601
26881,51952.50200230601
26882,51952.50200230601
26883,51952.50200230601
26884,51952.50200230601
26885,51952.50200230601
26886,51952.50200230601
26887,51952.50200230601
26888,51952.50200230601
26889,51952.50200230601
26890,51952.50200230601
26891,51952.50200230601
26892,51952.50200230601
26893,51952.50200230601
26894,51952.50200230601
26895,51952.50200230601
26896,51952.50200230601
26897,51952.50200230601
26898,51952.50200230601
26899,51952.50200230601
26900,51952.50200230601
26901,51952.50200230601
26902,51952.50200230601
26903,51952.50200230601
26904,51952.50200230601
26905,51952.50200230601
26906,51952.50200230601
26907,51952.50200230601
26908,51952.50200230601
26909,51952.50200230601
26910,51952.50200230601
26911,51952.50200230601
26912,51952.50200230601
26913,51952.50200230601
26914,51952.50200230601
26915,51952.50200230601
26916,51952.50200230601
26917,51952.50200230601
26918,51952.50200230601
26919,51952.50200230601
26920,51952.50200230601
26921,51952.50200230601
26922,51952.50200230601
26923,51952.50200230601
26924,51952.50200230601
26925,51952.50200230601
26926,51952.50200230601
26927,51952.50200230601
26928,51952.50200230601
26929,51952.50200230601
26930,51952.50200230601
26931,51952.50200230601
26932,51952.50200230601
26933,51952.50200230601
26934,51952.50200230601
26935,51952.50200230601
26936,51952.50200230601
26937,51952.50200230601
26938,51952.50200230601
26939,51952.50200230601
26940,51952.50200230601
26941,51952.50200230601
26942,51952.50200230601
26943,51952.50200230601
26944,51952.50200230601
26945,51952.50200230601
26946,51952.50200230601
26947,51952.50200230601
26948,51952.50200230601
26949,51952.50200230601
26950,51952.50200230601
26951,51952.50200230601
26952,51952.50200230601
26953,51952.50200230601
26954,51952.50200230601
26955,51952.50200230601
26956,51952.50200230601
26957,51952.50200230601
26958,51952.50200230601
26959,51952.50200230601
26960,51952.50200230601
26961,51952.50200230601
26962,51952.50200230601
26963,51952.50200230601
26964,51952.50200230601
26965,51952.50200230601
26966,51952.50200230601
26967,51952.50200230601
26968,51952.50200230601
26969,51952.50200230601
26970,51952.50200230601
26971,51952.50200230601
26972,51952.50200230601
26973,51952.50200230601
26974,51952.50200230601
26975,51952.50200230601
26976,51952.50200230601
26977,51952.50200230601
26978,51952.50200230601
26979,51952.50200230601
26980,51952.50200230601
26981,51952.50200230601
26982,51952.50200230601
26983,51952.50200230601
26984,51952.50200230601
26985,51952.50200230601
26986,51952.50200230601
26987,51952.50200230601
26988,51952.50200230601
26989,51952.50200230601
26990,51952.50200230601
26991,51952.50200230601
26992,51952.50200230601
26993,51952.50200230601
26994,51952.50200230601
26995,51952.50200230601
26996,51952.50200230601
26997,51952.50200230601
26998,51952.50200230601
26999,51952.50200230601
27000,51952.50200230601
27001,649306.9206772221
27002,649306.9206772221
27003,649306.9206772221
27004,649306.9206772221
27005,649306.9206772221
27006,649306.9206772221
27007,649306.9206772221
27008,649306.9206772221
27009,649306.9206772221
27010,649306.9206772221
27011,649306.9206772221
27012,649306.9206772221
27013,649306.9206772221
27014,649306.9206772221
27015,649306.9206772221
27016,649306.9206772221
27017,649306.9206772221
27018,649306.9206772221
27019,649306.9206772221
27020,649306.9206772221
27021,649306.9206772221
27022,649306.9206772221
27023,649306.9206772221
27024,649306.9206772221
27025,649306.9206772221
27026,649306.9206772221
27027,649306.9206772221
27028,649306.9206772221
27029,649306.9206772221
27030,649306.9206772221
27031,649306.9206772221
27032,649306.9206772221
27033,649306.9206772221
27034,649306.9206772221
27035,649306.9206772221
27036,649306.9206772221
27037,649306.9206772221
27038,649306.9206772221
27039,649306.9206772221
27040,649306.9206772221
27041,649306.9206772221
27042,649306.9206772221
27043,649306.9206772221
27044,649306.9206772221
27045,649306.9206772221
27046,649306.9206772221
27047,649306.9206772221
27048,649306.9206772221
27049,649306.9206772221
27050,649306.9206772221
27051,649306.9206772221
27052,649306.9206772221
27053,649306.9206772221
27054,649306.9206772221
27055,649306.9206772221
27056,649306.9206772221
27057,649306.9206772221
27058,649306.9206772221
27059,649306.9206772221
27060,649306.9206772221
27061,649306.9206772221
27062,649306.9206772221
27063,649306.9206772221
27064,649306.9206772221
27065,649306.9206772221
27066,649306.9206772221
27067,649306.9206772221
27068,649306.9206772221
27069,649306.9206772221
27070,649306.9206772221
27071,649306.9206772221
27072,649306.9206772221
27073,649306.9206772221
27074,649306.9206772221
27075,649306.9206772221
27076,649306.9206772221
27077,649306.9206772221
27078,649306.9206772221
27079,649306.9206772221
27080,649306.9206772221
27081,649306.9206772221
27082,649306.9206772221
27083,649306.9206772221
27084,649306.9206772221
27085,649306.9206772221
27086,649306.9206772221
27087,649306.9206772221
27088,649306.9206772221
27089,649306.9206772221
27090,649306.9206772221
27091,649306.9206772221
27092,649306.9206772221
27093,649306.9206772221
27094,649306.9206772221
27095,649306.9206772221
27096,649306.9206772221
27097,649306.9206772221
27098,649306.9206772221
27099,649306.9206772221
27100,649306.9206772221
27101,649306.9206772221
27102,649306.9206772221
27103,649306.9206772221
27104,649306.9206772221
27105,649306.9206772221
27106,649306.9206772221
27107,649306.9206772221
27108,649306.9206772221
27109,649306.9206772221
27110,649306.9206772221
27111,649306.9206772221
27112,649306.9206772221
27113,649306.9206772221
27114,649306.9206772221
27115,649306.9206772221
27116,649306.9206772221
27117,649306.9206772221
27118,649306.9206772221
27119,649306.9206772221
27120,649306.9206772221
27121,649306.9206772221
27122,649306.9206772221
27123,649306.9206772221
27124,649306.9206772221
27125,649306.9206772221
27126,649306.9206772221
27127,649306.9206772221
27128,649306.9206772221
27129,649306.9206772221
27130,649306.9206772221
27131,649306.9206772221
27132,649306.9206772221
27133,649306.9206772221
27134,649306.9206772221
27135,649306.9206772221
27136,649306.9206772221
27137,649306.9206772221
27138,649306.9206772221
27139,649306.9206772221
27140,649306.9206772221
27141,649306.9206772221
27142,649306.9206772221
27143,649306.9206772221
27144,649306.9206772221
27145,649306.9206772221
27146,649306.9206772221
27147,649306.9206772221
27148,649306.9206772221
27149,649306.9206772221
27150,649306.9206772221
27151,0.0
27152,0.0
27153,0.0
27154,0.0
27155,0.0
27156,0.0
27157,0.0
27158,0.0
27159,0.0
27160,0.0
27161,0.0
27162,0.0
27163,0.0
27164,0.0
27165,0.0
27166,0.0
27167,0.0
27168,0.0
27169,0.0
27170,0.0
27171,0.0
27172,0.0
27173,0.0
27174,0.0
27175,0.0
27176,0.0
27177,0.0
27178,0.0
27179,0.0
27180,0.0
27181,0.0
27182,0.0
27183,0.0
27184,0.0
27185,0.0
27186,0.0
27187,0.0
27188,0.0
27189,0.0
27190,0.0
27191,0.0
27192,0.0
27193,0.0
27194,0.0
27195,0.0
27196,0.0
27197,0.0
27198,0.0
27199,0.0
27200,0.0
27201,0.0
27202,0.0
27203,0.0
27204,0.0
27205,0.0
27206,0.0
27207,0.0
27208,0.0
27209,0.0
27210,0.0
27211,0.0
27212,0.0
27213,0.0
27214,0.0
27215,0.0
27216,0.0
27217,0.0
27218,0.0
27219,0.0
27220,0.0
27221,0.0
27222,0.0
27223,0.0
27224,0.0
27225,0.0
27226,0.0
27227,0.0
27228,0.0
27229,0.0
27230,0.0
27231,0.0
27232,0.0
27233,0.0
27234,0.0
27235,0.0
27236,0.0
27237,0.0
27238,0.0
27239,0.0
27240,0.0
27241,0.0
27242,0.0
27243,0.0
27244,0.0
27245,0.0
27246,0.0
27247,0.0
27248,0.0
27249,0.0
27250,0.0
27251,0.0
27252,0.0
27253,0.0
27254,0.0
27255,0.0
27256,0.0
27257,0.0
27258,0.0
27259,0.0
27260,0.0
27261,0.0
27262,0.0
27263,0.0
27264,0.0
27265,0.0
27266,0.0
27267,0.0
27268,0.0
27269,0.0
27270,0.0
27271,0.0
27272,0.0
27273,0.0
27274,0.0
27275,0.0
27276,0.0
27277,0.0
27278,0.0
27279,0.0
27280,0.0
27281,0.0
27282,0.0
27283,0.0
27284,0.0
27285,0.0
27286,0.0
27287,0.0
27288,0.0
27289,0.0
27290,0.0
27291,0.0
27292,0.0
27293,0.0
27294,0.0
27295,0.0
27296,0.0
27297,0.0
27298,0.0
27299,0.0
27300,0.0
27301,0.0
27302,0.0
27303,0.0
27304,0.0
27305,0.0
27306,0.0
27307,0.0
27308,0.0
27309,0.0
27310,0.0
27311,0.0
27312,0.0
27313,0.0
27314,0.0
27315,0.0
27316,0.0
27317,0.0
27318,0.0
27319,0.0
27320,0.0
27321,0.0
27322,0.0
27323,0.0
27324,0.0
27325,0.0
27326,0.0
27327,0.0
27328,0.0
27329,0.0
27330,0.0
27331,0.0
27332,0.0
27333,0.0
27334,0.0
27335,0.0
27336,0.0
27337,0.0
27338,0.0
27339,0.0
27340,0.0
27341,0.0
27342,0.0
27343,0.0
27344,0.0
27345,0.0
27346,0.0
27347,0.0
27348,0.0
27349,0.0
27350,0.0
27351,0.0
27352,0.0
27353,0.0
27354,0.0
27355,0.0
27356,0.0
27357,0.0
27358,0.0
27359,0.0
27360,0.0
27361,0.0
27362,0.0
27363,0.0
27364,0.0
27365,0.0
27366,0.0
27367,0.0
27368,0.0
27369,0.0
27370,0.0
27371,0.0
27372,0.0
27373,0.0
27374,0.0
27375,0.0
27376,0.0
27377,0.0
27378,0.0
27379,0.0
27380,0.0
27381,0.0
27382,0.0
27383,0.0
27384,0.0
27385,0.0
27386,0.0
27387,0.0
27388,0.0
27389,0.0
27390,0.0
27391,0.0
27392,0.0
27393,0.0
27394,0.0
27395,0.0
27396,0.0
27397,0.0
27398,0.0
27399,0.0
27400,0.0
27401,0.0
27402,0.0
27403,0.0
27404,0.0
27405,0.0
27406,0.0
27407,0.0
27408,0.0
27409,0.0
27410,0.0
27411,0.0
27412,0.0
27413,0.0
27414,0.0
27415,0.0
27416,0.0
27417,0.0
27418,0.0
27419,0.0
27420,0.0
27421,0.0
27422,0.0
27423,0.0
27424,0.0
27425,0.0
27426,0.0
27427,0.0
27428,0.0
27429,0.0
27430,0.0
27431,0.0
27432,0.0
27433,0.0
27434,0.0
27435,0.0
27436,0.0
27437,0.0
27438,0.0
27439,0.0
27440,0.0
27441,0.0
27442,0.0
27443,0.0
27444,0.0
27445,0.0
27446,0.0
27447,0.0
27448,0.0
27449,0.0
27450,0.0
27451,19617.946682993144
27452,19617.946682993144
27453,19617.946682993144
27454,19617.946682993144
27455,19617.946682993144
27456,19617.946682993144
27457,19617.946682993144
27458,19617.946682993144
27459,19617.946682993144
27460,19617.946682993144
27461,19617.946682993144
27462,19617.946682993144
27463,19617.946682993144
27464,19617.946682993144
27465,19617.946682993144
27466,19617.946682993144
27467,19617.946682993144
27468,19617.946682993144
27469,19617.946682993144
27470,19617.946682993144
27471,19617.946682993144
27472,19617.946682993144
27473,19617.946682993144
27474,19617.946682993144
27475,19617.946682993144
27476,19617.946682993144
27477,19617.946682993144
27478,19617.946682993144
27479,19617.946682993144
27480,19617.946682993144
27481,19617.946682993144
27482,19617.946682993144
27483,19617.946682993144
27484,19617.946682993144
27485,19617.946682993144
27486,19617.946682993144
27487,19617.946682993144
27488,19617.946682993144
27489,19617.946682993144
27490,19617.946682993144
27491,19617.946682993144
27492,19617.946682993144
27493,19617.946682993144
27494,19617.946682993144
27495,19617.946682993144
27496,19617.946682993144
27497,19617.946682993144
27498,19617.946682993144
27499,19617.946682993144
27500,19617.946682993144
27501,19617.946682993144
27502,19617.946682993144
27503,19617.946682993144
27504,19617.946682993144
27505,19617.946682993144
27506,19617.946682993144
27507,19617.946682993144
27508,19617.946682993144
27509,19617.946682993144
27510,19617.946682993144
27511,19617.946682993144
27512,19617.946682993144
27513,19617.946682993144
27514,19617.946682993144
27515,19617.946682993144
27516,19617.946682993144
27517,19617.946682993144
27518,19617.946682993144
27519,19617.946682993144
27520,19617.946682993144
27521,19617.946682993144
27522,19617.946682993144
27523,19617.946682993144
27524,19617.946682993144
27525,19617.946682993144
27526,19617.946682993144
27527,19617.946682993144
27528,19617.946682993144
27529,19617.946682993144
27530,19617.946682993144
27531,19617.946682993144
27532,19617.946682993144
27533,19617.946682993144
27534,19617.946682993144
27535,19617.946682993144
27536,19617.946682993144
27537,19617.946682993144
27538,19617.946682993144
27539,19617.946682993144
27540,19617.946682993144
27541,19617.946682993144
27542,19617.946682993144
27543,19617.946682993144
27544,19617.946682993144
27545,19617.946682993144
27546,19617.946682993144
27547,19617.946682993144
27548,19617.946682993144
27549,19617.946682993144
27550,19617.946682993144
27551,19617.946682993144
27552,19617.946682993144
27553,19617.946682993144
27554,19617.946682993144
27555,19617.946682993144
27556,19617.946682993144
27557,19617.946682993144
27558,19617.946682993144
27559,19617.946682993144
27560,19617.946682993144
27561,19617.946682993144
27562,19617.946682993144
27563,19617.946682993144
27564,19617.946682993144
27565,19617.946682993144
27566,19617.946682993144
27567,19617.946682993144
27568,19617.946682993144
27569,19617.946682993144
27570,19617.946682993144
27571,19617.946682993144
27572,19617.946682993144
27573,19617.946682993144
27574,19617.946682993144
27575,19617.946682993144
27576,19617.946682993144
27577,19617.946682993144
27578,19617.946682993144
27579,19617.946682993144
27580,19617.946682993144
27581,19617.946682993144
27582,19617.946682993144
27583,19617.946682993144
27584,19617.946682993144
27585,19617.946682993144
27586,19617.946682993144
27587,19617.946682993144
27588,19617.946682993144
27589,19617.946682993144
27590,19617.946682993144
27591,19617.946682993144
27592,19617.946682993144
27593,19617.946682993144
27594,19617.946682993144
27595,19617.946682993144
27596,19617.946682993144
27597,19617.946682993144
27598,19617.946682993144
27599,19617.946682993144
27600,19617.946682993144
27601,0.0
27602,0.0
27603,0.0
27604,0.0
27605,0.0
27606,0.0
27607,0.0
27608,0.0
27609,0.0
27610,0.0
27611,0.0
27612,0.0
27613,0.0
27614,0.0
27615,0.0
27616,0.0
27617,0.0
27618,0.0
27619,0.0
27620,0.0
27621,0.0
27622,0.0
27623,0.0
27624,0.0
27625,0.0
27626,0.0
27627,0.0
27628,0.0
27629,0.0
27630,0.0
27631,0.0
27632,0.0
27633,0.0
27634,0.0
27635,0.0
27636,0.0
27637,0.0
27638,0.0
27639,0.0
27640,0.0
27641,0.0
27642,0.0
27643,0.0
27644,0.0
27645,0.0
27646,0.0
27647,0.0
27648,0.0
27649,0.0
27650,0.0
27651,0.0
27652,0.0
27653,0.0
27654,0.0
27655,0.0
27656,0.0
27657,0.0
27658,0.0
27659,0.0
27660,0.0
27661,0.0
27662,0.0
27663,0.0
27664,0.0
27665,0.0
27666,0.0
27667,0.0
27668,0.0
27669,0.0
27670,0.0
27671,0.0
27672,0.0
27673,0.0
27674,0.0
27675,0.0
27676,0.0
27677,0.0
27678,0.0
27679,0.0
27680,0.0
27681,0.0
27682,0.0
27683,0.0
27684,0.0
27685,0.0
27686,0.0
27687,0.0
27688,0.0
27689,0.0
27690,0.0
27691,0.0
27692,0.0
27693,0.0
27694,0.0
27695,0.0
27696,0.0
27697,0.0
27698,0.0
27699,0.0
27700,0.0
27701,0.0
27702,0.0
27703,0.0
27704,0.0
27705,0.0
27706,0.0
27707,0.0
27708,0.0
27709,0.0
27710,0.0
27711,0.0
27712,0.0
27713,0.0
27714,0.0
27715,0.0
27716,0.0
27717,0.0
27718,0.0
27719,0.0
27720,0.0
27721,0.0
27722,0.0
27723,0.0
27724,0.0
27725,0.0
27726,0.0
27727,0.0
27728,0.0
27729,0.0
27730,0.0
27731,0.0
27732,0.0
27733,0.0
27734,0.0
27735,0.0
27736,0.0
27737,0.0
27738,0.0
27739,0.0
27740,0.0
27741,0.0
27742,0.0
27743,0.0
27744,0.0
27745,0.0
27746,0.0
27747,0.0
27748,0.0
27749,0.0
27750,0.0
27751,6080.09263954416
27752,6080.09263954416
27753,6080.09263954416
27754,6080.09263954416
27755,6080.09263954416
27756,6080.09263954416
27757,6080.09263954416
27758,6080.09263954416
27759,6080.09263954416
27760,6080.09263954416
27761,6080.09263954416
27762,6080.09263954416
27763,6080.09263954416
27764,6080.09263954416
27765,6080.09263954416
27766,6080.09263954416
27767,6080.09263954416
27768,6080.09263954416
27769,6080.09263954416
27770,6080.09263954416
27771,6080.09263954416
27772,6080.09263954416
27773,6080.09263954416
27774,6080.09263954416
27775,6080.09263954416
27776,6080.09263954416
27777,6080.09263954416
27778,6080.09263954416
27779,6080.09263954416
27780,6080.09263954416
27781,6080.09263954416
27782,6080.09263954416
27783,6080.09263954416
27784,6080.09263954416
27785,6080.09263954416
27786,6080.09263954416
27787,6080.09263954416
27788,6080.09263954416
27789,6080.09263954416
27790,6080.09263954416
27791,6080.09263954416
27792,6080.09263954416
27793,6080.09263954416
27794,6080.09263954416
27795,6080.09263954416
27796,6080.09263954416
27797,6080.09263954416
27798,6080.09263954416
27799,6080.09263954416
27800,6080.09263954416
27801,6080.09263954416
27802,6080.09263954416
27803,6080.09263954416
27804,6080.09263954416
27805,6080.09263954416
27806,6080.09263954416
27807,6080.09263954416
27808,6080.09263954416
27809,6080.09263954416
27810,6080.09263954416
27811,6080.09263954416
27812,6080.09263954416
27813,6080.09263954416
27814,6080.09263954416
27815,6080.09263954416
27816,6080.09263954416
27817,6080.09263954416
27818,6080.09263954416
27819,6080.09263954416
27820,6080.09263954416
27821,6080.09263954416
27822,6080.09263954416
27823,6080.09263954416
27824,6080.09263954416
27825,6080.09263954416
27826,6080.09263954416
27827,6080.09263954416
27828,6080.09263954416
27829,6080.09263954416
27830,6080.09263954416
27831,6080.09263954416
27832,6080.09263954416
27833,6080.09263954416
27834,6080.09263954416
27835,6080.09263954416
27836,6080.09263954416
27837,6080.09263954416
27838,6080.09263954416
27839,6080.09263954416
27840,6080.09263954416
27841,6080.09263954416
27842,6080.09263954416
27843,6080.09263954416
27844,6080.09263954416
27845,6080.09263954416
27846,6080.09263954416
27847,6080.09263954416
27848,6080.09263954416
27849,6080.09263954416
27850,6080.09263954416
27851,6080.09263954416
27852,6080.09263954416
27853,6080.09263954416
27854,6080.09263954416
27855,6080.09263954416
27856,6080.09263954416
27857,6080.09263954416
27858,6080.09263954416
27859,6080.09263954416
27860,6080.09263954416
27861,6080.09263954416
27862,6080.09263954416
27863,6080.09263954416
27864,6080.09263954416
27865,6080.09263954416
27866,6080.09263954416
27867,6080.09263954416
27868,6080.09263954416
27869,6080.09263954416
27870,6080.09263954416
27871,6080.09263954416
27872,6080.09263954416
27873,6080.09263954416
27874,6080.09263954416
27875,6080.09263954416
27876,6080.09263954416
27877,6080.09263954416
27878,6080.09263954416
27879,6080.09263954416
27880,6080.09263954416
27881,6080.09263954416
27882,6080.09263954416
27883,6080.09263954416
27884,6080.09263954416
27885,6080.09263954416
27886,6080.09263954416
27887,6080.09263954416
27888,6080.09263954416
27889,6080.09263954416
27890,6080.09263954416
27891,6080.09263954416
27892,6080.09263954416
27893,6080.09263954416
27894,6080.09263954416
27895,6080.09263954416
27896,6080.09263954416
27897,6080.09263954416
27898,6080.09263954416
27899,6080.09263954416
27900,6080.09263954416
27901,15068.52623999596
27902,15068.52623999596
27903,15068.52623999596
27904,15068.52623999596
27905,15068.52623999596
27906,15068.52623999596
27907,15068.52623999596
27908,15068.52623999596
27909,15068.52623999596
27910,15068.52623999596
27911,15068.52623999596
27912,15068.52623999596
27913,15068.52623999596
27914,15068.52623999596
27915,15068.52623999596
27916,15068.52623999596
27917,15068.52623999596
27918,15068.52623999596
27919,15068.52623999596
27920,15068.52623999596
27921,15068.52623999596
27922,15068.52623999596
27923,15068.52623999596
27924,15068.52623999596
27925,15068.52623999596
27926,15068.52623999596
27927,15068.52623999596
27928,15068.52623999596
27929,15068.52623999596
27930,15068.52623999596
27931,15068.52623999596
27932,15068.52623999596
27933,15068.52623999596
27934,15068.52623999596
27935,15068.52623999596
27936,15068.52623999596
27937,15068.52623999596
27938,15068.52623999596
27939,15068.52623999596
27940,15068.52623999596
27941,15068.52623999596
27942,15068.52623999596
27943,15068.52623999596
27944,15068.52623999596
27945,15068.52623999596
27946,15068.52623999596
27947,15068.52623999596
27948,15068.52623999596
27949,15068.52623999596
27950,15068.52623999596
27951,15068.52623999596
27952,15068.52623999596
27953,15068.52623999596
27954,15068.52623999596
27955,15068.52623999596
27956,15068.52623999596
27957,15068.52623999596
27958,15068.52623999596
27959,15068.52623999596
27960,15068.52623999596
27961,15068.52623999596
27962,15068.52623999596
27963,15068.52623999596
27964,15068.52623999596
27965,15068.52623999596
27966,15068.52623999596
27967,15068.52623999596
27968,15068.52623999596
27969,15068.52623999596
27970,15068.52623999596
27971,15068.52623999596
27972,15068.52623999596
27973,15068.52623999596
27974,15068.52623999596
27975,15068.52623999596
27976,15068.52623999596
27977,15068.52623999596
27978,15068.52623999596
27979,15068.52623999596
27980,15068.52623999596
27981,15068.52623999596
27982,15068.52623999596
27983,15068.52623999596
27984,15068.52623999596
27985,15068.52623999596
27986,15068.52623999596
27987,15068.52623999596
27988,15068.52623999596
27989,15068.52623999596
27990,15068.52623999596
27991,15068.52623999596
27992,15068.52623999596
27993,15068.52623999596
27994,15068.52623999596
27995,15068.52623999596
27996,15068.52623999596
27997,15068.52623999596
27998,15068.52623999596
27999,15068.52623999596
28000,15068.52623999596
28001,15068.52623999596
28002,15068.52623999596
28003,15068.52623999596
28004,15068.52623999596
28005,15068.52623999596
28006,15068.52623999596
28007,15068.52623999596
28008,15068.52623999596
28009,15068.52623999596
28010,15068.52623999596
28011,15068.52623999596
28012,15068.52623999596
28013,15068.52623999596
28014,15068.52623999596
28015,15068.52623999596
28016,15068.52623999596
28017,15068.52623999596
28018,15068.52623999596
28019,15068.52623999596
28020,15068.52623999596
28021,15068.52623999596
28022,15068.52623999596
28023,15068.52623999596
28024,15068.52623999596
28025,15068.52623999596
28026,15068.52623999596
28027,15068.52623999596
28028,15068.52623999596
28029,15068.52623999596
28030,15068.52623999596
28031,15068.52623999596
28032,15068.52623999596
28033,15068.52623999596
28034,15068.52623999596
28035,15068.52623999596
28036,15068.52623999596
28037,15068.52623999596
28038,15068.52623999596
28039,15068.52623999596
28040,15068.52623999596
28041,15068.52623999596
28042,15068.52623999596
28043,15068.52623999596
28044,15068.52623999596
28045,15068.52623999596
28046,15068.52623999596
28047,15068.52623999596
28048,15068.52623999596
28049,15068.52623999596
28050,15068.52623999596
28051,0.0
28052,0.0
28053,0.0
28054,0.0
28055,0.0
28056,0.0
28057,0.0
28058,0.0
28059,0.0
28060,0.0
28061,0.0
28062,0.0
28063,0.0
28064,0.0
28065,0.0
28066,0.0
28067,0.0
28068,0.0
28069,0.0
28070,0.0
28071,0.0
28072,0.0
28073,0.0
28074,0.0
28075,0.0
28076,0.0
28077,0.0
28078,0.0
28079,0.0
28080,0.0
28081,0.0
28082,0.0
28083,0.0
28084,0.0
28085,0.0
28086,0.0
28087,0.0
28088,0.0
28089,0.0
28090,0.0
28091,0.0
28092,0.0
28093,0.0
28094,0.0
28095,0.0
28096,0.0
28097,0.0
28098,0.0
28099,0.0
28100,0.0
28101,0.0
28102,0.0
28103,0.0
28104,0.0
28105,0.0
28106,0.0
28107,0.0
28108,0.0
28109,0.0
28110,0.0
28111,0.0
28112,0.0
28113,0.0
28114,0.0
28115,0.0
28116,0.0
28117,0.0
28118,0.0
28119,0.0
28120,0.0
28121,0.0
28122,0.0
28123,0.0
28124,0.0
28125,0.0
28126,0.0
28127,0.0
28128,0.0
28129,0.0
28130,0.0
28131,0.0
28132,0.0
28133,0.0
28134,0.0
28135,0.0
28136,0.0
28137,0.0
28138,0.0
28139,0.0
28140,0.0
28141,0.0
28142,0.0
28143,0.0
28144,0.0
28145,0.0
28146,0.0
28147,0.0
28148,0.0
28149,0.0
28150,0.0
28151,0.0
28152,0.0
28153,0.0
28154,0.0
28155,0.0
28156,0.0
28157,0.0
28158,0.0
28159,0.0
28160,0.0
28161,0.0
28162,0.0
28163,0.0
28164,0.0
28165,0.0
28166,0.0
28167,0.0
28168,0.0
28169,0.0
28170,0.0
28171,0.0
28172,0.0
28173,0.0
28174,0.0
28175,0.0
28176,0.0
28177,0.0
28178,0.0
28179,0.0
28180,0.0
28181,0.0
28182,0.0
28183,0.0
28184,0.0
28185,0.0
28186,0.0
28187,0.0
28188,0.0
28189,0.0
28190,0.0
28191,0.0
28192,0.0
28193,0.0
28194,0.0
28195,0.0
28196,0.0
28197,0.0
28198,0.0
28199,0.0
28200,0.0
28201,2911.859990186693
28202,2911.859990186693
28203,2911.859990186693
28204,2911.859990186693
28205,2911.859990186693
28206,2911.859990186693
28207,2911.859990186693
28208,2911.859990186693
28209,2911.859990186693
28210,2911.859990186693
28211,2911.859990186693
28212,2911.859990186693
28213,2911.859990186693
28214,2911.859990186693
28215,2911.859990186693
28216,2911.859990186693
28217,2911.859990186693
28218,2911.859990186693
28219,2911.859990186693
28220,2911.859990186693
28221,2911.859990186693
28222,2911.859990186693
28223,2911.859990186693
28224,2911.859990186693
28225,2911.859990186693
28226,2911.859990186693
28227,2911.859990186693
28228,2911.859990186693
28229,2911.859990186693
28230,2911.859990186693
28231,2911.859990186693
28232,2911.859990186693
28233,2911.859990186693
28234,2911.859990186693
28235,2911.859990186693
28236,2911.859990186693
28237,2911.859990186693
28238,2911.859990186693
28239,2911.859990186693
28240,2911.859990186693
28241,2911.859990186693
28242,2911.859990186693
28243,2911.859990186693
28244,2911.859990186693
28245,2911.859990186693
28246,2911.859990186693
28247,2911.859990186693
28248,2911.859990186693
28249,2911.859990186693
28250,2911.859990186693
28251,2911.859990186693
28252,2911.859990186693
28253,2911.859990186693
28254,2911.859990186693
28255,2911.859990186693
28256,2911.859990186693
28257,2911.859990186693
28258,2911.859990186693
28259,2911.859990186693
28260,2911.859990186693
28261,2911.859990186693
28262,2911.859990186693
28263,2911.859990186693
28264,2911.859990186693
28265,2911.859990186693
28266,2911.859990186693
28267,2911.859990186693
28268,2911.859990186693
28269,2911.859990186693
28270,2911.859990186693
28271,2911.859990186693
28272,2911.859990186693
28273,2911.859990186693
28274,2911.859990186693
28275,2911.859990186693
28276,2911.859990186693
28277,2911.859990186693
28278,2911.859990186693
28279,2911.859990186693
28280,2911.859990186693
28281,2911.859990186693
28282,2911.859990186693
28283,2911.859990186693
28284,2911.859990186693
28285,2911.859990186693
28286,2911.859990186693
28287,2911.859990186693
28288,2911.859990186693
28289,2911.859990186693
28290,2911.859990186693
28291,2911.859990186693
28292,2911.859990186693
28293,2911.859990186693
28294,2911.859990186693
28295,2911.859990186693
28296,2911.859990186693
28297,2911.859990186693
28298,2911.859990186693
28299,2911.859990186693
28300,2911.859990186693
28301,2911.859990186693
28302,2911.859990186693
28303,2911.859990186693
28304,2911.859990186693
28305,2911.859990186693
28306,2911.859990186693
28307,2911.859990186693
28308,2911.859990186693
28309,2911.859990186693
28310,2911.859990186693
28311,2911.859990186693
28312,2911.859990186693
28313,2911.859990186693
28314,2911.859990186693
28315,2911.859990186693
28316,2911.859990186693
28317,2911.859990186693
28318,2911.859990186693
28319,2911.859990186693
28320,2911.859990186693
28321,2911.859990186693
28322,2911.859990186693
28323,2911.859990186693
28324,2911.859990186693
28325,2911.859990186693
28326,2911.859990186693
28327,2911.859990186693
28328,2911.859990186693
28329,2911.859990186693
28330,2911.859990186693
28331,2911.859990186693
28332,2911.859990186693
28333,2911.859990186693
28334,2911.859990186693
28335,2911.859990186693
28336,2911.859990186693
28337,2911.859990186693
28338,2911.859990186693
28339,2911.859990186693
28340,2911.859990186693
28341,2911.859990186693
28342,2911.859990186693
28343,2911.859990186693
28344,2911.859990186693
28345,2911.859990186693
28346,2911.859990186693
28347,2911.859990186693
28348,2911.859990186693
28349,2911.859990186693
28350,2911.859990186693
28351,97842.03766899733
28352,97842.03766899733
28353,97842.03766899733
28354,97842.03766899733
28355,97842.03766899733
28356,97842.03766899733
28357,97842.03766899733
28358,97842.03766899733
28359,97842.03766899733
28360,97842.03766899733
28361,97842.03766899733
28362,97842.03766899733
28363,97842.03766899733
28364,97842.03766899733
28365,97842.03766899733
28366,97842.03766899733
28367,97842.03766899733
28368,97842.03766899733
28369,97842.03766899733
28370,97842.03766899733
28371,97842.03766899733
28372,97842.03766899733
28373,97842.03766899733
28374,97842.03766899733
28375,97842.03766899733
28376,97842.03766899733
28377,97842.03766899733
28378,97842.03766899733
28379,97842.03766899733
28380,97842.03766899733
28381,97842.03766899733
28382,97842.03766899733
28383,97842.03766899733
28384,97842.03766899733
28385,97842.03766899733
28386,97842.03766899733
28387,97842.03766899733
28388,97842.03766899733
28389,97842.03766899733
28390,97842.03766899733
28391,97842.03766899733
28392,97842.03766899733
28393,97842.03766899733
28394,97842.03766899733
28395,97842.03766899733
28396,97842.03766899733
28397,97842.03766899733
28398,97842.03766899733
28399,97842.03766899733
28400,97842.03766899733
28401,97842.03766899733
28402,97842.03766899733
28403,97842.03766899733
28404,97842.03766899733
28405,97842.03766899733
28406,97842.03766899733
28407,97842.03766899733
28408,97842.03766899733
28409,97842.03766899733
28410,97842.03766899733
28411,97842.03766899733
28412,97842.03766899733
28413,97842.03766899733
28414,97842.03766899733
28415,97842.03766899733
28416,97842.03766899733
28417,97842.03766899733
28418,97842.03766899733
28419,97842.03766899733
28420,97842.03766899733
28421,97842.03766899733
28422,97842.03766899733
28423,97842.03766899733
28424,97842.03766899733
28425,97842.03766899733
28426,97842.03766899733
28427,97842.03766899733
28428,97842.03766899733
28429,97842.03766899733
28430,97842.03766899733
28431,97842.03766899733
28432,97842.03766899733
28433,97842.03766899733
28434,97842.03766899733
28435,97842.03766899733
28436,97842.03766899733
28437,97842.03766899733
28438,97842.03766899733
28439,97842.03766899733
28440,97842.03766899733
28441,97842.03766899733
28442,97842.03766899733
28443,97842.03766899733
28444,97842.03766899733
28445,97842.03766899733
28446,97842.03766899733
28447,97842.03766899733
28448,97842.03766899733
28449,97842.03766899733
28450,97842.03766899733
28451,97842.03766899733
28452,97842.03766899733
28453,97842.03766899733
28454,97842.03766899733
28455,97842.03766899733
28456,97842.03766899733
28457,97842.03766899733
28458,97842.03766899733
28459,97842.03766899733
28460,97842.03766899733
28461,97842.03766899733
28462,97842.03766899733
28463,97842.03766899733
28464,97842.03766899733
28465,97842.03766899733
28466,97842.03766899733
28467,97842.03766899733
28468,97842.03766899733
28469,97842.03766899733
28470,97842.03766899733
28471,97842.03766899733
28472,97842.03766899733
28473,97842.03766899733
28474,97842.03766899733
28475,97842.03766899733
28476,97842.03766899733
28477,97842.03766899733
28478,97842.03766899733
28479,97842.03766899733
28480,97842.03766899733
28481,97842.03766899733
28482,97842.03766899733
28483,97842.03766899733
28484,97842.03766899733
28485,97842.03766899733
28486,97842.03766899733
28487,97842.03766899733
28488,97842.03766899733
28489,97842.03766899733
28490,97842.03766899733
28491,97842.03766899733
28492,97842.03766899733
28493,97842.03766899733
28494,97842.03766899733
28495,97842.03766899733
28496,97842.03766899733
28497,97842.03766899733
28498,97842.03766899733
28499,97842.03766899733
28500,97842.03766899733
28501,50417.02628873879
28502,50417.02628873879
28503,50417.02628873879
28504,50417.02628873879
28505,50417.02628873879
28506,50417.02628873879
28507,50417.02628873879
28508,50417.02628873879
28509,50417.02628873879
28510,50417.02628873879
28511,50417.02628873879
28512,50417.02628873879
28513,50417.02628873879
28514,50417.02628873879
28515,50417.02628873879
28516,50417.02628873879
28517,50417.02628873879
28518,50417.02628873879
28519,50417.02628873879
28520,50417.02628873879
28521,50417.02628873879
28522,50417.02628873879
28523,50417.02628873879
28524,50417.02628873879
28525,50417.02628873879
28526,50417.02628873879
28527,50417.02628873879
28528,50417.02628873879
28529,50417.02628873879
28530,50417.02628873879
28531,50417.02628873879
28532,50417.02628873879
28533,50417.02628873879
28534,50417.02628873879
28535,50417.02628873879
28536,50417.02628873879
28537,50417.02628873879
28538,50417.02628873879
28539,50417.02628873879
28540,50417.02628873879
28541,50417.02628873879
28542,50417.02628873879
28543,50417.02628873879
28544,50417.02628873879
28545,50417.02628873879
28546,50417.02628873879
28547,50417.02628873879
28548,50417.02628873879
28549,50417.02628873879
28550,50417.02628873879
28551,50417.02628873879
28552,50417.02628873879
28553,50417.02628873879
28554,50417.02628873879
28555,50417.02628873879
28556,50417.02628873879
28557,50417.02628873879
28558,50417.02628873879
28559,50417.02628873879
28560,50417.02628873879
28561,50417.02628873879
28562,50417.02628873879
28563,50417.02628873879
28564,50417.02628873879
28565,50417.02628873879
28566,50417.02628873879
28567,50417.02628873879
28568,50417.02628873879
28569,50417.02628873879
28570,50417.02628873879
28571,50417.02628873879
28572,50417.02628873879
28573,50417.02628873879
28574,50417.02628873879
28575,50417.02628873879
28576,50417.02628873879
28577,50417.02628873879
28578,50417.02628873879
28579,50417.02628873879
28580,50417.02628873879
28581,50417.02628873879
28582,50417.02628873879
28583,50417.02628873879
28584,50417.02628873879
28585,50417.02628873879
28586,50417.02628873879
28587,50417.02628873879
28588,50417.02628873879
28589,50417.02628873879
28590,50417.02628873879
28591,50417.02628873879
28592,50417.02628873879
28593,50417.02628873879
28594,50417.02628873879
28595,50417.02628873879
28596,50417.02628873879
28597,50417.02628873879
28598,50417.02628873879
28599,50417.02628873879
28600,50417.02628873879
28601,50417.02628873879
28602,50417.02628873879
28603,50417.02628873879
28604,50417.02628873879
28605,50417.02628873879
28606,50417.02628873879
28607,50417.02628873879
28608,50417.02628873879
28609,50417.02628873879
28610,50417.02628873879
28611,50417.02628873879
28612,50417.02628873879
28613,50417.02628873879
28614,50417.02628873879
28615,50417.02628873879
28616,50417.02628873879
28617,50417.02628873879
28618,50417.02628873879
28619,50417.02628873879
28620,50417.02628873879
28621,50417.02628873879
28622,50417.02628873879
28623,50417.02628873879
28624,50417.02628873879
28625,50417.02628873879
28626,50417.02628873879
28627,50417.02628873879
28628,50417.02628873879
28629,50417.02628873879
28630,50417.02628873879
28631,50417.02628873879
28632,50417.02628873879
28633,50417.02628873879
28634,50417.02628873879
28635,50417.02628873879
28636,50417.02628873879
28637,50417.02628873879
28638,50417.02628873879
28639,50417.02628873879
28640,50417.02628873879
28641,50417.02628873879
28642,50417.02628873879
28643,50417.02628873879
28644,50417.02628873879
28645,50417.02628873879
28646,50417.02628873879
28647,50417.02628873879
28648,50417.02628873879
28649,50417.02628873879
28650,50417.02628873879
28651,37942.373348841866
28652,37942.373348841866
28653,37942.373348841866
28654,37942.373348841866
28655,37942.373348841866
28656,37942.373348841866
28657,37942.373348841866
28658,37942.373348841866
28659,37942.373348841866
28660,37942.373348841866
28661,37942.373348841866
28662,37942.373348841866
28663,37942.373348841866
28664,37942.373348841866
28665,37942.373348841866
28666,37942.373348841866
28667,37942.373348841866
28668,37942.373348841866
28669,37942.373348841866
28670,37942.373348841866
28671,37942.373348841866
28672,37942.373348841866
28673,37942.373348841866
28674,37942.373348841866
28675,37942.373348841866
28676,37942.373348841866
28677,37942.373348841866
28678,37942.373348841866
28679,37942.373348841866
28680,37942.373348841866
28681,37942.373348841866
28682,37942.373348841866
28683,37942.373348841866
28684,37942.373348841866
28685,37942.373348841866
28686,37942.373348841866
28687,37942.373348841866
28688,37942.373348841866
28689,37942.373348841866
28690,37942.373348841866
28691,37942.373348841866
28692,37942.373348841866
28693,37942.373348841866
28694,37942.373348841866
28695,37942.373348841866
28696,37942.373348841866
28697,37942.373348841866
28698,37942.373348841866
28699,37942.373348841866
28700,37942.373348841866
28701,37942.373348841866
28702,37942.373348841866
28703,37942.373348841866
28704,37942.373348841866
28705,37942.373348841866
28706,37942.373348841866
28707,37942.373348841866
28708,37942.373348841866
28709,37942.373348841866
28710,37942.373348841866
28711,37942.373348841866
28712,37942.373348841866
28713,37942.373348841866
28714,37942.373348841866
28715,37942.373348841866
28716,37942.373348841866
28717,37942.373348841866
28718,37942.373348841866
28719,37942.373348841866
28720,37942.373348841866
28721,37942.373348841866
28722,37942.373348841866
28723,37942.373348841866
28724,37942.373348841866
28725,37942.373348841866
28726,37942.373348841866
28727,37942.373348841866
28728,37942.373348841866
28729,37942.373348841866
28730,37942.373348841866
28731,37942.373348841866
28732,37942.373348841866
28733,37942.373348841866
28734,37942.373348841866
28735,37942.373348841866
28736,37942.373348841866
28737,37942.373348841866
28738,37942.373348841866
28739,37942.373348841866
28740,37942.373348841866
28741,37942.373348841866
28742,37942.373348841866
28743,37942.373348841866
28744,37942.373348841866
28745,37942.373348841866
28746,37942.373348841866
28747,37942.373348841866
28748,37942.373348841866
28749,37942.373348841866
28750,37942.373348841866
28751,37942.373348841866
28752,37942.373348841866
28753,37942.373348841866
28754,37942.373348841866
28755,37942.373348841866
28756,37942.373348841866
28757,37942.373348841866
28758,37942.373348841866
28759,37942.373348841866
28760,37942.373348841866
28761,37942.373348841866
28762,37942.373348841866
28763,37942.373348841866
28764,37942.373348841866
28765,37942.373348841866
28766,37942.373348841866
28767,37942.373348841866
28768,37942.373348841866
28769,37942.373348841866
28770,37942.373348841866
28771,37942.373348841866
28772,37942.373348841866
28773,37942.373348841866
28774,37942.373348841866
28775,37942.373348841866
28776,37942.373348841866
28777,37942.373348841866
28778,37942.373348841866
28779,37942.373348841866
28780,37942.373348841866
28781,37942.373348841866
28782,37942.373348841866
28783,37942.373348841866
28784,37942.373348841866
28785,37942.373348841866
28786,37942.373348841866
28787,37942.373348841866
28788,37942.373348841866
28789,37942.373348841866
28790,37942.373348841866
28791,37942.373348841866
28792,37942.373348841866
28793,37942.373348841866
28794,37942.373348841866
28795,37942.373348841866
28796,37942.373348841866
28797,37942.373348841866
28798,37942.373348841866
28799,37942.373348841866
28800,37942.373348841866
28801,5140.4016677649515
28802,5140.4016677649515
28803,5140.4016677649515
28804,5140.4016677649515
28805,5140.4016677649515
28806,5140.4016677649515
28807,5140.4016677649515
28808,5140.4016677649515
28809,5140.4016677649515
28810,5140.4016677649515
28811,5140.4016677649515
28812,5140.4016677649515
28813,5140.4016677649515
28814,5140.4016677649515
28815,5140.4016677649515
28816,5140.4016677649515
28817,5140.4016677649515
28818,5140.4016677649515
28819,5140.4016677649515
28820,5140.4016677649515
28821,5140.4016677649515
28822,5140.4016677649515
28823,5140.4016677649515
28824,5140.4016677649515
28825,5140.4016677649515
28826,5140.4016677649515
28827,5140.4016677649515
28828,5140.4016677649515
28829,5140.4016677649515
28830,5140.4016677649515
28831,5140.4016677649515
28832,5140.4016677649515
28833,5140.4016677649515
28834,5140.4016677649515
28835,5140.4016677649515
28836,5140.4016677649515
28837,5140.4016677649515
28838,5140.4016677649515
28839,5140.4016677649515
28840,5140.4016677649515
28841,5140.4016677649515
28842,5140.4016677649515
28843,5140.4016677649515
28844,5140.4016677649515
28845,5140.4016677649515
28846,5140.4016677649515
28847,5140.4016677649515
28848,5140.4016677649515
28849,5140.4016677649515
28850,5140.4016677649515
28851,5140.4016677649515
28852,5140.4016677649515
28853,5140.4016677649515
28854,5140.4016677649515
28855,5140.4016677649515
28856,5140.4016677649515
28857,5140.4016677649515
28858,5140.4016677649515
28859,5140.4016677649515
28860,5140.4016677649515
28861,5140.4016677649515
28862,5140.4016677649515
28863,5140.4016677649515
28864,5140.4016677649515
28865,5140.4016677649515
28866,5140.4016677649515
28867,5140.4016677649515
28868,5140.4016677649515
28869,5140.4016677649515
28870,5140.4016677649515
28871,5140.4016677649515
28872,5140.4016677649515
28873,5140.4016677649515
28874,5140.4016677649515
28875,5140.4016677649515
28876,5140.4016677649515
28877,5140.4016677649515
28878,5140.4016677649515
28879,5140.4016677649515
28880,5140.4016677649515
28881,5140.4016677649515
28882,5140.4016677649515
28883,5140.4016677649515
28884,5140.4016677649515
28885,5140.4016677649515
28886,5140.4016677649515
28887,5140.4016677649515
28888,5140.4016677649515
28889,5140.4016677649515
28890,5140.4016677649515
28891,5140.4016677649515
28892,5140.4016677649515
28893,5140.4016677649515
28894,5140.4016677649515
28895,5140.4016677649515
28896,5140.4016677649515
28897,5140.4016677649515
28898,5140.4016677649515
28899,5140.4016677649515
28900,5140.4016677649515
28901,5140.4016677649515
28902,5140.4016677649515
28903,5140.4016677649515
28904,5140.4016677649515
28905,5140.4016677649515
28906,5140.4016677649515
28907,5140.4016677649515
28908,5140.4016677649515
28909,5140.4016677649515
28910,5140.4016677649515
28911,5140.4016677649515
28912,5140.4016677649515
28913,5140.4016677649515
28914,5140.4016677649515
28915,5140.4016677649515
28916,5140.4016677649515
28917,5140.4016677649515
28918,5140.4016677649515
28919,5140.4016677649515
28920,5140.4016677649515
28921,5140.4016677649515
28922,5140.4016677649515
28923,5140.4016677649515
28924,5140.4016677649515
28925,5140.4016677649515
28926,5140.4016677649515
28927,5140.4016677649515
28928,5140.4016677649515
28929,5140.4016677649515
28930,5140.4016677649515
28931,5140.4016677649515
28932,5140.4016677649515
28933,5140.4016677649515
28934,5140.4016677649515
28935,5140.4016677649515
28936,5140.4016677649515
28937,5140.4016677649515
28938,5140.4016677649515
28939,5140.4016677649515
28940,5140.4016677649515
28941,5140.4016677649515
28942,5140.4016677649515
28943,5140.4016677649515
28944,5140.4016677649515
28945,5140.4016677649515
28946,5140.4016677649515
28947,5140.4016677649515
28948,5140.4016677649515
28949,5140.4016677649515
28950,5140.4016677649515
28951,1636.3463371490157
28952,1636.3463371490157
28953,1636.3463371490157
28954,1636.3463371490157
28955,1636.3463371490157
28956,1636.3463371490157
28957,1636.3463371490157
28958,1636.3463371490157
28959,1636.3463371490157
28960,1636.3463371490157
28961,1636.3463371490157
28962,1636.3463371490157
28963,1636.3463371490157
28964,1636.3463371490157
28965,1636.3463371490157
28966,1636.3463371490157
28967,1636.3463371490157
28968,1636.3463371490157
28969,1636.3463371490157
28970,1636.3463371490157
28971,1636.3463371490157
28972,1636.3463371490157
28973,1636.3463371490157
28974,1636.3463371490157
28975,1636.3463371490157
28976,1636.3463371490157
28977,1636.3463371490157
28978,1636.3463371490157
28979,1636.3463371490157
28980,1636.3463371490157
28981,1636.3463371490157
28982,1636.3463371490157
28983,1636.3463371490157
28984,1636.3463371490157
28985,1636.3463371490157
28986,1636.3463371490157
28987,1636.3463371490157
28988,1636.3463371490157
28989,1636.3463371490157
28990,1636.3463371490157
28991,1636.3463371490157
28992,1636.3463371490157
28993,1636.3463371490157
28994,1636.3463371490157
28995,1636.3463371490157
28996,1636.3463371490157
28997,1636.3463371490157
28998,1636.3463371490157
28999,1636.3463371490157
29000,1636.3463371490157
29001,1636.3463371490157
29002,1636.3463371490157
29003,1636.3463371490157
29004,1636.3463371490157
29005,1636.3463371490157
29006,1636.3463371490157
29007,1636.3463371490157
29008,1636.3463371490157
29009,1636.3463371490157
29010,1636.3463371490157
29011,1636.3463371490157
29012,1636.3463371490157
29013,1636.3463371490157
29014,1636.3463371490157
29015,1636.3463371490157
29016,1636.3463371490157
29017,1636.3463371490157
29018,1636.3463371490157
29019,1636.3463371490157
29020,1636.3463371490157
29021,1636.3463371490157
29022,1636.3463371490157
29023,1636.3463371490157
29024,1636.3463371490157
29025,1636.3463371490157
29026,1636.3463371490157
29027,1636.3463371490157
29028,1636.3463371490157
29029,1636.3463371490157
29030,1636.3463371490157
29031,1636.3463371490157
29032,1636.3463371490157
29033,1636.3463371490157
29034,1636.3463371490157
29035,1636.3463371490157
29036,1636.3463371490157
29037,1636.3463371490157
29038,1636.3463371490157
29039,1636.3463371490157
29040,1636.3463371490157
29041,1636.3463371490157
29042,1636.3463371490157
29043,1636.3463371490157
29044,1636.3463371490157
29045,1636.3463371490157
29046,1636.3463371490157
29047,1636.3463371490157
29048,1636.3463371490157
29049,1636.3463371490157
29050,1636.3463371490157
29051,1636.3463371490157
29052,1636.3463371490157
29053,1636.3463371490157
29054,1636.3463371490157
29055,1636.3463371490157
29056,1636.3463371490157
29057,1636.3463371490157
29058,1636.3463371490157
29059,1636.3463371490157
29060,1636.3463371490157
29061,1636.3463371490157
29062,1636.3463371490157
29063,1636.3463371490157
29064,1636.3463371490157
29065,1636.3463371490157
29066,1636.3463371490157
29067,1636.3463371490157
29068,1636.3463371490157
29069,1636.3463371490157
29070,1636.3463371490157
29071,1636.3463371490157
29072,1636.3463371490157
29073,1636.3463371490157
29074,1636.3463371490157
29075,1636.3463371490157
29076,1636.3463371490157
29077,1636.3463371490157
29078,1636.3463371490157
29079,1636.3463371490157
29080,1636.3463371490157
29081,1636.3463371490157
29082,1636.3463371490157
29083,1636.3463371490157
29084,1636.3463371490157
29085,1636.3463371490157
29086,1636.3463371490157
29087,1636.3463371490157
29088,1636.3463371490157
29089,1636.3463371490157
29090,1636.3463371490157
29091,1636.3463371490157
29092,1636.3463371490157
29093,1636.3463371490157
29094,1636.3463371490157
29095,1636.3463371490157
29096,1636.3463371490157
29097,1636.3463371490157
29098,1636.3463371490157
29099,1636.3463371490157
29100,1636.3463371490157
29101,11114.556454166486
29102,11114.556454166486
29103,11114.556454166486
29104,11114.556454166486
29105,11114.556454166486
29106,11114.556454166486
29107,11114.556454166486
29108,11114.556454166486
29109,11114.556454166486
29110,11114.556454166486
29111,11114.556454166486
29112,11114.556454166486
29113,11114.556454166486
29114,11114.556454166486
29115,11114.556454166486
29116,11114.556454166486
29117,11114.556454166486
29118,11114.556454166486
29119,11114.556454166486
29120,11114.556454166486
29121,11114.556454166486
29122,11114.556454166486
29123,11114.556454166486
29124,11114.556454166486
29125,11114.556454166486
29126,11114.556454166486
29127,11114.556454166486
29128,11114.556454166486
29129,11114.556454166486
29130,11114.556454166486
29131,11114.556454166486
29132,11114.556454166486
29133,11114.556454166486
29134,11114.556454166486
29135,11114.556454166486
29136,11114.556454166486
29137,11114.556454166486
29138,11114.556454166486
29139,11114.556454166486
29140,11114.556454166486
29141,11114.556454166486
29142,11114.556454166486
29143,11114.556454166486
29144,11114.556454166486
29145,11114.556454166486
29146,11114.556454166486
29147,11114.556454166486
29148,11114.556454166486
29149,11114.556454166486
29150,11114.556454166486
29151,11114.556454166486
29152,11114.556454166486
29153,11114.556454166486
29154,11114.556454166486
29155,11114.556454166486
29156,11114.556454166486
29157,11114.556454166486
29158,11114.556454166486
29159,11114.556454166486
29160,11114.556454166486
29161,11114.556454166486
29162,11114.556454166486
29163,11114.556454166486
29164,11114.556454166486
29165,11114.556454166486
29166,11114.556454166486
29167,11114.556454166486
29168,11114.556454166486
29169,11114.556454166486
29170,11114.556454166486
29171,11114.556454166486
29172,11114.556454166486
29173,11114.556454166486
29174,11114.556454166486
29175,11114.556454166486
29176,11114.556454166486
29177,11114.556454166486
29178,11114.556454166486
29179,11114.556454166486
29180,11114.556454166486
29181,11114.556454166486
29182,11114.556454166486
29183,11114.556454166486
29184,11114.556454166486
29185,11114.556454166486
29186,11114.556454166486
29187,11114.556454166486
29188,11114.556454166486
29189,11114.556454166486
29190,11114.556454166486
29191,11114.556454166486
29192,11114.556454166486
29193,11114.556454166486
29194,11114.556454166486
29195,11114.556454166486
29196,11114.556454166486
29197,11114.556454166486
29198,11114.556454166486
29199,11114.556454166486
29200,11114.556454166486
29201,11114.556454166486
29202,11114.556454166486
29203,11114.556454166486
29204,11114.556454166486
29205,11114.556454166486
29206,11114.556454166486
29207,11114.556454166486
29208,11114.556454166486
29209,11114.556454166486
29210,11114.556454166486
29211,11114.556454166486
29212,11114.556454166486
29213,11114.556454166486
29214,11114.556454166486
29215,11114.556454166486
29216,11114.556454166486
29217,11114.556454166486
29218,11114.556454166486
29219,11114.556454166486
29220,11114.556454166486
29221,11114.556454166486
29222,11114.556454166486
29223,11114.556454166486
29224,11114.556454166486
29225,11114.556454166486
29226,11114.556454166486
29227,11114.556454166486
29228,11114.556454166486
29229,11114.556454166486
29230,11114.556454166486
29231,11114.556454166486
29232,11114.556454166486
29233,11114.556454166486
29234,11114.556454166486
29235,11114.556454166486
29236,11114.556454166486
29237,11114.556454166486
29238,11114.556454166486
29239,11114.556454166486
29240,11114.556454166486
29241,11114.556454166486
29242,11114.556454166486
29243,11114.556454166486
29244,11114.556454166486
29245,11114.556454166486
29246,11114.556454166486
29247,11114.556454166486
29248,11114.556454166486
29249,11114.556454166486
29250,11114.556454166486
29251,51728.66577135734
29252,51728.66577135734
29253,51728.66577135734
29254,51728.66577135734
29255,51728.66577135734
29256,51728.66577135734
29257,51728.66577135734
29258,51728.66577135734
29259,51728.66577135734
29260,51728.66577135734
29261,51728.66577135734
29262,51728.66577135734
29263,51728.66577135734
29264,51728.66577135734
29265,51728.66577135734
29266,51728.66577135734
29267,51728.66577135734
29268,51728.66577135734
29269,51728.66577135734
29270,51728.66577135734
29271,51728.66577135734
29272,51728.66577135734
29273,51728.66577135734
29274,51728.66577135734
29275,51728.66577135734
29276,51728.66577135734
29277,51728.66577135734
29278,51728.66577135734
29279,51728.66577135734
29280,51728.66577135734
29281,51728.66577135734
29282,51728.66577135734
29283,51728.66577135734
29284,51728.66577135734
29285,51728.66577135734
29286,51728.66577135734
29287,51728.66577135734
29288,51728.66577135734
29289,51728.66577135734
29290,51728.66577135734
29291,51728.66577135734
29292,51728.66577135734
29293,51728.66577135734
29294,51728.66577135734
29295,51728.66577135734
29296,51728.66577135734
29297,51728.66577135734
29298,51728.66577135734
29299,51728.66577135734
29300,51728.66577135734
29301,51728.66577135734
29302,51728.66577135734
29303,51728.66577135734
29304,51728.66577135734
29305,51728.66577135734
29306,51728.66577135734
29307,51728.66577135734
29308,51728.66577135734
29309,51728.66577135734
29310,51728.66577135734
29311,51728.66577135734
29312,51728.66577135734
29313,51728.66577135734
29314,51728.66577135734
29315,51728.66577135734
29316,51728.66577135734
29317,51728.66577135734
29318,51728.66577135734
29319,51728.66577135734
29320,51728.66577135734
29321,51728.66577135734
29322,51728.66577135734
29323,51728.66577135734
29324,51728.66577135734
29325,51728.66577135734
29326,51728.66577135734
29327,51728.66577135734
29328,51728.66577135734
29329,51728.66577135734
29330,51728.66577135734
29331,51728.66577135734
29332,51728.66577135734
29333,51728.66577135734
29334,51728.66577135734
29335,51728.66577135734
29336,51728.66577135734
29337,51728.66577135734
29338,51728.66577135734
29339,51728.66577135734
29340,51728.66577135734
29341,51728.66577135734
29342,51728.66577135734
29343,51728.66577135734
29344,51728.66577135734
29345,51728.66577135734
29346,51728.66577135734
29347,51728.66577135734
29348,51728.66577135734
29349,51728.66577135734
29350,51728.66577135734
29351,51728.66577135734
29352,51728.66577135734
29353,51728.66577135734
29354,51728.66577135734
29355,51728.66577135734
29356,51728.66577135734
29357,51728.66577135734
29358,51728.66577135734
29359,51728.66577135734
29360,51728.66577135734
29361,51728.66577135734
29362,51728.66577135734
29363,51728.66577135734
29364,51728.66577135734
29365,51728.66577135734
29366,51728.66577135734
29367,51728.66577135734
29368,51728.66577135734
29369,51728.66577135734
29370,51728.66577135734
29371,51728.66577135734
29372,51728.66577135734
29373,51728.66577135734
29374,51728.66577135734
29375,51728.66577135734
29376,51728.66577135734
29377,51728.66577135734
29378,51728.66577135734
29379,51728.66577135734
29380,51728.66577135734
29381,51728.66577135734
29382,51728.66577135734
29383,51728.66577135734
29384,51728.66577135734
29385,51728.66577135734
29386,51728.66577135734
29387,51728.66577135734
29388,51728.66577135734
29389,51728.66577135734
29390,51728.66577135734
29391,51728.66577135734
29392,51728.66577135734
29393,51728.66577135734
29394,51728.66577135734
29395,51728.66577135734
29396,51728.66577135734
29397,51728.66577135734
29398,51728.66577135734
29399,51728.66577135734
29400,51728.66577135734
29401,2747.1539213904775
29402,2747.1539213904775
29403,2747.1539213904775
29404,2747.1539213904775
29405,2747.1539213904775
29406,2747.1539213904775
29407,2747.1539213904775
29408,2747.1539213904775
29409,2747.1539213904775
29410,2747.1539213904775
29411,2747.1539213904775
29412,2747.1539213904775
29413,2747.1539213904775
29414,2747.1539213904775
29415,2747.1539213904775
29416,2747.1539213904775
29417,2747.1539213904775
29418,2747.1539213904775
29419,2747.1539213904775
29420,2747.1539213904775
29421,2747.1539213904775
29422,2747.1539213904775
29423,2747.1539213904775
29424,2747.1539213904775
29425,2747.1539213904775
29426,2747.1539213904775
29427,2747.1539213904775
29428,2747.1539213904775
29429,2747.1539213904775
29430,2747.1539213904775
29431,2747.1539213904775
29432,2747.1539213904775
29433,2747.1539213904775
29434,2747.1539213904775
29435,2747.1539213904775
29436,2747.1539213904775
29437,2747.1539213904775
29438,2747.1539213904775
29439,2747.1539213904775
29440,2747.1539213904775
29441,2747.1539213904775
29442,2747.1539213904775
29443,2747.1539213904775
29444,2747.1539213904775
29445,2747.1539213904775
29446,2747.1539213904775
29447,2747.1539213904775
29448,2747.1539213904775
29449,2747.1539213904775
29450,2747.1539213904775
29451,2747.1539213904775
29452,2747.1539213904775
29453,2747.1539213904775
29454,2747.1539213904775
29455,2747.1539213904775
29456,2747.1539213904775
29457,2747.1539213904775
29458,2747.1539213904775
29459,2747.1539213904775
29460,2747.1539213904775
29461,2747.1539213904775
29462,2747.1539213904775
29463,2747.1539213904775
29464,2747.1539213904775
29465,2747.1539213904775
29466,2747.1539213904775
29467,2747.1539213904775
29468,2747.1539213904775
29469,2747.1539213904775
29470,2747.1539213904775
29471,2747.1539213904775
29472,2747.1539213904775
29473,2747.1539213904775
29474,2747.1539213904775
29475,2747.1539213904775
29476,2747.1539213904775
29477,2747.1539213904775
29478,2747.1539213904775
29479,2747.1539213904775
29480,2747.1539213904775
29481,2747.1539213904775
29482,2747.1539213904775
29483,2747.1539213904775
29484,2747.1539213904775
29485,2747.1539213904775
29486,2747.1539213904775
29487,2747.1539213904775
29488,2747.1539213904775
29489,2747.1539213904775
29490,2747.1539213904775
29491,2747.1539213904775
29492,2747.1539213904775
29493,2747.1539213904775
29494,2747.1539213904775
29495,2747.1539213904775
29496,2747.1539213904775
29497,2747.1539213904775
29498,2747.1539213904775
29499,2747.1539213904775
29500,2747.1539213904775
29501,2747.1539213904775
29502,2747.1539213904775
29503,2747.1539213904775
29504,2747.1539213904775
29505,2747.1539213904775
29506,2747.1539213904775
29507,2747.1539213904775
29508,2747.1539213904775
29509,2747.1539213904775
29510,2747.1539213904775
29511,2747.1539213904775
29512,2747.1539213904775
29513,2747.1539213904775
29514,2747.1539213904775
29515,2747.1539213904775
29516,2747.1539213904775
29517,2747.1539213904775
29518,2747.1539213904775
29519,2747.1539213904775
29520,2747.1539213904775
29521,2747.1539213904775
29522,2747.1539213904775
29523,2747.1539213904775
29524,2747.1539213904775
29525,2747.1539213904775
29526,2747.1539213904775
29527,2747.1539213904775
29528,2747.1539213904775
29529,2747.1539213904775
29530,2747.1539213904775
29531,2747.1539213904775
29532,2747.1539213904775
29533,2747.1539213904775
29534,2747.1539213904775
29535,2747.1539213904775
29536,2747.1539213904775
29537,2747.1539213904775
29538,2747.1539213904775
29539,2747.1539213904775
29540,2747.1539213904775
29541,2747.1539213904775
29542,2747.1539213904775
29543,2747.1539213904775
29544,2747.1539213904775
29545,2747.1539213904775
29546,2747.1539213904775
29547,2747.1539213904775
29548,2747.1539213904775
29549,2747.1539213904775
29550,2747.1539213904775
29551,21712.546492406414
29552,21712.546492406414
29553,21712.546492406414
29554,21712.546492406414
29555,21712.546492406414
29556,21712.546492406414
29557,21712.546492406414
29558,21712.546492406414
29559,21712.546492406414
29560,21712.546492406414
29561,21712.546492406414
29562,21712.546492406414
29563,21712.546492406414
29564,21712.546492406414
29565,21712.546492406414
29566,21712.546492406414
29567,21712.546492406414
29568,21712.546492406414
29569,21712.546492406414
29570,21712.546492406414
29571,21712.546492406414
29572,21712.546492406414
29573,21712.546492406414
29574,21712.546492406414
29575,21712.546492406414
29576,21712.546492406414
29577,21712.546492406414
29578,21712.546492406414
29579,21712.546492406414
29580,21712.546492406414
29581,21712.546492406414
29582,21712.546492406414
29583,21712.546492406414
29584,21712.546492406414
29585,21712.546492406414
29586,21712.546492406414
29587,21712.546492406414
29588,21712.546492406414
29589,21712.546492406414
29590,21712.546492406414
29591,21712.546492406414
29592,21712.546492406414
29593,21712.546492406414
29594,21712.546492406414
29595,21712.546492406414
29596,21712.546492406414
29597,21712.546492406414
29598,21712.546492406414
29599,21712.546492406414
29600,21712.546492406414
29601,21712.546492406414
29602,21712.546492406414
29603,21712.546492406414
29604,21712.546492406414
29605,21712.546492406414
29606,21712.546492406414
29607,21712.546492406414
29608,21712.546492406414
29609,21712.546492406414
29610,21712.546492406414
29611,21712.546492406414
29612,21712.546492406414
29613,21712.546492406414
29614,21712.546492406414
29615,21712.546492406414
29616,21712.546492406414
29617,21712.546492406414
29618,21712.546492406414
29619,21712.546492406414
29620,21712.546492406414
29621,21712.546492406414
29622,21712.546492406414
29623,21712.546492406414
29624,21712.546492406414
29625,21712.546492406414
29626,21712.546492406414
29627,21712.546492406414
29628,21712.546492406414
29629,21712.546492406414
29630,21712.546492406414
29631,21712.546492406414
29632,21712.546492406414
29633,21712.546492406414
29634,21712.546492406414
29635,21712.546492406414
29636,21712.546492406414
29637,21712.546492406414
29638,21712.546492406414
29639,21712.546492406414
29640,21712.546492406414
29641,21712.546492406414
29642,21712.546492406414
29643,21712.546492406414
29644,21712.546492406414
29645,21712.546492406414
29646,21712.546492406414
29647,21712.546492406414
29648,21712.546492406414
29649,21712.546492406414
29650,21712.546492406414
29651,21712.546492406414
29652,21712.546492406414
29653,21712.546492406414
29654,21712.546492406414
29655,21712.546492406414
29656,21712.546492406414
29657,21712.546492406414
29658,21712.546492406414
29659,21712.546492406414
29660,21712.546492406414
29661,21712.546492406414
29662,21712.546492406414
29663,21712.546492406414
29664,21712.546492406414
29665,21712.546492406414
29666,21712.546492406414
29667,21712.546492406414
29668,21712.546492406414
29669,21712.546492406414
29670,21712.546492406414
29671,21712.546492406414
29672,21712.546492406414
29673,21712.546492406414
29674,21712.546492406414
29675,21712.546492406414
29676,21712.546492406414
29677,21712.546492406414
29678,21712.546492406414
29679,21712.546492406414
29680,21712.546492406414
29681,21712.546492406414
29682,21712.546492406414
29683,21712.546492406414
29684,21712.546492406414
29685,21712.546492406414
29686,21712.546492406414
29687,21712.546492406414
29688,21712.546492406414
29689,21712.546492406414
29690,21712.546492406414
29691,21712.546492406414
29692,21712.546492406414
29693,21712.546492406414
29694,21712.546492406414
29695,21712.546492406414
29696,21712.546492406414
29697,21712.546492406414
29698,21712.546492406414
29699,21712.546492406414
29700,21712.546492406414
29701,1494.1736765466962
29702,1494.1736765466962
29703,1494.1736765466962
29704,1494.1736765466962
29705,1494.1736765466962
29706,1494.1736765466962
29707,1494.1736765466962
29708,1494.1736765466962
29709,1494.1736765466962
29710,1494.1736765466962
29711,1494.1736765466962
29712,1494.1736765466962
29713,1494.1736765466962
29714,1494.1736765466962
29715,1494.1736765466962
29716,1494.1736765466962
29717,1494.1736765466962
29718,1494.1736765466962
29719,1494.1736765466962
29720,1494.1736765466962
29721,1494.1736765466962
29722,1494.1736765466962
29723,1494.1736765466962
29724,1494.1736765466962
29725,1494.1736765466962
29726,1494.1736765466962
29727,1494.1736765466962
29728,1494.1736765466962
29729,1494.1736765466962
29730,1494.1736765466962
29731,1494.1736765466962
29732,1494.1736765466962
29733,1494.1736765466962
29734,1494.1736765466962
29735,1494.1736765466962
29736,1494.1736765466962
29737,1494.1736765466962
29738,1494.1736765466962
29739,1494.1736765466962
29740,1494.1736765466962
29741,1494.1736765466962
29742,1494.1736765466962
29743,1494.1736765466962
29744,1494.1736765466962
29745,1494.1736765466962
29746,1494.1736765466962
29747,1494.1736765466962
29748,1494.1736765466962
29749,1494.1736765466962
29750,1494.1736765466962
29751,1494.1736765466962
29752,1494.1736765466962
29753,1494.1736765466962
29754,1494.1736765466962
29755,1494.1736765466962
29756,1494.1736765466962
29757,1494.1736765466962
29758,1494.1736765466962
29759,1494.1736765466962
29760,1494.1736765466962
29761,1494.1736765466962
29762,1494.1736765466962
29763,1494.1736765466962
29764,1494.1736765466962
29765,1494.1736765466962
29766,1494.1736765466962
29767,1494.1736765466962
29768,1494.1736765466962
29769,1494.1736765466962
29770,1494.1736765466962
29771,1494.1736765466962
29772,1494.1736765466962
29773,1494.1736765466962
29774,1494.1736765466962
29775,1494.1736765466962
29776,1494.1736765466962
29777,1494.1736765466962
29778,1494.1736765466962
29779,1494.1736765466962
29780,1494.1736765466962
29781,1494.1736765466962
29782,1494.1736765466962
29783,1494.1736765466962
29784,1494.1736765466962
29785,1494.1736765466962
29786,1494.1736765466962
29787,1494.1736765466962
29788,1494.1736765466962
29789,1494.1736765466962
29790,1494.1736765466962
29791,1494.1736765466962
29792,1494.1736765466962
29793,1494.1736765466962
29794,1494.1736765466962
29795,1494.1736765466962
29796,1494.1736765466962
29797,1494.1736765466962
29798,1494.1736765466962
29799,1494.1736765466962
29800,1494.1736765466962
29801,1494.1736765466962
29802,1494.1736765466962
29803,1494.1736765466962
29804,1494.1736765466962
29805,1494.1736765466962
29806,1494.1736765466962
29807,1494.1736765466962
29808,1494.1736765466962
29809,1494.1736765466962
29810,1494.1736765466962
29811,1494.1736765466962
29812,1494.1736765466962
29813,1494.1736765466962
29814,1494.1736765466962
29815,1494.1736765466962
29816,1494.1736765466962
29817,1494.1736765466962
29818,1494.1736765466962
29819,1494.1736765466962
29820,1494.1736765466962
29821,1494.1736765466962
29822,1494.1736765466962
29823,1494.1736765466962
29824,1494.1736765466962
29825,1494.1736765466962
29826,1494.1736765466962
29827,1494.1736765466962
29828,1494.1736765466962
29829,1494.1736765466962
29830,1494.1736765466962
29831,1494.1736765466962
29832,1494.1736765466962
29833,1494.1736765466962
29834,1494.1736765466962
29835,1494.1736765466962
29836,1494.1736765466962
29837,1494.1736765466962
29838,1494.1736765466962
29839,1494.1736765466962
29840,1494.1736765466962
29841,1494.1736765466962
29842,1494.1736765466962
29843,1494.1736765466962
29844,1494.1736765466962
29845,1494.1736765466962
29846,1494.1736765466962
29847,1494.1736765466962
29848,1494.1736765466962
29849,1494.1736765466962
29850,1494.1736765466962
29851,1494.1736765466962
29852,1494.1736765466962
29853,1494.1736765466962
29854,1494.1736765466962
29855,1494.1736765466962
29856,1494.1736765466962
29857,1494.1736765466962
29858,1494.1736765466962
29859,1494.1736765466962
29860,1494.1736765466962
29861,1494.1736765466962
29862,1494.1736765466962
29863,1494.1736765466962
29864,1494.1736765466962
29865,1494.1736765466962
29866,1494.1736765466962
29867,1494.1736765466962
29868,1494.1736765466962
29869,1494.1736765466962
29870,1494.1736765466962
29871,1494.1736765466962
29872,1494.1736765466962
29873,1494.1736765466962
29874,1494.1736765466962
29875,1494.1736765466962
29876,1494.1736765466962
29877,1494.1736765466962
29878,1494.1736765466962
29879,1494.1736765466962
29880,1494.1736765466962
29881,1494.1736765466962
29882,1494.1736765466962
29883,1494.1736765466962
29884,1494.1736765466962
29885,1494.1736765466962
29886,1494.1736765466962
29887,1494.1736765466962
29888,1494.1736765466962
29889,1494.1736765466962
29890,1494.1736765466962
29891,1494.1736765466962
29892,1494.1736765466962
29893,1494.1736765466962
29894,1494.1736765466962
29895,1494.1736765466962
29896,1494.1736765466962
29897,1494.1736765466962
29898,1494.1736765466962
29899,1494.1736765466962
29900,1494.1736765466962
29901,1494.1736765466962
29902,1494.1736765466962
29903,1494.1736765466962
29904,1494.1736765466962
29905,1494.1736765466962
29906,1494.1736765466962
29907,1494.1736765466962
29908,1494.1736765466962
29909,1494.1736765466962
29910,1494.1736765466962
29911,1494.1736765466962
29912,1494.1736765466962
29913,1494.1736765466962
29914,1494.1736765466962
29915,1494.1736765466962
29916,1494.1736765466962
29917,1494.1736765466962
29918,1494.1736765466962
29919,1494.1736765466962
29920,1494.1736765466962
29921,1494.1736765466962
29922,1494.1736765466962
29923,1494.1736765466962
29924,1494.1736765466962
29925,1494.1736765466962
29926,1494.1736765466962
29927,1494.1736765466962
29928,1494.1736765466962
29929,1494.1736765466962
29930,1494.1736765466962
29931,1494.1736765466962
29932,1494.1736765466962
29933,1494.1736765466962
29934,1494.1736765466962
29935,1494.1736765466962
29936,1494.1736765466962
29937,1494.1736765466962
29938,1494.1736765466962
29939,1494.1736765466962
29940,1494.1736765466962
29941,1494.1736765466962
29942,1494.1736765466962
29943,1494.1736765466962
29944,1494.1736765466962
29945,1494.1736765466962
29946,1494.1736765466962
29947,1494.1736765466962
29948,1494.1736765466962
29949,1494.1736765466962
29950,1494.1736765466962
29951,1494.1736765466962
29952,1494.1736765466962
29953,1494.1736765466962
29954,1494.1736765466962
29955,1494.1736765466962
29956,1494.1736765466962
29957,1494.1736765466962
29958,1494.1736765466962
29959,1494.1736765466962
29960,1494.1736765466962
29961,1494.1736765466962
29962,1494.1736765466962
29963,1494.1736765466962
29964,1494.1736765466962
29965,1494.1736765466962
29966,1494.1736765466962
29967,1494.1736765466962
29968,1494.1736765466962
29969,1494.1736765466962
29970,1494.1736765466962
29971,1494.1736765466962
29972,1494.1736765466962
29973,1494.1736765466962
29974,1494.1736765466962
29975,1494.1736765466962
29976,1494.1736765466962
29977,1494.1736765466962
29978,1494.1736765466962
29979,1494.1736765466962
29980,1494.1736765466962
29981,1494.1736765466962
29982,1494.1736765466962
29983,1494.1736765466962
29984,1494.1736765466962
29985,1494.1736765466962
29986,1494.1736765466962
29987,1494.1736765466962
29988,1494.1736765466962
29989,1494.1736765466962
29990,1494.1736765466962
29991,1494.1736765466962
29992,1494.1736765466962
29993,1494.1736765466962
29994,1494.1736765466962
29995,1494.1736765466962
29996,1494.1736765466962
29997,1494.1736765466962
29998,1494.1736765466962
29999,1494.1736765466962
30000,1494.1736765466962
30001,1494.1736765466962
30002,1494.1736765466962
30003,1494.1736765466962
30004,1494.1736765466962
30005,1494.1736765466962
30006,1494.1736765466962
30007,1494.1736765466962
30008,1494.1736765466962
30009,1494.1736765466962
30010,1494.1736765466962
30011,1494.1736765466962
30012,1494.1736765466962
30013,1494.1736765466962
30014,1494.1736765466962
30015,1494.1736765466962
30016,1494.1736765466962
30017,1494.1736765466962
30018,1494.1736765466962
30019,1494.1736765466962
30020,1494.1736765466962
30021,1494.1736765466962
30022,1494.1736765466962
30023,1494.1736765466962
30024,1494.1736765466962
30025,1494.1736765466962
30026,1494.1736765466962
30027,1494.1736765466962
30028,1494.1736765466962
30029,1494.1736765466962
30030,1494.1736765466962
30031,1494.1736765466962
30032,1494.1736765466962
30033,1494.1736765466962
30034,1494.1736765466962
30035,1494.1736765466962
30036,1494.1736765466962
30037,1494.1736765466962
30038,1494.1736765466962
30039,1494.1736765466962
30040,1494.1736765466962
30041,1494.1736765466962
30042,1494.1736765466962
30043,1494.1736765466962
30044,1494.1736765466962
30045,1494.1736765466962
30046,1494.1736765466962
30047,1494.1736765466962
30048,1494.1736765466962
30049,1494.1736765466962
30050,1494.1736765466962
30051,1494.1736765466962
30052,1494.1736765466962
30053,1494.1736765466962
30054,1494.1736765466962
30055,1494.1736765466962
30056,1494.1736765466962
30057,1494.1736765466962
30058,1494.1736765466962
30059,1494.1736765466962
30060,1494.1736765466962
30061,1494.1736765466962
30062,1494.1736765466962
30063,1494.1736765466962
30064,1494.1736765466962
30065,1494.1736765466962
30066,1494.1736765466962
30067,1494.1736765466962
30068,1494.1736765466962
30069,1494.1736765466962
30070,1494.1736765466962
30071,1494.1736765466962
30072,1494.1736765466962
30073,1494.1736765466962
30074,1494.1736765466962
30075,1494.1736765466962
30076,1494.1736765466962
30077,1494.1736765466962
30078,1494.1736765466962
30079,1494.1736765466962
30080,1494.1736765466962
30081,1494.1736765466962
30082,1494.1736765466962
30083,1494.1736765466962
30084,1494.1736765466962
30085,1494.1736765466962
30086,1494.1736765466962
30087,1494.1736765466962
30088,1494.1736765466962
30089,1494.1736765466962
30090,1494.1736765466962
30091,1494.1736765466962
30092,1494.1736765466962
30093,1494.1736765466962
30094,1494.1736765466962
30095,1494.1736765466962
30096,1494.1736765466962
30097,1494.1736765466962
30098,1494.1736765466962
30099,1494.1736765466962
30100,1494.1736765466962
30101,1494.1736765466962
30102,1494.1736765466962
30103,1494.1736765466962
30104,1494.1736765466962
30105,1494.1736765466962
30106,1494.1736765466962
30107,1494.1736765466962
30108,1494.1736765466962
30109,1494.1736765466962
30110,1494.1736765466962
30111,1494.1736765466962
30112,1494.1736765466962
30113,1494.1736765466962
30114,1494.1736765466962
30115,1494.1736765466962
30116,1494.1736765466962
30117,1494.1736765466962
30118,1494.1736765466962
30119,1494.1736765466962
30120,1494.1736765466962
30121,1494.1736765466962
30122,1494.1736765466962
30123,1494.1736765466962
30124,1494.1736765466962
30125,1494.1736765466962
30126,1494.1736765466962
30127,1494.1736765466962
30128,1494.1736765466962
30129,1494.1736765466962
30130,1494.1736765466962
30131,1494.1736765466962
30132,1494.1736765466962
30133,1494.1736765466962
30134,1494.1736765466962
30135,1494.1736765466962
30136,1494.1736765466962
30137,1494.1736765466962
30138,1494.1736765466962
30139,1494.1736765466962
30140,1494.1736765466962
30141,1494.1736765466962
30142,1494.1736765466962
30143,1494.1736765466962
30144,1494.1736765466962
30145,1494.1736765466962
30146,1494.1736765466962
30147,1494.1736765466962
30148,1494.1736765466962
30149,1494.1736765466962
30150,1494.1736765466962
30151,16628.154628946388
30152,16628.154628946388
30153,16628.154628946388
30154,16628.154628946388
30155,16628.154628946388
30156,16628.154628946388
30157,16628.154628946388
30158,16628.154628946388
30159,16628.154628946388
30160,16628.154628946388
30161,16628.154628946388
30162,16628.154628946388
30163,16628.154628946388
30164,16628.154628946388
30165,16628.154628946388
30166,16628.154628946388
30167,16628.154628946388
30168,16628.154628946388
30169,16628.154628946388
30170,16628.154628946388
30171,16628.154628946388
30172,16628.154628946388
30173,16628.154628946388
30174,16628.154628946388
30175,16628.154628946388
30176,16628.154628946388
30177,16628.154628946388
30178,16628.154628946388
30179,16628.154628946388
30180,16628.154628946388
30181,16628.154628946388
30182,16628.154628946388
30183,16628.154628946388
30184,16628.154628946388
30185,16628.154628946388
30186,16628.154628946388
30187,16628.154628946388
30188,16628.154628946388
30189,16628.154628946388
30190,16628.154628946388
30191,16628.154628946388
30192,16628.154628946388
30193,16628.154628946388
30194,16628.154628946388
30195,16628.154628946388
30196,16628.154628946388
30197,16628.154628946388
30198,16628.154628946388
30199,16628.154628946388
30200,16628.154628946388
30201,16628.154628946388
30202,16628.154628946388
30203,16628.154628946388
30204,16628.154628946388
30205,16628.154628946388
30206,16628.154628946388
30207,16628.154628946388
30208,16628.154628946388
30209,16628.154628946388
30210,16628.154628946388
30211,16628.154628946388
30212,16628.154628946388
30213,16628.154628946388
30214,16628.154628946388
30215,16628.154628946388
30216,16628.154628946388
30217,16628.154628946388
30218,16628.154628946388
30219,16628.154628946388
30220,16628.154628946388
30221,16628.154628946388
30222,16628.154628946388
30223,16628.154628946388
30224,16628.154628946388
30225,16628.154628946388
30226,16628.154628946388
30227,16628.154628946388
30228,16628.154628946388
30229,16628.154628946388
30230,16628.154628946388
30231,16628.154628946388
30232,16628.154628946388
30233,16628.154628946388
30234,16628.154628946388
30235,16628.154628946388
30236,16628.154628946388
30237,16628.154628946388
30238,16628.154628946388
30239,16628.154628946388
30240,16628.154628946388
30241,16628.154628946388
30242,16628.154628946388
30243,16628.154628946388
30244,16628.154628946388
30245,16628.154628946388
30246,16628.154628946388
30247,16628.154628946388
30248,16628.154628946388
30249,16628.154628946388
30250,16628.154628946388
30251,16628.154628946388
30252,16628.154628946388
30253,16628.154628946388
30254,16628.154628946388
30255,16628.154628946388
30256,16628.154628946388
30257,16628.154628946388
30258,16628.154628946388
30259,16628.154628946388
30260,16628.154628946388
30261,16628.154628946388
30262,16628.154628946388
30263,16628.154628946388
30264,16628.154628946388
30265,16628.154628946388
30266,16628.154628946388
30267,16628.154628946388
30268,16628.154628946388
30269,16628.154628946388
30270,16628.154628946388
30271,16628.154628946388
30272,16628.154628946388
30273,16628.154628946388
30274,16628.154628946388
30275,16628.154628946388
30276,16628.154628946388
30277,16628.154628946388
30278,16628.154628946388
30279,16628.154628946388
30280,16628.154628946388
30281,16628.154628946388
30282,16628.154628946388
30283,16628.154628946388
30284,16628.154628946388
30285,16628.154628946388
30286,16628.154628946388
30287,16628.154628946388
30288,16628.154628946388
30289,16628.154628946388
30290,16628.154628946388
30291,16628.154628946388
30292,16628.154628946388
30293,16628.154628946388
30294,16628.154628946388
30295,16628.154628946388
30296,16628.154628946388
30297,16628.154628946388
30298,16628.154628946388
30299,16628.154628946388
30300,16628.154628946388
30301,16806.39908406616
30302,16806.39908406616
30303,16806.39908406616
30304,16806.39908406616
30305,16806.39908406616
30306,16806.39908406616
30307,16806.39908406616
30308,16806.39908406616
30309,16806.39908406616
30310,16806.39908406616
30311,16806.39908406616
30312,16806.39908406616
30313,16806.39908406616
30314,16806.39908406616
30315,16806.39908406616
30316,16806.39908406616
30317,16806.39908406616
30318,16806.39908406616
30319,16806.39908406616
30320,16806.39908406616
30321,16806.39908406616
30322,16806.39908406616
30323,16806.39908406616
30324,16806.39908406616
30325,16806.39908406616
30326,16806.39908406616
30327,16806.39908406616
30328,16806.39908406616
30329,16806.39908406616
30330,16806.39908406616
30331,16806.39908406616
30332,16806.39908406616
30333,16806.39908406616
30334,16806.39908406616
30335,16806.39908406616
30336,16806.39908406616
30337,16806.39908406616
30338,16806.39908406616
30339,16806.39908406616
30340,16806.39908406616
30341,16806.39908406616
30342,16806.39908406616
30343,16806.39908406616
30344,16806.39908406616
30345,16806.39908406616
30346,16806.39908406616
30347,16806.39908406616
30348,16806.39908406616
30349,16806.39908406616
30350,16806.39908406616
30351,16806.39908406616
30352,16806.39908406616
30353,16806.39908406616
30354,16806.39908406616
30355,16806.39908406616
30356,16806.39908406616
30357,16806.39908406616
30358,16806.39908406616
30359,16806.39908406616
30360,16806.39908406616
30361,16806.39908406616
30362,16806.39908406616
30363,16806.39908406616
30364,16806.39908406616
30365,16806.39908406616
30366,16806.39908406616
30367,16806.39908406616
30368,16806.39908406616
30369,16806.39908406616
30370,16806.39908406616
30371,16806.39908406616
30372,16806.39908406616
30373,16806.39908406616
30374,16806.39908406616
30375,16806.39908406616
30376,16806.39908406616
30377,16806.39908406616
30378,16806.39908406616
30379,16806.39908406616
30380,16806.39908406616
30381,16806.39908406616
30382,16806.39908406616
30383,16806.39908406616
30384,16806.39908406616
30385,16806.39908406616
30386,16806.39908406616
30387,16806.39908406616
30388,16806.39908406616
30389,16806.39908406616
30390,16806.39908406616
30391,16806.39908406616
30392,16806.39908406616
30393,16806.39908406616
30394,16806.39908406616
30395,16806.39908406616
30396,16806.39908406616
30397,16806.39908406616
30398,16806.39908406616
30399,16806.39908406616
30400,16806.39908406616
30401,16806.39908406616
30402,16806.39908406616
30403,16806.39908406616
30404,16806.39908406616
30405,16806.39908406616
30406,16806.39908406616
30407,16806.39908406616
30408,16806.39908406616
30409,16806.39908406616
30410,16806.39908406616
30411,16806.39908406616
30412,16806.39908406616
30413,16806.39908406616
30414,16806.39908406616
30415,16806.39908406616
30416,16806.39908406616
30417,16806.39908406616
30418,16806.39908406616
30419,16806.39908406616
30420,16806.39908406616
30421,16806.39908406616
30422,16806.39908406616
30423,16806.39908406616
30424,16806.39908406616
30425,16806.39908406616
30426,16806.39908406616
30427,16806.39908406616
30428,16806.39908406616
30429,16806.39908406616
30430,16806.39908406616
30431,16806.39908406616
30432,16806.39908406616
30433,16806.39908406616
30434,16806.39908406616
30435,16806.39908406616
30436,16806.39908406616
30437,16806.39908406616
30438,16806.39908406616
30439,16806.39908406616
30440,16806.39908406616
30441,16806.39908406616
30442,16806.39908406616
30443,16806.39908406616
30444,16806.39908406616
30445,16806.39908406616
30446,16806.39908406616
30447,16806.39908406616
30448,16806.39908406616
30449,16806.39908406616
30450,16806.39908406616
